date,revenue,transactions,qty_sold,day_of_week,week_of_year,month,year,is_weekend,is_holiday,is_ramadan
2025-03-20,1346906.1,161.0,419.0,3,12,3,2025,0,0,1
2025-03-21,647868.1,80.0,218.0,4,12,3,2025,0,0,1
2025-03-22,2373438.8,287.0,691.0,5,12,3,2025,1,0,1
2025-03-23,2674919.0,230.0,778.0,6,12,3,2025,1,0,1
2025-03-24,2464367.2,274.0,690.0,0,13,3,2025,0,0,1
2025-03-25,2342627.0,246.0,676.0,1,13,3,2025,0,0,1
2025-03-26,2255535.2,218.0,666.0,2,13,3,2025,0,0,1
2025-03-27,2099680.2,218.0,641.0,3,13,3,2025,0,0,1
2025-03-28,1943481.6,226.0,601.0,4,13,3,2025,0,0,1
2025-03-29,1763737.5,222.0,530.0,5,13,3,2025,1,0,1
2025-03-30,1000928.75,176.0,289.0,6,13,3,2025,1,0,1
2025-03-31,581481.9,91.0,158.0,0,14,3,2025,0,0,1
2025-04-01,2093630.0,323.0,614.0,1,14,4,2025,0,0,0
2025-04-02,2649926.8,270.0,786.0,2,14,4,2025,0,0,0
2025-04-03,877186.5,87.0,268.0,3,14,4,2025,0,0,0
2025-04-04,1726413.1,218.0,600.0,4,14,4,2025,0,0,0
2025-04-05,2075237.1,151.0,679.0,5,14,4,2025,1,0,0
2025-04-06,1759645.0,216.0,586.0,6,14,4,2025,1,0,0
2025-04-07,1703971.4,176.0,544.0,0,15,4,2025,0,0,0
2025-04-08,1443515.0,138.0,466.0,1,15,4,2025,0,0,0
2025-04-09,650856.7,60.0,221.0,2,15,4,2025,0,0,0
2025-04-10,601930.3,50.0,208.0,3,15,4,2025,0,0,0
2025-04-11,2474922.8,316.0,712.0,4,15,4,2025,0,0,0
2025-04-12,2207690.0,208.0,533.0,5,15,4,2025,1,0,0
2026-04-14,1454998.6,172.0,452.0,1,16,4,2026,0,0,0
2026-04-15,1820996.9,213.0,578.0,2,16,4,2026,0,0,0
2026-04-16,1126629.5,157.0,360.0,3,16,4,2026,0,0,0
2026-04-17,1861609.9,204.0,606.0,4,16,4,2026,0,0,0
2026-04-18,1748138.2,222.0,545.0,5,16,4,2026,1,0,0
2026-04-19,1520463.9,215.0,454.0,6,16,4,2026,1,0,0
2026-04-20,1572240.5,195.0,466.0,0,17,4,2026,0,0,0
2026-04-21,1670622.0,181.0,501.0,1,17,4,2026,0,0,0
2026-04-22,1731015.8,196.0,528.0,2,17,4,2026,0,0,0
2026-04-23,1764595.0,207.0,542.0,3,17,4,2026,0,0,0
2026-04-24,1703840.0,215.0,522.0,4,17,4,2026,0,0,0
2026-04-25,1426122.9,172.0,434.0,5,17,4,2026,1,0,0
2026-04-26,635231.75,98.0,205.0,6,17,4,2026,1,0,0
2026-04-27,590678.3,46.0,190.0,0,18,4,2026,0,0,0
2026-04-28,2585993.8,305.0,753.0,1,18,4,2026,0,0,0
2026-04-29,2889925.5,277.0,792.0,2,18,4,2026,0,0,0
2026-04-30,333484.06,30.0,76.0,3,18,4,2026,0,0,0
2026-05-01,265071.3,35.0,86.0,4,18,5,2026,0,0,0
2026-05-02,273926.5,50.0,84.0,5,18,5,2026,1,0,0
2026-05-03,577387.0,81.0,172.0,6,18,5,2026,1,0,0
2026-05-04,976127.56,100.0,305.0,0,19,5,2026,0,0,0
2026-05-05,1175934.2,137.0,390.0,1,19,5,2026,0,0,0
2026-05-06,1076154.9,129.0,356.0,2,19,5,2026,0,0,0
2026-05-07,479394.34,55.0,164.0,3,19,5,2026,0,0,0
2025-04-10,1346255.9,161.0,419.0,3,15,4,2025,0,0,0
2025-04-11,1604494.4,181.0,506.0,4,15,4,2025,0,0,0
2025-04-12,1714159.8,207.0,542.0,5,15,4,2025,1,0,0
2025-04-13,862776.1,115.0,278.0,6,15,4,2025,1,0,0
2025-04-14,421935.38,51.0,142.0,0,16,4,2025,0,0,0
2025-04-15,498628.56,43.0,161.0,1,16,4,2025,0,0,0
2025-04-16,631870.0,85.0,198.0,2,16,4,2025,0,0,0
2025-04-17,902219.0,91.0,286.0,3,16,4,2025,0,0,0
2025-04-18,1108892.0,129.0,367.0,4,16,4,2025,0,0,0
2025-04-19,1267316.0,154.0,429.0,5,16,4,2025,1,0,0
2025-04-20,1322260.5,193.0,446.0,6,16,4,2025,1,0,0
2025-04-21,1367411.4,203.0,455.0,0,17,4,2025,0,0,0
2025-04-22,1272233.2,181.0,407.0,1,17,4,2025,0,0,0
2025-04-23,818626.56,116.0,264.0,2,17,4,2025,0,0,0
2025-04-24,443965.62,52.0,143.0,3,17,4,2025,0,0,0
2025-04-25,2514938.8,330.0,701.0,4,17,4,2025,0,0,0
2025-04-26,2881509.8,311.0,816.0,5,17,4,2025,1,0,0
2025-04-27,238686.66,28.0,56.0,6,17,4,2025,1,0,0
2025-04-28,969541.8,111.0,317.0,0,18,4,2025,0,0,0
2025-04-29,1184160.2,142.0,347.0,1,18,4,2025,0,0,0
2025-04-30,1129737.8,192.0,349.0,2,18,4,2025,0,0,0
2025-05-01,1044340.7,155.0,323.0,3,18,5,2025,0,0,0
2025-05-02,850831.06,123.0,258.0,4,18,5,2025,0,0,0
2025-05-03,451166.7,55.0,132.0,5,18,5,2025,1,0,0
2024-12-11,1357723.2,162.0,422.0,2,50,12,2024,0,0,0
2024-12-12,1009831.25,131.0,313.0,3,50,12,2024,0,0,0
2024-12-13,2060814.1,248.0,626.0,4,50,12,2024,0,0,0
2024-12-14,1929624.0,223.0,577.0,5,50,12,2024,1,0,0
2024-12-15,1715769.2,162.0,507.0,6,50,12,2024,1,0,0
2024-12-16,1430461.8,180.0,426.0,0,51,12,2024,0,0,0
2024-12-17,1440133.1,150.0,440.0,1,51,12,2024,0,0,0
2024-12-18,1468902.9,166.0,446.0,2,51,12,2024,0,0,0
2024-12-19,1457956.6,210.0,449.0,3,51,12,2024,0,0,0
2024-12-20,1558696.4,195.0,485.0,4,51,12,2024,0,0,0
2024-12-21,1553349.1,201.0,484.0,5,51,12,2024,1,0,0
2024-12-22,1438523.9,201.0,446.0,6,51,12,2024,1,0,0
2024-12-23,748561.56,97.0,236.0,0,52,12,2024,0,0,0
2024-12-24,429907.12,47.0,140.0,1,52,12,2024,0,0,0
2024-12-25,2461177.0,318.0,707.0,2,52,12,2024,0,0,0
2024-12-26,2835694.0,295.0,770.0,3,52,12,2024,0,0,0
2024-12-27,466319.75,46.0,105.0,4,52,12,2024,0,0,0
2024-12-28,181645.25,23.0,56.0,5,52,12,2024,1,0,0
2024-12-29,261284.81,49.0,80.0,6,52,12,2024,1,0,0
2024-12-30,603519.9,83.0,181.0,0,1,12,2024,0,0,0
2024-12-31,1015753.2,103.0,320.0,1,1,12,2024,0,0,0
2025-01-01,1269797.6,147.0,431.0,2,1,1,2025,0,1,0
2025-01-02,1361175.8,179.0,476.0,3,1,1,2025,0,1,0
2025-01-03,1328484.5,200.0,454.0,4,1,1,2025,0,1,0
2025-10-14,1353628.0,162.0,421.0,1,42,10,2025,0,0,0
2025-10-15,697992.56,86.0,234.0,2,42,10,2025,0,0,0
2025-10-16,2092657.4,274.0,631.0,3,42,10,2025,0,0,0
2025-10-17,2283151.0,214.0,666.0,4,42,10,2025,0,0,0
2025-10-18,2164818.8,174.0,612.0,5,42,10,2025,1,0,0
2025-10-19,1806944.9,207.0,521.0,6,42,10,2025,1,0,0
2025-10-20,1771393.1,169.0,537.0,0,43,10,2025,0,0,0
2025-10-21,1741855.1,172.0,538.0,1,43,10,2025,0,0,0
2025-10-22,1711926.4,198.0,535.0,2,43,10,2025,0,0,0
2025-10-23,1733968.1,207.0,544.0,3,43,10,2025,0,0,0
2025-10-24,1722546.6,223.0,539.0,4,43,10,2025,0,0,0
2025-10-25,1706952.6,224.0,529.0,5,43,10,2025,1,0,0
2025-10-26,1667609.2,218.0,511.0,6,43,10,2025,1,0,0
2025-10-27,1474656.8,194.0,441.0,0,44,10,2025,0,0,0
2025-10-28,663495.25,104.0,208.0,1,44,10,2025,0,0,0
2025-10-29,685480.8,58.0,215.0,2,44,10,2025,0,0,0
2025-10-30,2555345.5,305.0,762.0,3,44,10,2025,0,0,0
2025-10-31,2136763.2,123.0,556.0,4,44,10,2025,0,0,0
2025-11-01,2175068.8,302.0,587.0,5,44,11,2025,1,0,0
2025-11-02,2388536.5,289.0,617.0,6,44,11,2025,1,0,0
2025-11-03,2526345.5,203.0,675.0,0,45,11,2025,0,0,0
2025-11-04,2281495.8,232.0,609.0,1,45,11,2025,0,0,0
2025-11-05,2125168.0,218.0,604.0,2,45,11,2025,0,0,0
2025-11-06,2022692.1,223.0,594.0,3,45,11,2025,0,0,0
2024-09-24,1415220.8,168.0,440.0,1,39,9,2024,0,0,0
2024-09-25,1622320.5,185.0,510.0,2,39,9,2024,0,0,0
2024-09-26,1789924.4,212.0,567.0,3,39,9,2024,0,0,0
2024-09-27,945569.44,129.0,302.0,4,39,9,2024,0,0,0
2024-09-28,486715.3,61.0,161.0,5,39,9,2024,1,0,0
2024-09-29,574236.9,48.0,179.0,6,39,9,2024,1,0,0
2024-09-30,682772.25,96.0,209.0,0,40,9,2024,0,0,0
2024-10-01,939134.7,99.0,296.0,1,40,10,2024,0,0,0
2024-10-02,1132484.0,130.0,373.0,2,40,10,2024,0,0,0
2024-10-03,1262778.1,158.0,424.0,3,40,10,2024,0,0,0
2024-10-04,1349527.4,196.0,452.0,4,40,10,2024,0,0,0
2024-10-05,1392104.8,208.0,461.0,5,40,10,2024,1,0,0
2024-10-06,1325287.0,192.0,426.0,6,40,10,2024,1,0,0
2024-10-07,616991.56,86.0,201.0,0,41,10,2024,0,0,0
2024-10-08,977109.1,99.0,314.0,1,41,10,2024,0,0,0
2024-10-09,2691024.8,302.0,804.0,2,41,10,2024,0,0,0
2024-10-10,2398528.8,248.0,676.0,3,41,10,2024,0,0,0
2024-10-11,1247645.8,124.0,364.0,4,41,10,2024,0,0,0
2024-10-12,263008.72,33.0,80.0,5,41,10,2024,1,0,0
2024-10-13,405010.72,48.0,122.0,6,41,10,2024,1,0,0
2024-10-14,686702.8,86.0,210.0,0,42,10,2024,0,0,0
2024-10-15,1072560.8,105.0,349.0,1,42,10,2024,0,0,0
2024-10-16,1327395.9,153.0,464.0,2,42,10,2024,0,0,0
2024-10-17,1461241.4,190.0,526.0,3,42,10,2024,0,0,0
2025-03-20,1416233.0,168.0,440.0,3,12,3,2025,0,0,1
2025-03-21,1517210.5,175.0,474.0,4,12,3,2025,0,0,1
2025-03-22,1892234.5,217.0,606.0,5,12,3,2025,1,0,1
2025-03-23,1159187.6,162.0,368.0,6,12,3,2025,1,0,1
2025-03-24,713403.9,94.0,223.0,0,13,3,2025,0,0,1
2025-03-25,700256.0,80.0,205.0,1,13,3,2025,0,0,1
2025-03-26,750104.56,100.0,218.0,2,13,3,2025,0,0,1
2025-03-27,862271.1,119.0,255.0,3,13,3,2025,0,0,1
2025-03-28,1039923.1,124.0,320.0,4,13,3,2025,0,0,1
2025-03-29,998792.7,128.0,306.0,5,13,3,2025,1,0,1
2025-03-30,366372.06,46.0,111.0,6,13,3,2025,1,0,1
2025-03-31,1973434.8,252.0,542.0,0,14,3,2025,0,0,1
2025-04-01,2393106.0,337.0,717.0,1,14,4,2025,0,0,0
2025-04-02,1207409.4,100.0,343.0,2,14,4,2025,0,0,0
2025-04-03,2251579.8,283.0,675.0,3,14,4,2025,0,0,0
2025-04-04,2378582.0,236.0,741.0,4,14,4,2025,0,0,0
2025-04-05,2151497.8,290.0,668.0,5,14,4,2025,1,0,0
2025-04-06,2273077.8,210.0,701.0,6,14,4,2025,1,0,0
2025-04-07,2244690.0,182.0,706.0,0,15,4,2025,0,0,0
2025-04-08,2124008.0,188.0,689.0,1,15,4,2025,0,0,0
2025-04-09,2002551.1,212.0,662.0,2,15,4,2025,0,0,0
2025-04-10,1947744.0,217.0,641.0,3,15,4,2025,0,0,0
2025-04-11,1830157.2,207.0,586.0,4,15,4,2025,0,0,0
2025-04-12,1086887.9,181.0,325.0,5,15,4,2025,1,0,0
2025-05-05,1345049.2,161.0,418.0,0,19,5,2025,0,0,0
2025-05-06,683413.5,84.0,229.0,1,19,5,2025,0,0,0
2025-05-07,2313479.0,288.0,680.0,2,19,5,2025,0,0,0
2025-05-08,2604015.5,219.0,761.0,3,19,5,2025,0,0,0
2025-05-09,2401445.8,249.0,676.0,4,19,5,2025,0,0,0
2025-05-10,2233496.0,228.0,649.0,5,19,5,2025,1,0,0
2025-05-11,2125103.8,203.0,634.0,6,19,5,2025,1,0,0
2025-05-12,2000054.9,202.0,614.0,0,20,5,2025,0,0,0
2025-05-13,1887542.8,220.0,580.0,1,20,5,2025,0,0,0
2025-05-14,1753592.6,224.0,523.0,2,20,5,2025,0,0,0
2025-05-15,1252696.2,180.0,364.0,3,20,5,2025,0,0,0
2025-05-16,618661.44,109.0,173.0,4,20,5,2025,0,0,0
2025-05-17,901388.5,81.0,244.0,5,20,5,2025,1,0,0
2025-05-18,2642323.5,300.0,768.0,6,20,5,2025,1,0,0
2025-05-19,2268015.2,164.0,615.0,0,21,5,2025,0,0,0
2025-05-20,1884976.8,257.0,536.0,1,21,5,2025,0,0,0
2025-05-21,1515959.8,196.0,383.0,2,21,5,2025,0,0,0
2025-05-22,1276093.9,171.0,342.0,3,21,5,2025,0,0,0
2025-05-23,1410071.4,180.0,391.0,4,21,5,2025,0,0,0
2025-05-24,1636965.5,177.0,466.0,5,21,5,2025,1,0,0
2025-05-25,1683031.0,222.0,489.0,6,21,5,2025,1,0,0
2025-05-26,1730920.6,227.0,513.0,0,22,5,2025,0,0,0
2025-05-27,1670065.2,212.0,495.0,1,22,5,2025,0,0,0
2025-05-28,1199993.5,160.0,359.0,2,22,5,2025,0,0,0
2025-11-19,1347649.9,161.0,419.0,2,47,11,2025,0,0,0
2025-11-20,1119223.2,142.0,342.0,3,47,11,2025,0,0,0
2025-11-21,2182294.8,260.0,656.0,4,47,11,2025,0,0,0
2025-11-22,2055244.6,244.0,619.0,5,47,11,2025,1,0,0
2025-11-23,2058154.4,166.0,592.0,6,47,11,2025,1,0,0
2025-11-24,1713260.6,209.0,490.0,0,48,11,2025,0,0,0
2025-11-25,1698680.2,175.0,503.0,1,48,11,2025,0,0,0
2025-11-26,1704878.4,179.0,506.0,2,48,11,2025,0,0,0
2025-11-27,1667016.0,206.0,498.0,3,48,11,2025,0,0,0
2025-11-28,1647736.1,199.0,495.0,4,48,11,2025,0,0,0
2025-11-29,1467177.6,187.0,438.0,5,48,11,2025,1,0,0
2025-11-30,670751.3,93.0,207.0,6,48,11,2025,1,0,0
2025-12-01,499067.47,47.0,161.0,0,49,12,2025,0,0,0
2025-12-02,2500666.5,318.0,717.0,1,49,12,2025,0,0,0
2025-12-03,2853263.2,306.0,797.0,2,49,12,2025,0,0,0
2025-12-04,156746.55,18.0,33.0,3,49,12,2025,0,0,0
2025-12-05,1171072.1,157.0,376.0,4,49,12,2025,0,0,0
2025-12-06,1239889.2,146.0,369.0,5,49,12,2025,1,0,0
2025-12-07,1203483.8,221.0,378.0,6,49,12,2025,1,0,0
2025-12-08,1289824.1,214.0,421.0,0,50,12,2025,0,0,0
2025-12-09,1389854.4,201.0,455.0,1,50,12,2025,0,0,0
2025-12-10,1372533.5,220.0,443.0,2,50,12,2025,0,0,0
2025-12-11,1156708.9,171.0,356.0,3,50,12,2025,0,0,0
2025-12-12,549631.25,78.0,181.0,4,50,12,2025,0,0,0
2025-02-27,1377294.6,164.0,428.0,3,9,2,2025,0,0,0
2025-02-28,1206355.0,150.0,369.0,4,9,2,2025,0,0,0
2025-03-01,2098336.0,247.0,644.0,5,9,3,2025,1,0,1
2025-03-02,1808080.6,236.0,559.0,6,9,3,2025,1,0,1
2025-03-03,1589700.2,184.0,473.0,0,10,3,2025,0,0,1
2025-03-04,1437710.2,181.0,426.0,1,10,3,2025,0,0,1
2025-03-05,1482881.2,163.0,446.0,2,10,3,2025,0,0,1
2025-03-06,1531052.8,184.0,460.0,3,10,3,2025,0,0,1
2025-03-07,1531815.1,215.0,466.0,4,10,3,2025,0,0,1
2025-03-08,1609265.5,203.0,494.0,5,10,3,2025,1,0,1
2025-03-09,1529410.4,204.0,467.0,6,10,3,2025,1,0,1
2025-03-10,1278797.9,168.0,382.0,0,11,3,2025,0,0,1
2025-03-11,536019.0,70.0,168.0,1,11,3,2025,0,0,1
2025-03-12,2221236.2,257.0,668.0,2,11,3,2025,0,0,1
2025-03-13,2751643.0,272.0,822.0,3,11,3,2025,0,0,1
2025-03-14,1144119.6,114.0,370.0,4,11,3,2025,0,0,1
2025-03-15,2096347.2,209.0,734.0,5,11,3,2025,1,0,1
2025-03-16,2242004.2,207.0,721.0,6,11,3,2025,1,0,1
2025-03-17,2021896.2,253.0,650.0,0,12,3,2025,0,0,1
2025-03-18,2067220.5,168.0,647.0,1,12,3,2025,0,0,1
2025-03-19,1871604.0,149.0,590.0,2,12,3,2025,0,0,1
2025-03-20,1432263.1,133.0,460.0,3,12,3,2025,0,0,1
2025-03-21,633002.94,64.0,211.0,4,12,3,2025,0,0,1
2025-03-22,2306004.5,285.0,737.0,5,12,3,2025,1,0,1
2025-03-17,1348696.6,161.0,419.0,0,12,3,2025,0,0,1
2025-03-18,986684.5,128.0,307.0,1,12,3,2025,0,0,1
2025-03-19,2302379.5,282.0,689.0,2,12,3,2025,0,0,1
2025-03-20,2438238.2,222.0,727.0,3,12,3,2025,0,0,1
2025-03-21,2389505.5,179.0,699.0,4,12,3,2025,0,0,1
2025-03-22,2018343.6,228.0,595.0,5,12,3,2025,1,0,1
2025-03-23,1949653.5,192.0,589.0,6,12,3,2025,1,0,1
2025-03-24,1901994.2,184.0,579.0,0,13,3,2025,0,0,1
2025-03-25,1811023.5,189.0,544.0,1,13,3,2025,0,0,1
2025-03-26,1623032.9,190.0,476.0,2,13,3,2025,0,0,1
2025-03-27,967588.6,139.0,290.0,3,13,3,2025,0,0,1
2025-03-28,459364.16,66.0,138.0,4,13,3,2025,0,0,1
2025-03-29,2196637.5,288.0,656.0,5,13,3,2025,1,0,1
2025-03-30,2690809.8,313.0,811.0,6,13,3,2025,1,0,1
2025-03-31,1378351.5,147.0,421.0,0,14,3,2025,0,0,1
2025-04-01,2226672.8,257.0,713.0,1,14,4,2025,0,0,0
2025-04-02,2481345.0,220.0,755.0,2,14,4,2025,0,0,0
2025-04-03,2246359.8,282.0,686.0,3,14,4,2025,0,0,0
2025-04-04,2334979.8,205.0,720.0,4,14,4,2025,0,0,0
2025-04-05,2274863.2,181.0,715.0,5,14,4,2025,1,0,0
2025-04-06,2111017.2,188.0,690.0,6,14,4,2025,1,0,0
2025-04-07,1955093.9,206.0,647.0,0,15,4,2025,0,0,0
2025-04-08,1810249.5,208.0,583.0,1,15,4,2025,0,0,0
2025-04-09,1495431.8,201.0,446.0,2,15,4,2025,0,0,0
2025-08-18,1379114.6,164.0,429.0,0,34,8,2025,0,0,0
2025-08-19,1512908.0,172.0,473.0,1,34,8,2025,0,0,0
2025-08-20,1645616.4,199.0,521.0,2,34,8,2025,0,0,0
2025-08-21,905440.4,116.0,295.0,3,34,8,2025,0,0,0
2025-08-22,477391.03,59.0,159.0,4,34,8,2025,0,0,0
2025-08-23,519224.62,48.0,164.0,5,34,8,2025,1,0,0
2025-08-24,611244.56,87.0,186.0,6,34,8,2025,1,0,0
2025-08-25,842881.5,91.0,258.0,0,35,8,2025,0,0,0
2025-08-26,1040562.2,124.0,331.0,1,35,8,2025,0,0,0
2025-08-27,1203911.4,145.0,393.0,2,35,8,2025,0,0,0
2025-08-28,1284572.8,184.0,420.0,3,35,8,2025,0,0,0
2025-08-29,1372196.0,202.0,447.0,4,35,8,2025,0,0,0
2025-08-30,1384192.4,202.0,445.0,5,35,8,2025,1,0,0
2025-08-31,1032313.56,135.0,327.0,6,35,8,2025,1,0,0
2025-09-01,409245.6,53.0,135.0,0,36,9,2025,0,0,0
2025-09-02,2478021.5,290.0,720.0,1,36,9,2025,0,0,0
2025-09-03,2946469.8,309.0,844.0,2,36,9,2025,0,0,0
2025-09-04,325009.94,36.0,83.0,3,36,9,2025,0,0,0
2025-09-05,1238400.0,159.0,421.0,4,36,9,2025,0,0,0
2025-09-06,1548044.8,171.0,474.0,5,36,9,2025,1,0,0
2025-09-07,1488245.8,198.0,470.0,6,36,9,2025,1,0,0
2025-09-08,1348946.8,189.0,441.0,0,37,9,2025,0,0,0
2025-09-09,1214134.4,183.0,396.0,1,37,9,2025,0,0,0
2025-09-10,1081261.8,160.0,336.0,2,37,9,2025,0,0,0
2025-05-20,1397295.0,166.0,434.0,1,21,5,2025,0,0,0
2025-05-21,1626046.1,185.0,512.0,2,21,5,2025,0,0,0
2025-05-22,1609055.6,203.0,504.0,3,21,5,2025,0,0,0
2025-05-23,807174.94,103.0,264.0,4,21,5,2025,0,0,0
2025-05-24,395857.75,43.0,134.0,5,21,5,2025,1,0,0
2025-05-25,431229.4,41.0,142.0,6,21,5,2025,1,0,0
2025-05-26,558014.06,72.0,176.0,0,22,5,2025,0,0,0
2025-05-27,829490.2,86.0,261.0,1,22,5,2025,0,0,0
2025-05-28,1049296.5,122.0,341.0,2,22,5,2025,0,0,0
2025-05-29,1220520.4,144.0,409.0,3,22,5,2025,0,0,0
2025-05-30,1309682.0,183.0,441.0,4,22,5,2025,0,0,0
2025-05-31,1361435.2,202.0,454.0,5,22,5,2025,1,0,0
2025-06-01,1329057.2,194.0,432.0,6,22,6,2025,1,0,0
2025-06-02,1004464.3,133.0,321.0,0,23,6,2025,0,0,0
2025-06-03,460509.44,62.0,150.0,1,23,6,2025,0,0,0
2025-06-04,2327169.5,294.0,662.0,2,23,6,2025,0,0,0
2025-06-05,2682372.0,316.0,803.0,3,23,6,2025,0,0,0
2025-06-06,1287784.6,136.0,393.0,4,23,6,2025,0,0,0
2025-06-07,2222374.2,240.0,723.0,5,23,6,2025,1,0,0
2025-06-08,2425560.0,220.0,746.0,6,23,6,2025,1,0,0
2025-06-09,2208491.5,276.0,684.0,0,24,6,2025,0,0,0
2025-06-10,2301492.0,196.0,717.0,1,24,6,2025,0,0,0
2025-06-11,2245020.2,172.0,714.0,2,24,6,2025,0,0,0
2025-06-12,2094631.0,184.0,693.0,3,24,6,2025,0,0,0
2025-06-19,1365443.0,163.0,424.0,3,25,6,2025,0,0,0
2025-06-20,1740462.5,201.0,553.0,4,25,6,2025,0,0,0
2025-06-21,1556882.5,199.0,478.0,5,25,6,2025,1,0,0
2025-06-22,681407.7,107.0,221.0,6,25,6,2025,1,0,0
2025-06-23,414050.9,39.0,136.0,0,26,6,2025,0,0,0
2025-06-24,476271.03,47.0,155.0,1,26,6,2025,0,0,0
2025-06-25,702260.9,85.0,224.0,2,26,6,2025,0,0,0
2025-06-26,995286.3,105.0,326.0,3,26,6,2025,0,0,0
2025-06-27,1227199.4,141.0,422.0,4,26,6,2025,0,0,0
2025-06-28,1346181.5,173.0,471.0,5,26,6,2025,1,0,0
2025-06-29,1395364.8,205.0,484.0,6,26,6,2025,1,0,0
2025-06-30,1340557.8,198.0,449.0,0,27,6,2025,0,0,0
2025-07-01,713065.44,96.0,242.0,1,27,7,2025,0,1,0
2025-07-02,438224.2,45.0,149.0,2,27,7,2025,0,1,0
2025-07-03,2428014.5,326.0,697.0,3,27,7,2025,0,1,0
2025-07-04,2809754.8,320.0,802.0,4,27,7,2025,0,1,0
2025-07-05,235233.6,28.0,55.0,5,27,7,2025,1,1,0
2025-07-06,1802528.0,200.0,550.0,6,27,7,2025,1,1,0
2025-07-07,1867869.4,269.0,547.0,0,28,7,2025,0,1,0
2025-07-08,1991013.8,260.0,551.0,1,28,7,2025,0,1,0
2025-07-09,1944934.0,253.0,541.0,2,28,7,2025,0,1,0
2025-07-10,1926352.6,258.0,539.0,3,28,7,2025,0,1,0
2025-07-11,1930127.2,265.0,543.0,4,28,7,2025,0,1,0
2025-07-12,1945186.9,270.0,547.0,5,28,7,2025,1,1,0
2026-03-11,1405282.9,167.0,436.0,2,11,3,2026,0,0,1
2026-03-12,1797701.6,209.0,571.0,3,11,3,2026,0,0,1
2026-03-13,1251091.5,171.0,399.0,4,11,3,2026,0,0,1
2026-03-14,745813.6,104.0,233.0,5,11,3,2026,1,0,1
2026-03-15,573045.7,70.0,169.0,6,11,3,2026,1,0,1
2026-03-16,630984.8,78.0,180.0,0,12,3,2026,0,0,1
2026-03-17,826599.06,123.0,240.0,1,12,3,2026,0,0,1
2026-03-18,1127096.6,143.0,350.0,2,12,3,2026,0,0,1
2026-03-19,1366846.0,156.0,448.0,3,12,3,2026,0,0,1
2026-03-20,1448038.1,209.0,484.0,4,12,3,2026,0,0,1
2026-03-21,1533651.0,223.0,510.0,5,12,3,2026,1,0,1
2026-03-22,1540049.5,222.0,504.0,6,12,3,2026,1,0,1
2026-03-23,1412706.6,207.0,450.0,0,13,3,2026,0,0,1
2026-03-24,901916.3,128.0,293.0,1,13,3,2026,0,0,1
2026-03-25,460003.8,57.0,149.0,2,13,3,2026,0,0,1
2026-03-26,2108354.0,280.0,615.0,3,13,3,2026,0,0,1
2026-03-27,2553192.5,318.0,786.0,4,13,3,2026,0,0,1
2026-03-28,1365004.1,136.0,452.0,5,13,3,2026,1,0,1
2026-03-29,2176470.8,264.0,714.0,6,13,3,2026,1,0,1
2026-03-30,2418499.8,217.0,754.0,0,14,3,2026,0,0,1
2026-03-31,2181086.8,280.0,675.0,1,14,3,2026,0,0,1
2026-04-01,2254840.0,195.0,698.0,2,14,4,2026,0,0,0
2026-04-02,2125139.0,173.0,663.0,3,14,4,2026,0,0,0
2026-04-03,1874133.9,173.0,595.0,4,14,4,2026,0,0,0
2025-10-17,1407159.6,167.0,437.0,4,42,10,2025,0,0,0
2025-10-18,1788198.6,208.0,569.0,5,42,10,2025,1,0,0
2025-10-19,1142119.9,159.0,365.0,6,42,10,2025,1,0,0
2025-10-20,792206.9,100.0,248.0,0,43,10,2025,0,0,0
2025-10-21,638251.44,79.0,188.0,1,43,10,2025,0,0,0
2025-10-22,707642.1,93.0,202.0,2,43,10,2025,0,0,0
2025-10-23,922356.25,133.0,272.0,3,43,10,2025,0,0,0
2025-10-24,1244797.6,145.0,393.0,4,43,10,2025,0,0,0
2025-10-25,1425952.1,175.0,473.0,5,43,10,2025,1,0,0
2025-10-26,1522765.5,217.0,513.0,6,43,10,2025,1,0,0
2025-10-27,1596918.5,227.0,532.0,0,44,10,2025,0,0,0
2025-10-28,1604065.0,230.0,525.0,1,44,10,2025,0,0,0
2025-10-29,1486267.5,214.0,472.0,2,44,10,2025,0,0,0
2025-10-30,767941.44,117.0,252.0,3,44,10,2025,0,0,0
2025-10-31,540688.3,56.0,177.0,4,44,10,2025,0,0,0
2025-11-01,2483565.0,314.0,738.0,5,44,11,2025,1,0,0
2025-11-02,2873717.8,288.0,821.0,6,44,11,2025,1,0,0
2025-11-03,189969.6,20.0,45.0,0,45,11,2025,0,0,0
2025-11-04,562572.2,72.0,184.0,1,45,11,2025,0,0,0
2025-11-05,602500.4,91.0,169.0,2,45,11,2025,0,0,0
2025-11-06,829425.4,121.0,235.0,3,45,11,2025,0,0,0
2025-11-07,1120901.4,139.0,349.0,4,45,11,2025,0,0,0
2025-11-08,1347798.0,156.0,440.0,5,45,11,2025,1,0,0
2025-11-09,1378924.9,210.0,454.0,6,45,11,2025,1,0,0
2026-04-22,1492327.8,177.0,463.0,2,17,4,2026,0,0,0
2026-04-23,1788532.6,208.0,566.0,3,17,4,2026,0,0,0
2026-04-24,1292829.6,171.0,412.0,4,17,4,2026,0,0,0
2026-04-25,1815314.8,226.0,589.0,5,17,4,2026,1,0,0
2026-04-26,1649183.0,216.0,509.0,6,17,4,2026,1,0,0
2026-04-27,1356242.2,227.0,408.0,0,18,4,2026,0,0,0
2026-04-28,1492945.9,176.0,445.0,1,18,4,2026,0,0,0
2026-04-29,1554496.4,185.0,465.0,2,18,4,2026,0,0,0
2026-04-30,1608671.0,209.0,489.0,3,18,4,2026,0,0,0
2026-05-01,1697127.6,207.0,519.0,4,18,5,2026,0,0,0
2026-05-02,1717922.4,223.0,527.0,5,18,5,2026,1,0,0
2026-05-03,1712780.8,226.0,521.0,6,18,5,2026,1,0,0
2026-05-04,1631479.6,215.0,489.0,0,19,5,2026,0,0,0
2026-05-05,1344281.0,174.0,396.0,1,19,5,2026,0,0,0
2026-05-06,612667.25,93.0,192.0,2,19,5,2026,0,0,0
2026-05-07,1089961.9,83.0,334.0,3,19,5,2026,0,0,0
2026-05-08,2696360.2,288.0,810.0,4,19,5,2026,0,0,0
2026-05-09,2091280.1,136.0,581.0,5,19,5,2026,1,0,0
2026-05-10,2095683.9,303.0,616.0,6,19,5,2026,1,0,0
2026-05-11,2265590.5,262.0,636.0,0,20,5,2026,0,0,0
2026-05-12,2334876.8,204.0,660.0,1,20,5,2026,0,0,0
2026-05-13,2138193.5,225.0,591.0,2,20,5,2026,0,0,0
2026-05-14,2038594.1,211.0,586.0,3,20,5,2026,0,0,0
2026-05-15,1974592.0,217.0,577.0,4,20,5,2026,0,0,0
2025-08-29,1353327.8,162.0,421.0,4,35,8,2025,0,0,0
2025-08-30,759344.5,94.0,252.0,5,35,8,2025,1,0,0
2025-08-31,2144536.8,277.0,650.0,6,35,8,2025,1,0,0
2025-09-01,2335840.0,212.0,692.0,0,36,9,2025,0,0,0
2025-09-02,2184090.8,177.0,632.0,1,36,9,2025,0,0,0
2025-09-03,1813959.8,204.0,526.0,2,36,9,2025,0,0,0
2025-09-04,1746559.0,162.0,530.0,3,36,9,2025,0,0,0
2025-09-05,1686600.9,161.0,521.0,4,36,9,2025,0,0,0
2025-09-06,1593888.9,183.0,498.0,5,36,9,2025,1,0,0
2025-09-07,1486397.9,179.0,467.0,6,36,9,2025,1,0,0
2025-09-08,956482.25,109.0,303.0,0,37,9,2025,0,0,0
2025-09-09,452372.22,56.0,145.0,1,37,9,2025,0,0,0
2025-09-10,2488609.0,315.0,713.0,2,37,9,2025,0,0,0
2025-09-11,2694050.2,252.0,691.0,3,37,9,2025,0,0,0
2025-09-12,1115633.2,71.0,252.0,4,37,9,2025,0,0,0
2025-09-13,138899.2,19.0,40.0,5,37,9,2025,1,0,0
2025-09-14,238697.7,43.0,72.0,6,37,9,2025,1,0,0
2025-09-15,500766.34,81.0,148.0,0,38,9,2025,0,0,0
2025-09-16,960267.94,94.0,296.0,1,38,9,2025,0,0,0
2025-09-17,1250476.5,145.0,418.0,2,38,9,2025,0,0,0
2025-09-18,1360228.2,173.0,474.0,3,38,9,2025,0,0,0
2025-09-19,1266736.1,184.0,428.0,4,38,9,2025,0,0,0
2025-09-20,794203.1,106.0,273.0,5,38,9,2025,1,0,0
2025-09-21,409359.75,44.0,139.0,6,38,9,2025,1,0,0
2024-09-25,1380486.1,165.0,429.0,2,39,9,2024,0,0,0
2024-09-26,704115.8,88.0,236.0,3,39,9,2024,0,0,0
2024-09-27,2332243.2,288.0,690.0,4,39,9,2024,0,0,0
2024-09-28,2614867.2,213.0,771.0,5,39,9,2024,1,0,0
2024-09-29,2374060.2,253.0,679.0,6,39,9,2024,1,0,0
2024-09-30,2248085.5,225.0,663.0,0,40,9,2024,0,0,0
2024-10-01,2154210.8,201.0,652.0,1,40,10,2024,0,0,0
2024-10-02,2037535.8,200.0,636.0,2,40,10,2024,0,0,0
2024-10-03,1907770.4,217.0,598.0,3,40,10,2024,0,0,0
2024-10-04,1822537.8,229.0,558.0,4,40,10,2024,0,0,0
2024-10-05,1713431.9,229.0,498.0,5,40,10,2024,1,0,0
2024-10-06,1269438.5,184.0,356.0,6,40,10,2024,1,0,0
2024-10-07,558657.5,103.0,157.0,0,41,10,2024,0,0,0
2024-10-08,1454254.0,191.0,460.0,1,41,10,2024,0,0,0
2024-10-09,2544593.2,243.0,813.0,2,41,10,2024,0,0,0
2024-10-10,1282066.8,84.0,401.0,3,41,10,2024,0,0,0
2024-10-11,1995850.6,280.0,665.0,4,41,10,2024,0,0,0
2024-10-12,2238093.8,214.0,749.0,5,41,10,2024,1,0,0
2024-10-13,2084137.1,271.0,689.0,6,41,10,2024,1,0,0
2024-10-14,2179443.0,208.0,688.0,0,42,10,2024,0,0,0
2024-10-15,2142369.5,175.0,683.0,1,42,10,2024,0,0,0
2024-10-16,1989001.8,176.0,645.0,2,42,10,2024,0,0,0
2024-10-17,1795043.5,202.0,573.0,3,42,10,2024,0,0,0
2024-10-18,1510911.9,190.0,457.0,4,42,10,2024,0,0,0
2026-03-04,1803777.8,216.0,557.0,2,10,3,2026,0,0,1
2026-03-05,1992755.5,240.0,622.0,3,10,3,2026,0,0,1
2026-03-06,1057023.8,137.0,323.0,4,10,3,2026,0,0,1
2026-03-07,1989941.1,272.0,681.0,5,10,3,2026,1,0,1
2026-03-08,2098226.5,235.0,705.0,6,10,3,2026,1,0,1
2026-03-09,2018201.5,253.0,666.0,0,11,3,2026,0,0,1
2026-03-10,2072585.9,203.0,644.0,1,11,3,2026,0,0,1
2026-03-11,2055027.1,179.0,637.0,2,11,3,2026,0,0,1
2026-03-12,1955888.6,183.0,613.0,3,11,3,2026,0,0,1
2026-03-13,1746953.2,194.0,538.0,4,11,3,2026,0,0,1
2026-03-14,981826.44,155.0,296.0,5,11,3,2026,1,0,1
2026-03-15,585572.44,82.0,167.0,6,11,3,2026,1,0,1
2026-03-16,2381737.5,325.0,713.0,0,12,3,2026,0,0,1
2026-03-17,2739337.5,235.0,764.0,1,12,3,2026,0,0,1
2026-03-18,388033.22,32.0,91.0,2,12,3,2026,0,0,1
2026-03-19,154113.95,24.0,46.0,3,12,3,2026,0,0,1
2026-03-20,232278.16,45.0,72.0,4,12,3,2026,0,0,1
2026-03-21,504108.1,78.0,150.0,5,12,3,2026,1,0,1
2026-03-22,950441.5,95.0,294.0,6,12,3,2026,1,0,1
2026-03-23,1237449.1,143.0,414.0,0,13,3,2026,0,0,1
2026-03-24,1333563.4,171.0,462.0,1,13,3,2026,0,0,1
2026-03-25,1242839.5,181.0,417.0,2,13,3,2026,0,0,1
2026-03-26,722009.6,96.0,247.0,3,13,3,2026,0,0,1
2026-03-27,435126.8,45.0,148.0,4,13,3,2026,0,0,1
2025-12-18,1510909.6,179.0,468.0,3,51,12,2025,0,0,0
2025-12-19,1867433.9,220.0,592.0,4,51,12,2025,0,0,0
2025-12-20,1029108.4,143.0,324.0,5,51,12,2025,1,0,0
2025-12-21,2281103.0,296.0,731.0,6,51,12,2025,1,0,0
2025-12-22,2392251.2,229.0,760.0,0,52,12,2025,0,0,0
2025-12-23,2179102.5,278.0,684.0,1,52,12,2025,0,0,0
2025-12-24,2244742.5,210.0,698.0,2,52,12,2025,0,0,0
2025-12-25,2206272.0,189.0,684.0,3,52,12,2025,0,0,0
2025-12-26,2092212.2,195.0,666.0,4,52,12,2025,0,0,0
2025-12-27,1985060.2,214.0,636.0,5,52,12,2025,1,0,0
2025-12-28,1858505.5,206.0,585.0,6,52,12,2025,1,0,0
2025-12-29,1251330.1,184.0,373.0,0,1,12,2025,0,0,0
2025-12-30,648228.1,114.0,176.0,1,1,12,2025,0,0,0
2025-12-31,2243475.0,353.0,667.0,2,1,12,2025,0,0,0
2026-01-01,2895445.0,236.0,850.0,3,1,1,2026,0,1,0
2026-01-02,562213.4,68.0,184.0,4,1,1,2026,0,1,0
2026-01-03,1758542.2,203.0,629.0,5,1,1,2026,1,1,0
2026-01-04,2093832.2,128.0,687.0,6,1,1,2026,1,1,0
2026-01-05,1787007.1,222.0,611.0,0,2,1,2026,0,1,0
2026-01-06,1884761.5,156.0,634.0,1,2,1,2026,0,1,0
2026-01-07,1772751.6,147.0,610.0,2,2,1,2026,0,1,0
2026-01-08,1476563.2,145.0,521.0,3,2,1,2026,0,1,0
2026-01-09,745571.75,74.0,272.0,4,2,1,2026,0,1,0
2026-01-10,2131712.8,275.0,708.0,5,2,1,2026,1,1,0
2024-11-06,1385530.8,165.0,431.0,2,45,11,2024,0,0,0
2024-11-07,914378.5,117.0,294.0,3,45,11,2024,0,0,0
2024-11-08,2149079.5,263.0,662.0,4,45,11,2024,0,0,0
2024-11-09,2238808.8,216.0,671.0,5,45,11,2024,1,0,0
2024-11-10,2110658.0,160.0,623.0,6,45,11,2024,1,0,0
2024-11-11,1708207.2,210.0,501.0,0,46,11,2024,0,0,0
2024-11-12,1703359.5,164.0,520.0,1,46,11,2024,0,0,0
2024-11-13,1698124.5,166.0,521.0,2,46,11,2024,0,0,0
2024-11-14,1651666.4,201.0,512.0,3,46,11,2024,0,0,0
2024-11-15,1688066.4,197.0,527.0,4,46,11,2024,0,0,0
2024-11-16,1606005.5,207.0,501.0,5,46,11,2024,1,0,0
2024-11-17,1264471.2,151.0,391.0,6,46,11,2024,1,0,0
2024-11-18,473833.88,57.0,154.0,0,47,11,2024,0,0,0
2024-11-19,2465885.2,268.0,742.0,1,47,11,2024,0,0,0
2024-11-20,2945874.8,306.0,859.0,2,47,11,2024,0,0,0
2024-11-21,518473.1,59.0,149.0,3,47,11,2024,0,0,0
2024-11-22,1985568.2,217.0,645.0,4,47,11,2024,0,0,0
2024-11-23,2174007.8,209.0,669.0,5,47,11,2024,1,0,0
2024-11-24,2047122.9,241.0,621.0,6,47,11,2024,1,0,0
2024-11-25,2091723.0,203.0,631.0,0,48,11,2024,0,0,0
2024-11-26,2072621.2,192.0,637.0,1,48,11,2024,0,0,0
2024-11-27,2033203.8,200.0,641.0,2,48,11,2024,0,0,0
2024-11-28,1984099.2,217.0,638.0,3,48,11,2024,0,0,0
2024-11-29,1930384.2,223.0,625.0,4,48,11,2024,0,0,0
2024-11-20,1339012.1,160.0,416.0,2,47,11,2024,0,0,0
2024-11-21,244962.62,34.0,79.0,3,47,11,2024,0,0,0
2024-11-22,2340222.5,283.0,666.0,4,47,11,2024,0,0,0
2024-11-23,2651726.0,329.0,732.0,5,47,11,2024,1,0,0
2024-11-24,2691005.5,307.0,693.0,6,47,11,2024,1,0,0
2024-11-25,2471348.8,305.0,630.0,0,48,11,2024,0,0,0
2024-11-26,2483132.5,244.0,657.0,1,48,11,2024,0,0,0
2024-11-27,2298546.8,239.0,642.0,2,48,11,2024,0,0,0
2024-11-28,2092709.8,239.0,610.0,3,48,11,2024,0,0,0
2024-11-29,1848051.9,224.0,544.0,4,48,11,2024,0,0,0
2024-11-30,1226034.9,195.0,346.0,5,48,11,2024,1,0,0
2024-12-01,727511.94,124.0,190.0,6,48,12,2024,1,0,0
2024-12-02,1569066.4,223.0,439.0,0,49,12,2024,0,0,0
2024-12-03,2529371.2,268.0,776.0,1,49,12,2024,0,0,0
2024-12-04,1181889.9,76.0,363.0,2,49,12,2024,0,0,0
2024-12-05,1951870.2,294.0,642.0,3,49,12,2024,0,0,0
2024-12-06,2185593.2,216.0,745.0,4,49,12,2024,0,0,0
2024-12-07,2060417.4,271.0,692.0,5,49,12,2024,1,0,0
2024-12-08,2155786.8,213.0,685.0,6,49,12,2024,1,0,0
2024-12-09,2138792.5,177.0,685.0,0,50,12,2024,0,0,0
2024-12-10,2016641.2,178.0,654.0,1,50,12,2024,0,0,0
2024-12-11,1800021.5,195.0,577.0,2,50,12,2024,0,0,0
2024-12-12,1398916.1,187.0,421.0,3,50,12,2024,0,0,0
2024-12-13,727435.2,125.0,206.0,4,50,12,2024,0,0,0
2025-09-18,1381667.4,165.0,429.0,3,38,9,2025,0,0,0
2025-09-19,1788629.8,208.0,569.0,4,38,9,2025,0,0,0
2025-09-20,1026245.7,144.0,326.0,5,38,9,2025,1,0,0
2025-09-21,1425238.8,174.0,471.0,6,38,9,2025,1,0,0
2025-09-22,1372670.6,142.0,435.0,0,39,9,2025,0,0,0
2025-09-23,1134282.0,178.0,374.0,1,39,9,2025,0,0,0
2025-09-24,1382072.8,133.0,453.0,2,39,9,2025,0,0,0
2025-09-25,1480003.1,181.0,484.0,3,39,9,2025,0,0,0
2025-09-26,1547221.6,228.0,514.0,4,39,9,2025,0,0,0
2025-09-27,1739055.5,202.0,573.0,5,39,9,2025,1,0,0
2025-09-28,1709704.0,228.0,556.0,6,39,9,2025,1,0,0
2025-09-29,1688101.5,225.0,541.0,0,40,9,2025,0,0,0
2025-09-30,1600963.8,198.0,502.0,1,40,9,2025,0,0,0
2025-10-01,1217480.8,163.0,377.0,2,40,10,2025,0,0,0
2025-10-02,571839.06,79.0,183.0,3,40,10,2025,0,0,0
2025-10-03,1635633.2,195.0,529.0,4,40,10,2025,0,0,0
2025-10-04,2588339.8,252.0,825.0,5,40,10,2025,1,0,0
2025-10-05,1358572.5,94.0,452.0,6,40,10,2025,1,0,0
2025-10-06,1896929.8,277.0,651.0,0,41,10,2025,0,0,0
2025-10-07,2228523.0,195.0,748.0,1,41,10,2025,0,0,0
2025-10-08,2032203.9,257.0,673.0,2,41,10,2025,0,0,0
2025-10-09,2080727.4,201.0,651.0,3,41,10,2025,0,0,0
2025-10-10,1977662.5,170.0,622.0,4,41,10,2025,0,0,0
2025-10-11,1710313.8,158.0,539.0,5,41,10,2025,1,0,0
2025-10-13,1738143.6,207.0,537.0,0,42,10,2025,0,0,0
2025-10-14,1985334.0,237.0,623.0,1,42,10,2025,0,0,0
2025-10-15,979881.56,125.0,297.0,2,42,10,2025,0,0,0
2025-10-16,1956313.2,266.0,673.0,3,42,10,2025,0,0,0
2025-10-17,1985209.0,248.0,662.0,4,42,10,2025,0,0,0
2025-10-18,1939089.0,239.0,622.0,5,42,10,2025,1,0,0
2025-10-19,1950450.9,206.0,578.0,6,42,10,2025,1,0,0
2025-10-20,1967278.6,176.0,581.0,0,43,10,2025,0,0,0
2025-10-21,1930998.9,181.0,576.0,1,43,10,2025,0,0,0
2025-10-22,1879720.4,199.0,560.0,2,43,10,2025,0,0,0
2025-10-23,1797077.2,204.0,529.0,3,43,10,2025,0,0,0
2025-10-24,1314630.2,161.0,392.0,4,43,10,2025,0,0,0
2025-10-25,581893.1,90.0,177.0,5,43,10,2025,1,0,0
2025-10-26,1071739.1,74.0,319.0,6,43,10,2025,1,0,0
2025-10-27,2674006.0,274.0,801.0,0,44,10,2025,0,0,0
2025-10-28,2385243.8,201.0,679.0,1,44,10,2025,0,0,0
2025-10-29,1275142.5,139.0,388.0,2,44,10,2025,0,0,0
2025-10-30,320086.44,42.0,100.0,3,44,10,2025,0,0,0
2025-10-31,406270.53,57.0,122.0,4,44,10,2025,0,0,0
2025-11-01,723145.75,86.0,219.0,5,44,11,2025,1,0,0
2025-11-02,1077037.6,113.0,348.0,6,44,11,2025,1,0,0
2025-11-03,1317708.8,153.0,457.0,0,45,11,2025,0,0,0
2025-11-04,1433167.5,188.0,509.0,1,45,11,2025,0,0,0
2025-11-05,1480552.5,218.0,519.0,2,45,11,2025,0,0,0
2026-04-14,1353946.5,162.0,421.0,1,16,4,2026,0,0,0
2026-04-15,1514647.4,172.0,474.0,2,16,4,2026,0,0,0
2026-04-16,1958160.9,220.0,629.0,3,16,4,2026,0,0,0
2026-04-17,1276772.1,179.0,409.0,4,16,4,2026,0,0,0
2026-04-18,877957.2,121.0,269.0,5,16,4,2026,1,0,0
2026-04-19,878951.44,124.0,257.0,6,16,4,2026,1,0,0
2026-04-20,1083732.5,125.0,309.0,0,17,4,2026,0,0,0
2026-04-21,1186214.8,183.0,346.0,1,17,4,2026,0,0,0
2026-04-22,1375060.0,171.0,425.0,2,17,4,2026,0,0,0
2026-04-23,1485116.5,165.0,475.0,3,17,4,2026,0,0,0
2026-04-24,1309256.9,179.0,417.0,4,17,4,2026,0,0,0
2026-04-25,560688.44,72.0,182.0,5,17,4,2026,1,0,0
2026-04-26,1289900.5,130.0,418.0,6,17,4,2026,1,0,0
2026-04-27,2719339.5,262.0,832.0,0,18,4,2026,0,0,0
2026-04-28,1935816.9,148.0,587.0,1,18,4,2026,0,0,0
2026-04-29,1963171.0,296.0,617.0,2,18,4,2026,0,0,0
2026-04-30,2070062.1,240.0,594.0,3,18,4,2026,0,0,0
2026-05-01,2102667.8,190.0,586.0,4,18,5,2026,0,0,0
2026-05-02,1920148.9,219.0,531.0,5,18,5,2026,1,0,0
2026-05-03,1942563.0,195.0,552.0,6,18,5,2026,1,0,0
2026-05-04,1936048.5,205.0,557.0,0,19,5,2026,0,0,0
2026-05-05,1922483.8,215.0,553.0,1,19,5,2026,0,0,0
2026-05-06,1855954.0,221.0,529.0,2,19,5,2026,0,0,0
2026-05-07,1560456.5,190.0,440.0,3,19,5,2026,0,0,0
2025-10-15,1400976.5,167.0,435.0,2,42,10,2025,0,0,0
2025-10-16,1795557.9,209.0,571.0,3,42,10,2025,0,0,0
2025-10-17,1022987.6,143.0,325.0,4,42,10,2025,0,0,0
2025-10-18,911072.5,110.0,293.0,5,42,10,2025,1,0,0
2025-10-19,851651.7,94.0,263.0,6,42,10,2025,1,0,0
2025-10-20,889852.56,121.0,273.0,0,43,10,2025,0,0,0
2025-10-21,1144526.5,136.0,360.0,1,43,10,2025,0,0,0
2025-10-22,1370321.1,166.0,447.0,2,43,10,2025,0,0,0
2025-10-23,1490188.4,195.0,502.0,3,43,10,2025,0,0,0
2025-10-24,1588182.1,201.0,540.0,4,43,10,2025,0,0,0
2025-10-25,1450388.6,192.0,483.0,5,43,10,2025,1,0,0
2025-10-26,658952.6,93.0,224.0,6,43,10,2025,1,0,0
2025-10-27,1835554.2,202.0,609.0,0,44,10,2025,0,0,0
2025-10-28,2549346.8,230.0,839.0,1,44,10,2025,0,0,0
2025-10-29,1536596.5,168.0,529.0,2,44,10,2025,0,0,0
2025-10-30,2007507.0,283.0,682.0,3,44,10,2025,0,0,0
2025-10-31,2379338.8,184.0,738.0,4,44,10,2025,0,0,0
2025-11-01,2143374.0,235.0,672.0,5,44,11,2025,1,0,0
2025-11-02,2085555.5,220.0,634.0,6,44,11,2025,1,0,0
2025-11-03,2073762.2,180.0,647.0,0,45,11,2025,0,0,0
2025-11-04,2023679.1,180.0,644.0,1,45,11,2025,0,0,0
2025-11-05,1905279.6,199.0,608.0,2,45,11,2025,0,0,0
2025-11-06,1645253.9,189.0,515.0,3,45,11,2025,0,0,0
2025-11-07,801064.25,149.0,239.0,4,45,11,2025,0,0,0
2025-09-25,1345577.4,161.0,418.0,3,39,9,2025,0,0,0
2025-09-26,930202.7,120.0,295.0,4,39,9,2025,0,0,0
2025-09-27,2253139.8,278.0,681.0,5,39,9,2025,1,0,0
2025-09-28,2404592.0,217.0,719.0,6,39,9,2025,1,0,0
2025-09-29,2303446.0,174.0,676.0,0,40,9,2025,0,0,0
2025-09-30,1909314.0,218.0,558.0,1,40,9,2025,0,0,0
2025-10-01,1816342.4,177.0,545.0,2,40,10,2025,0,0,0
2025-10-02,1665639.6,161.0,501.0,3,40,10,2025,0,0,0
2025-10-03,1066317.0,115.0,336.0,4,40,10,2025,0,0,0
2025-10-04,463599.66,57.0,147.0,5,40,10,2025,1,0,0
2025-10-05,2323667.0,287.0,696.0,6,40,10,2025,1,0,0
2025-10-06,2758924.8,308.0,817.0,0,41,10,2025,0,0,0
2025-10-07,838884.1,85.0,242.0,1,41,10,2025,0,0,0
2025-10-08,2193565.8,225.0,686.0,2,41,10,2025,0,0,0
2025-10-09,2313650.8,243.0,692.0,3,41,10,2025,0,0,0
2025-10-10,2216541.2,246.0,652.0,4,41,10,2025,0,0,0
2025-10-11,2193509.2,207.0,650.0,5,41,10,2025,1,0,0
2025-10-12,2161652.2,184.0,659.0,6,41,10,2025,1,0,0
2025-10-13,2090806.9,188.0,662.0,0,42,10,2025,0,0,0
2025-10-14,1976017.8,206.0,642.0,1,42,10,2025,0,0,0
2025-10-15,1877746.8,216.0,607.0,2,42,10,2025,0,0,0
2025-10-16,1662505.0,204.0,517.0,3,42,10,2025,0,0,0
2025-10-17,885552.8,168.0,259.0,4,42,10,2025,0,0,0
2025-10-18,710452.75,90.0,192.0,5,42,10,2025,1,0,0
2024-11-08,1399951.1,167.0,435.0,4,45,11,2024,0,0,0
2024-11-09,1729089.9,199.0,548.0,5,45,11,2024,1,0,0
2024-11-10,1353683.0,173.0,428.0,6,45,11,2024,1,0,0
2024-11-11,835544.2,128.0,258.0,0,46,11,2024,0,0,0
2024-11-12,574678.6,74.0,169.0,1,46,11,2024,0,0,0
2024-11-13,571553.8,68.0,160.0,2,46,11,2024,0,0,0
2024-11-14,713961.06,122.0,198.0,3,46,11,2024,0,0,0
2024-11-15,981400.0,131.0,285.0,4,46,11,2024,0,0,0
2024-11-16,1256457.0,141.0,393.0,5,46,11,2024,1,0,0
2024-11-17,1370999.8,185.0,447.0,6,46,11,2024,1,0,0
2024-11-18,1460467.8,214.0,481.0,0,47,11,2024,0,0,0
2024-11-19,1542570.0,221.0,504.0,1,47,11,2024,0,0,0
2024-11-20,1553532.8,228.0,501.0,2,47,11,2024,0,0,0
2024-11-21,1444743.6,212.0,453.0,3,47,11,2024,0,0,0
2024-11-22,803513.56,119.0,260.0,4,47,11,2024,0,0,0
2024-11-23,441276.12,49.0,145.0,5,47,11,2024,1,0,0
2024-11-24,2422417.5,316.0,704.0,6,47,11,2024,1,0,0
2024-11-25,2820031.2,314.0,814.0,0,48,11,2024,0,0,0
2024-11-26,219233.89,25.0,52.0,1,48,11,2024,0,0,0
2024-11-27,1250599.2,171.0,411.0,2,48,11,2024,0,0,0
2024-11-28,1480004.0,189.0,447.0,3,48,11,2024,0,0,0
2024-11-29,1477484.4,232.0,455.0,4,48,11,2024,0,0,0
2024-11-30,1460926.0,225.0,466.0,5,48,11,2024,1,0,0
2024-12-01,1322084.2,207.0,422.0,6,48,12,2024,1,0,0
2024-11-14,1400895.2,167.0,435.0,3,46,11,2024,0,0,0
2024-11-15,967478.44,124.0,308.0,4,46,11,2024,0,0,0
2024-11-16,2160072.8,260.0,664.0,5,46,11,2024,1,0,0
2024-11-17,2216526.0,219.0,666.0,6,46,11,2024,1,0,0
2024-11-18,2097256.0,159.0,619.0,0,47,11,2024,0,0,0
2024-11-19,1687329.8,212.0,493.0,1,47,11,2024,0,0,0
2024-11-20,1689468.9,166.0,514.0,2,47,11,2024,0,0,0
2024-11-21,1694561.8,168.0,516.0,3,47,11,2024,0,0,0
2024-11-22,1656608.2,204.0,510.0,4,47,11,2024,0,0,0
2024-11-23,1708231.8,199.0,529.0,5,47,11,2024,1,0,0
2024-11-24,1664817.9,212.0,517.0,6,47,11,2024,1,0,0
2024-11-25,1551294.1,205.0,479.0,0,48,11,2024,0,0,0
2024-11-26,1000419.8,125.0,315.0,1,48,11,2024,0,0,0
2024-11-27,436306.72,58.0,139.0,2,48,11,2024,0,0,0
2024-11-28,2394388.0,299.0,712.0,3,48,11,2024,0,0,0
2024-11-29,2843071.8,305.0,834.0,4,48,11,2024,0,0,0
2024-11-30,416297.7,44.0,112.0,5,48,11,2024,1,0,0
2024-12-01,1555297.9,188.0,504.0,6,48,12,2024,1,0,0
2024-12-02,1812404.2,212.0,536.0,0,49,12,2024,0,0,0
2024-12-03,1882795.9,228.0,540.0,1,49,12,2024,0,0,0
2024-12-04,1799376.9,230.0,530.0,2,49,12,2024,0,0,0
2024-12-05,1716817.1,232.0,520.0,3,49,12,2024,0,0,0
2024-12-06,1669155.0,244.0,511.0,4,49,12,2024,0,0,0
2024-12-07,1599880.2,240.0,482.0,5,49,12,2024,1,0,0
2026-02-19,1404122.5,167.0,436.0,3,8,2,2026,0,0,0
2026-02-20,1596025.5,182.0,501.0,4,8,2,2026,0,0,0
2026-02-21,1570557.8,199.0,492.0,5,8,2,2026,1,0,0
2026-02-22,870611.06,107.0,287.0,6,8,2,2026,1,0,0
2026-02-23,464594.03,53.0,156.0,0,9,2,2026,0,0,0
2026-02-24,495113.47,48.0,158.0,1,9,2,2026,0,0,0
2026-02-25,601252.94,85.0,185.0,2,9,2,2026,0,0,0
2026-02-26,864401.6,92.0,267.0,3,9,2,2026,0,0,0
2026-02-27,1069256.0,126.0,344.0,4,9,2,2026,0,0,0
2026-02-28,1229497.5,148.0,407.0,5,9,2,2026,1,0,0
2026-03-01,1318411.9,188.0,437.0,6,9,3,2026,1,0,1
2026-03-02,1367522.4,204.0,450.0,0,10,3,2026,0,0,1
2026-03-03,1327072.8,193.0,426.0,1,10,3,2026,0,0,1
2026-03-04,973039.94,130.0,309.0,2,10,3,2026,0,0,1
2026-03-05,535572.3,78.0,168.0,3,10,3,2026,0,0,1
2026-03-06,778898.56,71.0,226.0,4,10,3,2026,0,0,1
2026-03-07,2635770.0,350.0,705.0,5,10,3,2026,1,0,1
2026-03-08,2532254.2,267.0,651.0,6,10,3,2026,1,0,1
2026-03-09,1150048.2,91.0,267.0,0,11,3,2026,0,0,1
2026-03-10,155791.05,20.0,45.0,1,11,3,2026,0,0,1
2026-03-11,267644.38,43.0,81.0,2,11,3,2026,0,0,1
2026-03-12,553772.3,80.0,167.0,3,11,3,2026,0,0,1
2026-03-13,1009375.7,96.0,319.0,4,11,3,2026,0,0,1
2026-03-14,1291932.9,150.0,441.0,5,11,3,2026,1,0,1
2025-05-20,1392761.9,166.0,433.0,1,21,5,2025,0,0,0
2025-05-21,1790638.2,208.0,569.0,2,21,5,2025,0,0,0
2025-05-22,1102080.5,154.0,352.0,3,21,5,2025,0,0,0
2025-05-23,1239890.0,158.0,406.0,4,21,5,2025,0,0,0
2025-05-24,1087445.4,128.0,345.0,5,21,5,2025,1,0,0
2025-05-25,1006178.5,124.0,321.0,6,21,5,2025,1,0,0
2025-05-26,1201931.6,128.0,376.0,0,22,5,2025,0,0,0
2025-05-27,1330001.0,191.0,419.0,1,22,5,2025,0,0,0
2025-05-28,1507473.6,207.0,489.0,2,22,5,2025,0,0,0
2025-05-29,1684993.9,193.0,552.0,3,22,5,2025,0,0,0
2025-05-30,1682471.1,220.0,550.0,4,22,5,2025,0,0,0
2025-05-31,1708847.8,220.0,554.0,5,22,5,2025,1,0,0
2025-06-01,1694065.6,215.0,541.0,6,22,6,2025,1,0,0
2025-06-02,1510452.1,198.0,469.0,0,23,6,2025,0,0,0
2025-06-03,687978.5,107.0,221.0,1,23,6,2025,0,0,0
2025-06-04,698326.94,62.0,222.0,2,23,6,2025,0,0,0
2025-06-05,2512079.5,305.0,763.0,3,23,6,2025,0,0,0
2025-06-06,2216718.0,146.0,593.0,4,23,6,2025,0,0,0
2025-06-07,1945826.9,256.0,546.0,5,23,6,2025,1,0,0
2025-06-08,1776376.8,234.0,443.0,6,23,6,2025,1,0,0
2025-06-09,1660144.2,206.0,418.0,0,24,6,2025,0,0,0
2025-06-10,1661910.2,221.0,435.0,1,24,6,2025,0,0,0
2025-06-11,1776044.8,204.0,482.0,2,24,6,2025,0,0,0
2025-06-12,1824831.2,221.0,510.0,3,24,6,2025,0,0,0
2025-05-26,1359760.1,162.0,423.0,0,22,5,2025,0,0,0
2025-05-27,1138253.1,144.0,348.0,1,22,5,2025,0,0,0
2025-05-28,1981926.5,238.0,609.0,2,22,5,2025,0,0,0
2025-05-29,1624210.0,217.0,497.0,3,22,5,2025,0,0,0
2025-05-30,1268459.9,180.0,382.0,4,22,5,2025,0,0,0
2025-05-31,1196827.1,155.0,357.0,5,22,5,2025,1,0,0
2025-06-01,1273205.2,141.0,377.0,6,22,6,2025,1,0,0
2025-06-02,1299041.9,183.0,382.0,0,23,6,2025,0,0,0
2025-06-03,1399122.8,198.0,421.0,1,23,6,2025,0,0,0
2025-06-04,1514586.1,187.0,461.0,2,23,6,2025,0,0,0
2025-06-05,1508759.6,204.0,464.0,3,23,6,2025,0,0,0
2025-06-06,1455389.6,199.0,448.0,4,23,6,2025,0,0,0
2025-06-07,838497.44,110.0,261.0,5,23,6,2025,1,0,0
2025-06-08,609514.8,76.0,191.0,6,23,6,2025,1,0,0
2025-06-09,2558254.0,327.0,738.0,0,24,6,2025,0,0,0
2025-06-10,2661356.5,245.0,711.0,1,24,6,2025,0,0,0
2025-06-11,867591.9,63.0,210.0,2,24,6,2025,0,0,0
2025-06-12,121836.39,17.0,35.0,3,24,6,2025,0,0,0
2025-06-13,233213.86,43.0,71.0,4,24,6,2025,0,0,0
2025-06-14,509477.62,80.0,152.0,5,24,6,2025,1,0,0
2025-06-15,964451.06,95.0,299.0,6,24,6,2025,1,0,0
2025-06-16,1280688.1,148.0,432.0,0,25,6,2025,0,0,0
2025-06-17,1431972.1,182.0,504.0,1,25,6,2025,0,0,0
2025-06-18,1498952.1,221.0,524.0,2,25,6,2025,0,0,0
2024-09-24,1367972.0,163.0,425.0,1,39,9,2024,0,0,0
2024-09-25,1397052.8,162.0,434.0,2,39,9,2024,0,0,0
2024-09-26,1839162.1,214.0,590.0,3,39,9,2024,0,0,0
2024-09-27,1157013.0,165.0,366.0,4,39,9,2024,0,0,0
2024-09-28,742719.8,102.0,230.0,5,39,9,2024,1,0,0
2024-09-29,724498.3,88.0,212.0,6,39,9,2024,1,0,0
2024-09-30,796205.3,104.0,230.0,0,40,9,2024,0,0,0
2024-10-01,921336.6,134.0,274.0,1,40,10,2024,0,0,0
2024-10-02,1121476.5,128.0,349.0,2,40,10,2024,0,0,0
2024-10-03,1211970.8,151.0,387.0,3,40,10,2024,0,0,0
2024-10-04,1208205.2,177.0,384.0,4,40,10,2024,0,0,0
2024-10-05,717352.0,87.0,229.0,5,40,10,2024,1,0,0
2024-10-06,336388.03,41.0,110.0,6,40,10,2024,1,0,0
2024-10-07,2343201.2,334.0,660.0,0,41,10,2024,0,0,0
2024-10-08,2742095.2,308.0,750.0,1,41,10,2024,0,0,0
2024-10-09,230680.6,22.0,47.0,2,41,10,2024,0,0,0
2024-10-10,371983.9,46.0,119.0,3,41,10,2024,0,0,0
2024-10-11,413354.06,69.0,124.0,4,41,10,2024,0,0,0
2024-10-12,771161.4,92.0,228.0,5,41,10,2024,1,0,0
2024-10-13,1077748.4,124.0,343.0,6,41,10,2024,1,0,0
2024-10-14,1238982.0,144.0,415.0,0,42,10,2024,0,0,0
2024-10-15,1226693.9,175.0,410.0,1,42,10,2024,0,0,0
2024-10-16,949553.3,119.0,311.0,2,42,10,2024,0,0,0
2024-10-17,376093.1,44.0,127.0,3,42,10,2024,0,0,0
2025-09-15,1349880.6,161.0,420.0,0,38,9,2025,0,0,0
2025-09-16,1213642.2,149.0,372.0,1,38,9,2025,0,0,0
2025-09-17,2045859.2,242.0,633.0,2,38,9,2025,0,0,0
2025-09-18,1694401.4,229.0,528.0,3,38,9,2025,0,0,0
2025-09-19,1394830.1,188.0,420.0,4,38,9,2025,0,0,0
2025-09-20,1307792.1,168.0,390.0,5,38,9,2025,1,0,0
2025-09-21,1369466.2,154.0,410.0,6,38,9,2025,1,0,0
2025-09-22,1411806.1,186.0,422.0,0,39,9,2025,0,0,0
2025-09-23,1461423.6,208.0,443.0,1,39,9,2025,0,0,0
2025-09-24,1531456.4,195.0,469.0,2,39,9,2025,0,0,0
2025-09-25,1458080.0,197.0,446.0,3,39,9,2025,0,0,0
2025-09-26,977219.7,125.0,299.0,4,39,9,2025,0,0,0
2025-09-27,413315.7,57.0,130.0,5,39,9,2025,1,0,0
2025-09-28,2483589.0,309.0,715.0,6,39,9,2025,1,0,0
2025-09-29,2892760.5,285.0,796.0,0,40,9,2025,0,0,0
2025-09-30,189185.95,18.0,40.0,1,40,9,2025,0,0,0
2025-10-01,480719.34,62.0,155.0,2,40,10,2025,0,0,0
2025-10-02,497410.38,82.0,142.0,3,40,10,2025,0,0,0
2025-10-03,777766.94,103.0,221.0,4,40,10,2025,0,0,0
2025-10-04,1076154.0,135.0,334.0,5,40,10,2025,1,0,0
2025-10-05,1319873.2,148.0,433.0,6,40,10,2025,1,0,0
2025-10-06,1313905.9,198.0,433.0,0,41,10,2025,0,0,0
2025-10-07,1249627.6,181.0,401.0,1,41,10,2025,0,0,0
2025-10-08,581469.6,78.0,192.0,2,41,10,2025,0,0,0
2026-04-17,1346994.1,161.0,419.0,4,16,4,2026,0,0,0
2026-04-18,1346486.1,157.0,417.0,5,16,4,2026,1,0,0
2026-04-19,1932664.5,225.0,618.0,6,16,4,2026,1,0,0
2026-04-20,1361818.6,197.0,432.0,0,17,4,2026,0,0,0
2026-04-21,941453.56,148.0,287.0,1,17,4,2026,0,0,0
2026-04-22,900797.9,129.0,264.0,2,17,4,2026,0,0,0
2026-04-23,1038009.5,117.0,292.0,3,17,4,2026,0,0,0
2026-04-24,1067344.9,175.0,299.0,4,17,4,2026,0,0,0
2026-04-25,1228551.1,165.0,358.0,5,17,4,2026,1,0,0
2026-04-26,1323807.4,152.0,398.0,6,17,4,2026,1,0,0
2026-04-27,1046226.56,132.0,313.0,0,18,4,2026,0,0,0
2026-04-28,367229.1,45.0,115.0,1,18,4,2026,0,0,0
2026-04-29,1909385.8,229.0,543.0,2,18,4,2026,0,0,0
2026-04-30,2451327.5,312.0,755.0,3,18,4,2026,0,0,0
2026-05-01,1356137.1,107.0,410.0,4,18,5,2026,0,0,0
2026-05-02,2212995.2,287.0,684.0,5,18,5,2026,1,0,0
2026-05-03,2385570.0,231.0,751.0,6,18,5,2026,1,0,0
2026-05-04,2160108.2,291.0,676.0,0,19,5,2026,0,0,0
2026-05-05,2303302.5,202.0,716.0,1,19,5,2026,0,0,0
2026-05-06,2254611.0,180.0,714.0,2,19,5,2026,0,0,0
2026-05-07,2104668.8,185.0,689.0,3,19,5,2026,0,0,0
2026-05-08,1951822.6,208.0,646.0,4,19,5,2026,0,0,0
2026-05-09,1838633.5,213.0,595.0,5,19,5,2026,1,0,0
2026-05-10,1487600.6,188.0,456.0,6,19,5,2026,1,0,0
2025-02-28,1337695.9,160.0,416.0,4,9,2,2025,0,0,0
2025-03-01,663058.9,81.0,223.0,5,9,3,2025,1,0,1
2025-03-02,2286404.8,286.0,672.0,6,9,3,2025,1,0,1
2025-03-03,2573710.0,225.0,749.0,0,10,3,2025,0,0,1
2025-03-04,2406273.2,242.0,669.0,1,10,3,2025,0,0,1
2025-03-05,2195145.5,228.0,629.0,2,10,3,2025,0,0,1
2025-03-06,2068588.2,203.0,608.0,3,10,3,2025,0,0,1
2025-03-07,1915155.6,198.0,575.0,4,10,3,2025,0,0,1
2025-03-08,1585730.2,184.0,473.0,5,10,3,2025,1,0,1
2025-03-09,615228.6,114.0,183.0,6,10,3,2025,1,0,1
2025-03-10,1648782.1,247.0,562.0,0,11,3,2025,0,0,1
2025-03-11,2364198.2,215.0,821.0,1,11,3,2025,0,0,1
2025-03-12,1107306.1,128.0,414.0,2,11,3,2025,0,0,1
2025-03-13,1946014.6,304.0,659.0,3,11,3,2025,0,0,1
2025-03-14,2543160.8,172.0,793.0,4,11,3,2025,0,0,1
2025-03-15,2215968.2,258.0,712.0,5,11,3,2025,1,0,1
2025-03-16,2195493.8,235.0,682.0,6,11,3,2025,1,0,1
2025-03-17,2195808.0,174.0,707.0,0,12,3,2025,0,0,1
2025-03-18,2102910.0,174.0,689.0,1,12,3,2025,0,0,1
2025-03-19,1924025.4,194.0,637.0,2,12,3,2025,0,0,1
2025-03-20,1584868.9,184.0,506.0,3,12,3,2025,0,0,1
2025-03-21,907649.06,159.0,262.0,4,12,3,2025,0,0,1
2025-03-22,699850.75,89.0,194.0,5,12,3,2025,1,0,1
2025-03-23,2459920.8,332.0,724.0,6,12,3,2025,1,0,1
2024-09-12,1465802.1,174.0,455.0,3,37,9,2024,0,0,0
2024-09-13,1839953.1,216.0,584.0,4,37,9,2024,0,0,0
2024-09-14,937621.9,131.0,291.0,5,37,9,2024,1,0,0
2024-09-15,2168898.0,272.0,709.0,6,37,9,2024,1,0,0
2024-09-16,2196624.5,240.0,710.0,0,38,9,2024,0,0,0
2024-09-17,2103945.5,257.0,665.0,1,38,9,2024,0,0,0
2024-09-18,2152072.5,211.0,658.0,2,38,9,2024,0,0,0
2024-09-19,2159511.8,186.0,666.0,3,38,9,2024,0,0,0
2024-09-20,2089336.0,193.0,662.0,4,38,9,2024,0,0,0
2024-09-21,1987697.5,211.0,637.0,5,38,9,2024,1,0,0
2024-09-22,1891669.8,212.0,599.0,6,38,9,2024,1,0,0
2024-09-23,1464694.5,187.0,445.0,0,39,9,2024,0,0,0
2024-09-24,659403.3,132.0,187.0,1,39,9,2024,0,0,0
2024-09-25,1221120.4,140.0,359.0,2,39,9,2024,0,0,0
2024-09-26,2662720.0,279.0,806.0,3,39,9,2024,0,0,0
2024-09-27,1967311.8,161.0,555.0,4,39,9,2024,0,0,0
2024-09-28,2089931.2,294.0,621.0,5,39,9,2024,1,0,0
2024-09-29,2110943.0,245.0,584.0,6,39,9,2024,1,0,0
2024-09-30,2134848.2,188.0,580.0,0,40,9,2024,0,0,0
2024-10-01,1928223.4,222.0,516.0,1,40,10,2024,0,0,0
2024-10-02,1980001.1,193.0,546.0,2,40,10,2024,0,0,0
2024-10-03,1980503.4,203.0,554.0,3,40,10,2024,0,0,0
2024-10-04,1990419.4,216.0,558.0,4,40,10,2024,0,0,0
2024-10-05,1982122.9,224.0,556.0,5,40,10,2024,1,0,0
2026-02-13,1424672.1,169.0,442.0,4,7,2,2026,0,0,0
2026-02-14,1811616.4,212.0,576.0,5,7,2,2026,1,0,0
2026-02-15,1093312.2,153.0,348.0,6,7,2,2026,1,0,0
2026-02-16,1565881.6,188.0,513.0,0,8,2,2026,0,0,0
2026-02-17,1480749.4,168.0,459.0,1,8,2,2026,0,0,0
2026-02-18,1173803.6,205.0,371.0,2,8,2,2026,0,0,0
2026-02-19,1402182.6,146.0,443.0,3,8,2,2026,0,0,0
2026-02-20,1504610.5,177.0,476.0,4,8,2,2026,0,0,0
2026-02-21,1538784.9,226.0,494.0,5,8,2,2026,1,0,0
2026-02-22,1665842.2,199.0,535.0,6,8,2,2026,1,0,0
2026-02-23,1502576.9,201.0,476.0,0,9,2,2026,0,0,0
2026-02-24,772621.2,110.0,253.0,1,9,2,2026,0,0,0
2026-02-25,465652.34,49.0,154.0,2,9,2,2026,0,0,0
2026-02-26,2368900.2,309.0,701.0,3,9,2,2026,0,0,0
2026-02-27,2753952.0,320.0,815.0,4,9,2,2026,0,0,0
2026-02-28,452176.78,50.0,124.0,5,9,2,2026,1,0,0
2026-03-01,1644250.6,188.0,526.0,6,9,3,2026,1,0,1
2026-03-02,1871623.4,215.0,550.0,0,10,3,2026,0,0,1
2026-03-03,1952551.8,233.0,555.0,1,10,3,2026,0,0,1
2026-03-04,1893715.8,234.0,550.0,2,10,3,2026,0,0,1
2026-03-05,1823808.6,239.0,539.0,3,10,3,2026,0,0,1
2026-03-06,1737382.1,246.0,514.0,4,10,3,2026,0,0,1
2026-03-07,1603695.9,236.0,465.0,5,10,3,2026,1,0,1
2026-03-08,1119933.6,175.0,325.0,6,10,3,2026,1,0,1
2026-04-06,1353852.1,162.0,421.0,0,15,4,2026,0,0,0
2026-04-07,1074850.8,138.0,329.0,1,15,4,2026,0,0,0
2026-04-08,2118201.5,255.0,638.0,2,15,4,2026,0,0,0
2026-04-09,1972156.2,236.0,591.0,3,15,4,2026,0,0,0
2026-04-10,1858320.0,164.0,540.0,4,15,4,2026,0,0,0
2026-04-11,1558307.4,193.0,454.0,5,15,4,2026,1,0,0
2026-04-12,1576017.4,162.0,475.0,6,15,4,2026,1,0,0
2026-04-13,1606484.2,175.0,484.0,0,16,4,2026,0,0,0
2026-04-14,1582776.1,217.0,483.0,1,16,4,2026,0,0,0
2026-04-15,1659829.4,204.0,510.0,2,16,4,2026,0,0,0
2026-04-16,1630677.0,210.0,501.0,3,16,4,2026,0,0,0
2026-04-17,1517352.5,208.0,464.0,4,16,4,2026,0,0,0
2026-04-18,990241.06,125.0,308.0,5,16,4,2026,1,0,0
2026-04-19,439365.8,60.0,139.0,6,16,4,2026,1,0,0
2026-04-20,2266064.0,295.0,658.0,0,17,4,2026,0,0,0
2026-04-21,2641400.8,324.0,792.0,1,17,4,2026,0,0,0
2026-04-22,1225230.0,129.0,364.0,2,17,4,2026,0,0,0
2026-04-23,2206961.0,250.0,700.0,3,17,4,2026,0,0,0
2026-04-24,2403375.5,224.0,741.0,4,17,4,2026,0,0,0
2026-04-25,2215965.8,274.0,685.0,5,17,4,2026,1,0,0
2026-04-26,2304088.8,199.0,715.0,6,17,4,2026,1,0,0
2026-04-27,2265553.5,175.0,721.0,0,18,4,2026,0,0,0
2026-04-28,2131704.0,184.0,707.0,1,18,4,2026,0,0,0
2026-04-29,2017024.2,206.0,682.0,2,18,4,2026,0,0,0
2024-11-12,1656612.0,197.0,512.0,1,46,11,2024,0,0,0
2024-11-13,1926386.6,228.0,606.0,2,46,11,2024,0,0,0
2024-11-14,910297.06,123.0,276.0,3,46,11,2024,0,0,0
2024-11-15,2174253.2,294.0,714.0,4,46,11,2024,0,0,0
2024-11-16,2318775.0,229.0,762.0,5,46,11,2024,1,0,0
2024-11-17,2133530.8,292.0,692.0,6,46,11,2024,1,0,0
2024-11-18,2256135.0,214.0,719.0,0,47,11,2024,0,0,0
2024-11-19,2260012.0,189.0,715.0,1,47,11,2024,0,0,0
2024-11-20,2143045.0,195.0,698.0,2,47,11,2024,0,0,0
2024-11-21,2040652.9,211.0,672.0,3,47,11,2024,0,0,0
2024-11-22,1980370.6,212.0,648.0,4,47,11,2024,0,0,0
2024-11-23,1826033.8,202.0,579.0,5,47,11,2024,1,0,0
2024-11-24,1050832.9,182.0,310.0,6,47,11,2024,1,0,0
2024-11-25,704519.1,103.0,188.0,0,48,11,2024,0,0,0
2024-11-26,2391521.8,355.0,695.0,1,48,11,2024,0,0,0
2024-11-27,2780049.5,222.0,770.0,2,48,11,2024,0,0,0
2024-11-28,430292.4,51.0,106.0,3,48,11,2024,0,0,0
2024-11-29,126267.086,20.0,35.0,4,48,11,2024,0,0,0
2024-11-30,227932.61,43.0,71.0,5,48,11,2024,1,0,0
2024-12-01,482466.9,76.0,144.0,6,48,12,2024,1,0,0
2024-12-02,911889.75,92.0,280.0,0,49,12,2024,0,0,0
2024-12-03,1096179.4,128.0,352.0,1,49,12,2024,0,0,0
2024-12-04,667593.25,66.0,233.0,2,49,12,2024,0,0,0
2024-12-05,407974.53,43.0,140.0,3,49,12,2024,0,0,0
2025-03-05,1383797.9,165.0,430.0,2,10,3,2025,0,0,1
2025-03-06,940187.06,121.0,300.0,3,10,3,2025,0,0,1
2025-03-07,2124081.5,257.0,653.0,4,10,3,2025,0,0,1
2025-03-08,2175024.0,218.0,651.0,5,10,3,2025,1,0,1
2025-03-09,2043839.0,156.0,603.0,6,10,3,2025,1,0,1
2025-03-10,1636431.9,207.0,481.0,0,11,3,2025,0,0,1
2025-03-11,1639723.6,162.0,503.0,1,11,3,2025,0,0,1
2025-03-12,1643234.2,166.0,503.0,2,11,3,2025,0,0,1
2025-03-13,1591299.9,205.0,493.0,3,11,3,2025,0,0,1
2025-03-14,1642871.8,195.0,513.0,4,11,3,2025,0,0,1
2025-03-15,1562910.5,202.0,488.0,5,11,3,2025,1,0,1
2025-03-16,1367881.9,178.0,421.0,6,11,3,2025,1,0,1
2025-03-17,731391.2,94.0,234.0,0,12,3,2025,0,0,1
2025-03-18,699588.8,66.0,223.0,1,12,3,2025,0,0,1
2025-03-19,2588394.8,320.0,752.0,2,12,3,2025,0,0,1
2025-03-20,2565143.2,238.0,678.0,3,12,3,2025,0,0,1
2025-03-21,1336059.1,100.0,339.0,4,12,3,2025,0,0,1
2025-03-22,194489.38,28.0,57.0,5,12,3,2025,1,0,1
2025-03-23,323266.9,50.0,95.0,6,12,3,2025,1,0,1
2025-03-24,599533.4,89.0,177.0,0,13,3,2025,0,0,1
2025-03-25,1031391.1,101.0,323.0,1,13,3,2025,0,0,1
2025-03-26,1306043.6,150.0,444.0,2,13,3,2025,0,0,1
2025-03-27,1448454.0,188.0,512.0,3,13,3,2025,0,0,1
2025-03-28,1479467.9,221.0,517.0,4,13,3,2025,0,0,1
2026-04-02,1383561.6,165.0,430.0,3,14,4,2026,0,0,0
2026-04-03,910609.9,116.0,293.0,4,14,4,2026,0,0,0
2026-04-04,2239752.0,275.0,684.0,5,14,4,2026,1,0,0
2026-04-05,2407528.5,210.0,726.0,6,14,4,2026,1,0,0
2026-04-06,2286010.5,185.0,682.0,0,15,4,2026,0,0,0
2026-04-07,1976321.4,219.0,588.0,1,15,4,2026,0,0,0
2026-04-08,1924523.8,184.0,587.0,2,15,4,2026,0,0,0
2026-04-09,1878010.8,177.0,579.0,3,15,4,2026,0,0,0
2026-04-10,1824790.9,187.0,560.0,4,15,4,2026,0,0,0
2026-04-11,1713229.5,195.0,519.0,5,15,4,2026,1,0,0
2026-04-12,1436144.6,172.0,428.0,6,15,4,2026,1,0,0
2026-04-13,897333.9,134.0,265.0,0,16,4,2026,0,0,0
2026-04-14,549878.7,69.0,160.0,1,16,4,2026,0,0,0
2026-04-15,868488.75,77.0,239.0,2,16,4,2026,0,0,0
2026-04-16,2613089.5,349.0,695.0,3,16,4,2026,0,0,0
2026-04-17,1964706.0,214.0,481.0,4,16,4,2026,0,0,0
2026-04-18,1558648.5,224.0,417.0,5,16,4,2026,1,0,0
2026-04-19,1108283.4,105.0,288.0,6,16,4,2026,1,0,0
2026-04-20,881220.9,96.0,261.0,0,17,4,2026,0,0,0
2026-04-21,1106896.8,109.0,327.0,1,17,4,2026,0,0,0
2026-04-22,1249572.1,178.0,378.0,2,17,4,2026,0,0,0
2026-04-23,1413056.6,188.0,451.0,3,17,4,2026,0,0,0
2026-04-24,1449345.4,161.0,474.0,4,17,4,2026,0,0,0
2026-04-25,1073565.4,121.0,356.0,5,17,4,2026,1,0,0
2024-10-18,1389651.4,165.0,432.0,4,42,10,2024,0,0,0
2024-10-19,948209.0,122.0,302.0,5,42,10,2024,1,0,0
2024-10-20,2205252.0,268.0,675.0,6,42,10,2024,1,0,0
2024-10-21,2306777.0,217.0,693.0,0,43,10,2024,0,0,0
2024-10-22,2190412.0,165.0,647.0,1,43,10,2024,0,0,0
2024-10-23,1790089.5,217.0,522.0,2,43,10,2024,0,0,0
2024-10-24,1760284.0,171.0,531.0,3,43,10,2024,0,0,0
2024-10-25,1743152.4,167.0,530.0,4,43,10,2024,0,0,0
2024-10-26,1688975.0,190.0,517.0,5,43,10,2024,1,0,0
2024-10-27,1620262.6,189.0,499.0,6,43,10,2024,1,0,0
2024-10-28,1278121.6,148.0,392.0,0,44,10,2024,0,0,0
2024-10-29,526691.6,64.0,171.0,1,44,10,2024,0,0,0
2024-10-30,753071.2,51.0,244.0,2,44,10,2024,0,0,0
2024-10-31,2690110.2,309.0,759.0,3,44,10,2024,0,0,0
2024-11-01,2809698.0,275.0,744.0,4,44,11,2024,0,0,0
2024-11-02,892825.25,71.0,209.0,5,44,11,2024,1,0,0
2024-11-03,139565.34,18.0,42.0,6,44,11,2024,1,0,0
2024-11-04,241184.19,43.0,73.0,0,45,11,2024,0,0,0
2024-11-05,537756.0,80.0,161.0,1,45,11,2024,0,0,0
2024-11-06,979459.0,96.0,306.0,2,45,11,2024,0,0,0
2024-11-07,1252390.4,146.0,422.0,3,45,11,2024,0,0,0
2024-11-08,1372381.2,176.0,481.0,4,45,11,2024,0,0,0
2024-11-09,1333452.4,200.0,459.0,5,45,11,2024,1,0,0
2024-11-10,979591.94,127.0,334.0,6,45,11,2024,1,0,0
2025-11-06,1559624.1,184.0,483.0,3,45,11,2025,0,0,0
2025-11-07,1886276.6,222.0,597.0,4,45,11,2025,0,0,0
2025-11-08,851221.75,116.0,258.0,5,45,11,2025,1,0,0
2025-11-09,2228140.5,292.0,721.0,6,45,11,2025,1,0,0
2025-11-10,2322170.8,237.0,752.0,0,46,11,2025,0,0,0
2025-11-11,2146294.0,290.0,684.0,1,46,11,2025,0,0,0
2025-11-12,2251505.8,218.0,707.0,2,46,11,2025,0,0,0
2025-11-13,2269692.8,191.0,710.0,3,46,11,2025,0,0,0
2025-11-14,2167173.0,196.0,701.0,4,46,11,2025,0,0,0
2025-11-15,2074659.0,213.0,682.0,5,46,11,2025,1,0,0
2025-11-16,2038553.0,215.0,670.0,6,46,11,2025,1,0,0
2025-11-17,1946270.0,207.0,630.0,0,47,11,2025,0,0,0
2025-11-18,1590814.4,196.0,484.0,1,47,11,2025,0,0,0
2025-11-19,829070.9,165.0,230.0,2,47,11,2025,0,0,0
2025-11-20,883566.9,97.0,233.0,3,47,11,2025,0,0,0
2025-11-21,2571401.0,335.0,750.0,4,47,11,2025,0,0,0
2025-11-22,2063317.5,134.0,530.0,5,47,11,2025,1,0,0
2025-11-23,2170772.0,310.0,611.0,6,47,11,2025,1,0,0
2025-11-24,2396183.2,262.0,675.0,0,48,11,2025,0,0,0
2025-11-25,2394076.2,223.0,695.0,1,48,11,2025,0,0,0
2025-11-26,2271393.8,225.0,641.0,2,48,11,2025,0,0,0
2025-11-27,2118042.5,212.0,624.0,3,48,11,2025,0,0,0
2025-11-28,2034628.2,212.0,610.0,4,48,11,2025,0,0,0
2025-11-29,1973823.2,219.0,589.0,5,48,11,2025,1,0,0
2025-02-18,1362934.2,163.0,424.0,1,8,2,2025,0,0,0
2025-02-19,1671034.4,190.0,529.0,2,8,2,2025,0,0,0
2025-02-20,1796068.0,215.0,566.0,3,8,2,2025,0,0,0
2025-02-21,931560.75,128.0,294.0,4,8,2,2025,0,0,0
2025-02-22,481312.88,61.0,158.0,5,8,2,2025,1,0,0
2025-02-23,625078.25,49.0,194.0,6,8,2,2025,1,0,0
2025-02-24,761224.44,109.0,236.0,0,9,2,2025,0,0,0
2025-02-25,1049307.1,118.0,342.0,1,9,2,2025,0,0,0
2025-02-26,1243138.6,138.0,424.0,2,9,2,2025,0,0,0
2025-02-27,1331810.9,179.0,461.0,3,9,2,2025,0,0,0
2025-02-28,1412658.4,205.0,485.0,4,9,2,2025,0,0,0
2025-03-01,1467424.0,215.0,495.0,5,9,3,2025,1,0,1
2025-03-02,1428751.5,213.0,470.0,6,9,3,2025,1,0,1
2025-03-03,972785.06,130.0,320.0,0,10,3,2025,0,0,1
2025-03-04,477522.53,65.0,156.0,1,10,3,2025,0,0,1
2025-03-05,1617225.9,162.0,500.0,2,10,3,2025,0,0,1
2025-03-06,2558529.2,285.0,809.0,3,10,3,2025,0,0,1
2025-03-07,1527703.5,112.0,536.0,4,10,3,2025,0,0,1
2025-03-08,1891456.9,317.0,634.0,5,10,3,2025,1,0,1
2025-03-09,2300164.2,205.0,750.0,6,10,3,2025,1,0,1
2025-03-10,2138474.2,264.0,681.0,0,11,3,2025,0,0,1
2025-03-11,2214029.8,215.0,681.0,1,11,3,2025,0,0,1
2025-03-12,2162610.0,188.0,683.0,2,11,3,2025,0,0,1
2025-03-13,2080277.2,193.0,672.0,3,11,3,2025,0,0,1
2024-11-07,1364600.2,163.0,424.0,3,45,11,2024,0,0,0
2024-11-08,1629476.0,185.0,514.0,4,45,11,2024,0,0,0
2024-11-09,1699181.0,208.0,535.0,5,45,11,2024,1,0,0
2024-11-10,843461.44,112.0,272.0,6,45,11,2024,1,0,0
2024-11-11,406994.3,48.0,137.0,0,46,11,2024,0,0,0
2024-11-12,472682.22,42.0,154.0,1,46,11,2024,0,0,0
2024-11-13,605481.75,80.0,190.0,2,46,11,2024,0,0,0
2024-11-14,873217.56,88.0,276.0,3,46,11,2024,0,0,0
2024-11-15,1090605.1,127.0,359.0,4,46,11,2024,0,0,0
2024-11-16,1255749.6,150.0,424.0,5,46,11,2024,1,0,0
2024-11-17,1343277.4,192.0,454.0,6,46,11,2024,1,0,0
2024-11-18,1444795.5,212.0,484.0,0,47,11,2024,0,0,0
2024-11-19,1503839.2,217.0,497.0,1,47,11,2024,0,0,0
2024-11-20,1499802.1,220.0,487.0,2,47,11,2024,0,0,0
2024-11-21,1424020.9,207.0,452.0,3,47,11,2024,0,0,0
2024-11-22,848543.94,120.0,273.0,4,47,11,2024,0,0,0
2024-11-23,427126.78,53.0,139.0,5,47,11,2024,1,0,0
2024-11-24,2432730.2,316.0,701.0,6,47,11,2024,1,0,0
2024-11-25,2828182.5,314.0,818.0,0,48,11,2024,0,0,0
2024-11-26,472049.4,53.0,126.0,1,48,11,2024,0,0,0
2024-11-27,1929841.6,195.0,599.0,2,48,11,2024,0,0,0
2024-11-28,2056143.1,262.0,589.0,3,48,11,2024,0,0,0
2024-11-29,2159537.8,244.0,586.0,4,48,11,2024,0,0,0
2024-11-30,2052271.6,238.0,566.0,5,48,11,2024,1,0,0
2024-08-27,1555404.2,184.0,482.0,1,35,8,2024,0,0,0
2024-08-28,1883038.1,222.0,596.0,2,35,8,2024,0,0,0
2024-08-29,1319846.5,180.0,420.0,3,35,8,2024,0,0,0
2024-08-30,2297325.2,273.0,728.0,4,35,8,2024,0,0,0
2024-08-31,2302189.0,242.0,723.0,5,35,8,2024,1,0,0
2024-09-01,2164256.8,228.0,674.0,6,35,9,2024,1,0,0
2024-09-02,2031644.2,218.0,606.0,0,36,9,2024,0,0,0
2024-09-03,1971511.4,192.0,590.0,1,36,9,2024,0,0,0
2024-09-04,1912320.0,188.0,572.0,2,36,9,2024,0,0,0
2024-09-05,1816714.6,200.0,532.0,3,36,9,2024,0,0,0
2024-09-06,1530453.6,177.0,440.0,4,36,9,2024,0,0,0
2024-09-07,647340.0,112.0,193.0,5,36,9,2024,1,0,0
2024-09-08,1212657.5,106.0,368.0,6,36,9,2024,1,0,0
2024-09-09,2710825.2,286.0,817.0,0,37,9,2024,0,0,0
2024-09-10,2191600.0,206.0,624.0,1,37,9,2024,0,0,0
2024-09-11,1627039.6,216.0,467.0,2,37,9,2024,0,0,0
2024-09-12,866678.5,119.0,241.0,3,37,9,2024,0,0,0
2024-09-13,783854.06,76.0,225.0,4,37,9,2024,0,0,0
2024-09-14,1138874.9,77.0,312.0,5,37,9,2024,1,0,0
2024-09-15,1154620.2,194.0,347.0,6,37,9,2024,1,0,0
2024-09-16,1469846.2,165.0,483.0,0,38,9,2024,0,0,0
2024-09-17,1504006.0,160.0,512.0,1,38,9,2024,0,0,0
2024-09-18,1133847.9,136.0,388.0,2,38,9,2024,0,0,0
2024-09-19,465417.62,47.0,165.0,3,38,9,2024,0,0,0
2024-11-13,1343598.9,161.0,418.0,2,46,11,2024,0,0,0
2024-11-14,867729.06,110.0,280.0,3,46,11,2024,0,0,0
2024-11-15,2318556.2,290.0,697.0,4,46,11,2024,0,0,0
2024-11-16,2554637.8,206.0,763.0,5,46,11,2024,1,0,0
2024-11-17,2372498.2,214.0,700.0,6,46,11,2024,1,0,0
2024-11-18,2158652.8,216.0,653.0,0,47,11,2024,0,0,0
2024-11-19,2069391.0,186.0,646.0,1,47,11,2024,0,0,0
2024-11-20,1973991.9,181.0,629.0,2,47,11,2024,0,0,0
2024-11-21,1832609.6,199.0,580.0,3,47,11,2024,0,0,0
2024-11-22,1671426.8,208.0,508.0,4,47,11,2024,0,0,0
2024-11-23,1339971.5,181.0,385.0,5,47,11,2024,1,0,0
2024-11-24,661222.06,110.0,192.0,6,47,11,2024,1,0,0
2024-11-25,531463.4,51.0,157.0,0,48,11,2024,0,0,0
2024-11-26,2399875.0,309.0,679.0,1,48,11,2024,0,0,0
2024-11-27,2697838.5,320.0,791.0,2,48,11,2024,0,0,0
2024-11-28,935741.75,109.0,271.0,3,48,11,2024,0,0,0
2024-11-29,2167180.2,234.0,682.0,4,48,11,2024,0,0,0
2024-11-30,2323196.8,231.0,707.0,5,48,11,2024,1,0,0
2024-12-01,2199227.2,252.0,667.0,6,48,12,2024,1,0,0
2024-12-02,2227377.2,200.0,679.0,0,49,12,2024,0,0,0
2024-12-03,2189285.0,173.0,689.0,1,49,12,2024,0,0,0
2024-12-04,2094641.0,183.0,685.0,2,49,12,2024,0,0,0
2024-12-05,1996722.0,205.0,669.0,3,49,12,2024,0,0,0
2024-12-06,1919329.6,211.0,644.0,4,49,12,2024,0,0,0
2025-04-09,1409227.8,167.0,438.0,2,15,4,2025,0,0,0
2025-04-10,1789777.1,208.0,569.0,3,15,4,2025,0,0,0
2025-04-11,1048647.1,147.0,334.0,4,15,4,2025,0,0,0
2025-04-12,1532937.4,183.0,504.0,5,15,4,2025,1,0,0
2025-04-13,1449289.5,157.0,454.0,6,15,4,2025,1,0,0
2025-04-14,1143338.0,199.0,367.0,0,16,4,2025,0,0,0
2025-04-15,1387635.2,145.0,446.0,1,16,4,2025,0,0,0
2025-04-16,1498922.6,177.0,481.0,2,16,4,2025,0,0,0
2025-04-17,1560955.8,228.0,509.0,3,16,4,2025,0,0,0
2025-04-18,1751104.9,205.0,568.0,4,16,4,2025,0,0,0
2025-04-19,1756456.4,230.0,564.0,5,16,4,2025,1,0,0
2025-04-20,1776454.2,235.0,560.0,6,16,4,2025,1,0,0
2025-04-21,1802875.6,221.0,558.0,0,17,4,2025,0,0,0
2025-04-22,1672898.0,218.0,504.0,1,17,4,2025,0,0,0
2025-04-23,1302188.1,169.0,388.0,2,17,4,2025,0,0,0
2025-04-24,676465.8,105.0,205.0,3,17,4,2025,0,0,0
2025-04-25,537097.5,53.0,160.0,4,17,4,2025,0,0,0
2025-04-26,2569115.2,328.0,713.0,5,17,4,2025,1,0,0
2025-04-27,2903918.0,299.0,816.0,6,17,4,2025,1,0,0
2025-04-28,178290.11,22.0,40.0,0,18,4,2025,0,0,0
2025-04-29,1140815.9,149.0,371.0,1,18,4,2025,0,0,0
2025-04-30,1296967.9,163.0,384.0,2,18,4,2025,0,0,0
2025-05-01,1302692.6,224.0,413.0,3,18,5,2025,0,0,0
2025-05-02,1404063.8,217.0,461.0,4,18,5,2025,0,0,0
2026-03-13,1604713.1,190.0,497.0,4,11,3,2026,0,0,1
2026-03-14,1920589.8,227.0,607.0,5,11,3,2026,1,0,1
2026-03-15,800099.5,106.0,238.0,6,11,3,2026,1,0,1
2026-03-16,2145360.8,280.0,704.0,0,12,3,2026,0,0,1
2026-03-17,2191451.8,246.0,722.0,1,12,3,2026,0,0,1
2026-03-18,2079231.8,285.0,667.0,2,12,3,2026,0,0,1
2026-03-19,2183119.8,219.0,680.0,3,12,3,2026,0,0,1
2026-03-20,2222317.8,190.0,690.0,4,12,3,2026,0,0,1
2026-03-21,2142923.2,194.0,687.0,5,12,3,2026,1,0,1
2026-03-22,2037705.2,211.0,665.0,6,12,3,2026,1,0,1
2026-03-23,1939127.9,209.0,628.0,0,13,3,2026,0,0,1
2026-03-24,1671297.0,199.0,513.0,1,13,3,2026,0,0,1
2026-03-25,922699.4,177.0,260.0,2,13,3,2026,0,0,1
2026-03-26,726783.1,95.0,192.0,3,13,3,2026,0,0,1
2026-03-27,2432133.5,341.0,709.0,4,13,3,2026,0,0,1
2026-03-28,2884724.5,226.0,824.0,5,13,3,2026,1,0,1
2026-03-29,164738.83,17.0,41.0,6,13,3,2026,1,0,1
2026-03-30,963932.6,128.0,328.0,0,14,3,2026,0,0,1
2026-03-31,1149674.8,132.0,332.0,1,14,3,2026,0,0,1
2026-04-01,1111040.6,193.0,344.0,2,14,4,2026,0,0,0
2026-04-02,1220830.1,185.0,396.0,3,14,4,2026,0,0,0
2026-04-03,1341032.8,183.0,437.0,4,14,4,2026,0,0,0
2026-04-04,1358089.4,214.0,437.0,5,14,4,2026,1,0,0
2026-04-05,1287313.4,203.0,399.0,6,14,4,2026,1,0,0
2025-10-16,1350035.2,161.0,420.0,3,42,10,2025,0,0,0
2025-10-17,581332.0,72.0,196.0,4,42,10,2025,0,0,0
2025-10-18,2186710.8,272.0,641.0,5,42,10,2025,1,0,0
2025-10-19,2430654.5,247.0,684.0,6,42,10,2025,1,0,0
2025-10-20,2393622.8,214.0,629.0,0,43,10,2025,0,0,0
2025-10-21,2047930.4,233.0,551.0,1,43,10,2025,0,0,0
2025-10-22,1944255.9,209.0,541.0,2,43,10,2025,0,0,0
2025-10-23,1876784.2,209.0,533.0,3,43,10,2025,0,0,0
2025-10-24,1851806.4,217.0,528.0,4,43,10,2025,0,0,0
2025-10-25,1833015.6,231.0,521.0,5,43,10,2025,1,0,0
2025-10-26,1815341.1,238.0,510.0,6,43,10,2025,1,0,0
2025-10-27,1774002.6,237.0,488.0,0,44,10,2025,0,0,0
2025-10-28,1649252.2,226.0,442.0,1,44,10,2025,0,0,0
2025-10-29,1018420.94,162.0,281.0,2,44,10,2025,0,0,0
2025-10-30,484843.66,78.0,139.0,3,44,10,2025,0,0,0
2025-10-31,2306469.5,311.0,688.0,4,44,10,2025,0,0,0
2025-11-01,2841163.0,292.0,841.0,5,44,11,2025,1,0,0
2025-11-02,973184.56,100.0,299.0,6,44,11,2025,1,0,0
2025-11-03,2170511.0,221.0,710.0,0,45,11,2025,0,0,0
2025-11-04,2338685.0,225.0,712.0,1,45,11,2025,0,0,0
2025-11-05,2190923.2,241.0,667.0,2,45,11,2025,0,0,0
2025-11-06,2209664.5,184.0,676.0,3,45,11,2025,0,0,0
2025-11-07,2143634.2,160.0,680.0,4,45,11,2025,0,0,0
2025-11-08,2023286.2,173.0,666.0,5,45,11,2025,1,0,0
2025-11-24,1785489.0,214.0,551.0,0,48,11,2025,0,0,0
2025-11-25,2015647.4,242.0,632.0,1,48,11,2025,0,0,0
2025-11-26,1165238.5,149.0,363.0,2,48,11,2025,0,0,0
2025-11-27,2024911.2,273.0,688.0,3,48,11,2025,0,0,0
2025-11-28,2127167.8,238.0,703.0,4,48,11,2025,0,0,0
2025-11-29,2065479.6,249.0,670.0,5,48,11,2025,1,0,0
2025-11-30,2095411.5,206.0,646.0,6,48,11,2025,1,0,0
2025-12-01,2062767.8,181.0,638.0,0,49,12,2025,0,0,0
2025-12-02,1978833.4,189.0,618.0,1,49,12,2025,0,0,0
2025-12-03,1858470.2,206.0,573.0,2,49,12,2025,0,0,0
2025-12-04,1691276.6,205.0,501.0,3,49,12,2025,0,0,0
2025-12-05,1095721.1,166.0,316.0,4,49,12,2025,0,0,0
2025-12-06,550470.0,90.0,154.0,5,49,12,2025,1,0,0
2025-12-07,1898999.6,275.0,566.0,6,49,12,2025,1,0,0
2025-12-08,2570093.2,276.0,800.0,0,50,12,2025,0,0,0
2025-12-09,1339097.5,124.0,439.0,1,50,12,2025,0,0,0
2025-12-10,2028436.0,281.0,682.0,2,50,12,2025,0,0,0
2025-12-11,2391199.0,206.0,762.0,3,50,12,2025,0,0,0
2025-12-12,2160032.2,270.0,692.0,4,50,12,2025,0,0,0
2025-12-13,2191896.2,215.0,679.0,5,50,12,2025,1,0,0
2025-12-14,2124295.2,177.0,667.0,6,50,12,2025,1,0,0
2025-12-15,1928377.2,167.0,616.0,0,51,12,2025,0,0,0
2025-12-16,1161502.6,154.0,366.0,1,51,12,2025,0,0,0
2025-12-17,721872.2,90.0,212.0,2,51,12,2025,0,0,0
2024-10-30,1457714.4,173.0,453.0,2,44,10,2024,0,0,0
2024-10-31,1564213.8,181.0,489.0,3,44,10,2024,0,0,0
2024-11-01,1625086.4,200.0,512.0,4,44,11,2024,0,0,0
2024-11-02,906770.25,115.0,297.0,5,44,11,2024,1,0,0
2024-11-03,486923.12,59.0,162.0,6,44,11,2024,1,0,0
2024-11-04,523379.78,49.0,165.0,0,45,11,2024,0,0,0
2024-11-05,622048.4,89.0,189.0,1,45,11,2024,0,0,0
2024-11-06,872187.25,94.0,268.0,2,45,11,2024,0,0,0
2024-11-07,1072761.9,127.0,344.0,3,45,11,2024,0,0,0
2024-11-08,1223682.5,148.0,402.0,4,45,11,2024,0,0,0
2024-11-09,1307762.9,188.0,431.0,5,45,11,2024,1,0,0
2024-11-10,1396970.4,206.0,458.0,6,45,11,2024,1,0,0
2024-11-11,1427770.0,208.0,462.0,0,46,11,2024,0,0,0
2024-11-12,1320954.4,191.0,415.0,1,46,11,2024,0,0,0
2024-11-13,668862.44,95.0,215.0,2,46,11,2024,0,0,0
2024-11-14,468610.06,48.0,154.0,3,46,11,2024,0,0,0
2024-11-15,2499233.0,328.0,706.0,4,46,11,2024,0,0,0
2024-11-16,2859643.2,311.0,798.0,5,46,11,2024,1,0,0
2024-11-17,162461.86,20.0,35.0,6,46,11,2024,1,0,0
2024-11-18,962905.75,115.0,305.0,0,47,11,2024,0,0,0
2024-11-19,1107499.6,133.0,312.0,1,47,11,2024,0,0,0
2024-11-20,1127972.6,196.0,348.0,2,47,11,2024,0,0,0
2024-11-21,1295092.0,185.0,420.0,3,47,11,2024,0,0,0
2024-11-22,1402778.5,197.0,460.0,4,47,11,2024,0,0,0
2025-09-08,1843034.5,221.0,568.0,0,37,9,2025,0,0,0
2025-09-09,2031160.4,245.0,633.0,1,37,9,2025,0,0,0
2025-09-10,1455064.9,185.0,457.0,2,37,9,2025,0,0,0
2025-09-11,1826478.2,235.0,585.0,3,37,9,2025,0,0,0
2025-09-12,1375687.8,207.0,428.0,4,37,9,2025,0,0,0
2025-09-13,980034.9,162.0,284.0,5,37,9,2025,1,0,0
2025-09-14,940818.6,126.0,264.0,6,37,9,2025,1,0,0
2025-09-15,1059877.2,119.0,286.0,0,38,9,2025,0,0,0
2025-09-16,1071539.1,184.0,291.0,1,38,9,2025,0,0,0
2025-09-17,1263600.5,162.0,360.0,2,38,9,2025,0,0,0
2025-09-18,1389809.1,155.0,412.0,3,38,9,2025,0,0,0
2025-09-19,1379053.9,189.0,420.0,4,38,9,2025,0,0,0
2025-09-20,1327580.4,179.0,406.0,5,38,9,2025,1,0,0
2025-09-21,953035.2,117.0,292.0,6,38,9,2025,1,0,0
2025-09-22,390773.38,54.0,122.0,0,39,9,2025,0,0,0
2025-09-23,2475156.2,317.0,692.0,1,39,9,2025,0,0,0
2025-09-24,2868084.8,310.0,808.0,2,39,9,2025,0,0,0
2025-09-25,354107.88,39.0,86.0,3,39,9,2025,0,0,0
2025-09-26,1948884.8,198.0,590.0,4,39,9,2025,0,0,0
2025-09-27,2018100.5,287.0,574.0,5,39,9,2025,1,0,0
2025-09-28,2160438.5,257.0,576.0,6,39,9,2025,1,0,0
2025-09-29,2054337.2,249.0,555.0,0,40,9,2025,0,0,0
2025-09-30,2033179.9,244.0,554.0,1,40,9,2025,0,0,0
2025-10-01,1997531.4,245.0,554.0,2,40,10,2025,0,0,0
2025-10-31,1388350.9,165.0,431.0,4,44,10,2025,0,0,0
2025-11-01,1783430.5,207.0,567.0,5,44,11,2025,1,0,0
2025-11-02,1189598.6,164.0,380.0,6,44,11,2025,1,0,0
2025-11-03,884785.7,114.0,275.0,0,45,11,2025,0,0,0
2025-11-04,693582.25,96.0,203.0,1,45,11,2025,0,0,0
2025-11-05,747587.4,97.0,209.0,2,45,11,2025,0,0,0
2025-11-06,908726.9,140.0,259.0,3,45,11,2025,0,0,0
2025-11-07,1197209.0,149.0,364.0,4,45,11,2025,0,0,0
2025-11-08,1398280.5,164.0,450.0,5,45,11,2025,1,0,0
2025-11-09,1443440.0,204.0,476.0,6,45,11,2025,1,0,0
2025-11-10,1422230.5,204.0,467.0,0,46,11,2025,0,0,0
2025-11-11,1232005.1,163.0,394.0,1,46,11,2025,0,0,0
2025-11-12,738408.9,111.0,239.0,2,46,11,2025,0,0,0
2025-11-13,512423.22,54.0,161.0,3,46,11,2025,0,0,0
2025-11-14,1802125.0,222.0,540.0,4,46,11,2025,0,0,0
2025-11-15,2499228.5,299.0,788.0,5,46,11,2025,1,0,0
2025-11-16,1312781.8,107.0,486.0,6,46,11,2025,1,0,0
2025-11-17,2054457.6,286.0,698.0,0,47,11,2025,0,0,0
2025-11-18,2358441.2,207.0,772.0,1,47,11,2025,0,0,0
2025-11-19,2126982.5,292.0,682.0,2,47,11,2025,0,0,0
2025-11-20,2275171.2,208.0,719.0,3,47,11,2025,0,0,0
2025-11-21,2250660.8,179.0,719.0,4,47,11,2025,0,0,0
2025-11-22,2116590.8,189.0,697.0,5,47,11,2025,1,0,0
2025-11-23,2009243.2,211.0,674.0,6,47,11,2025,1,0,0
2026-04-13,1378956.8,164.0,429.0,0,16,4,2026,0,0,0
2026-04-14,1706588.6,195.0,541.0,1,16,4,2026,0,0,0
2026-04-15,1680631.0,213.0,523.0,2,16,4,2026,0,0,0
2026-04-16,801951.2,111.0,256.0,3,16,4,2026,0,0,0
2026-04-17,394582.38,45.0,131.0,4,16,4,2026,0,0,0
2026-04-18,461355.88,42.0,150.0,5,16,4,2026,1,0,0
2026-04-19,597663.75,79.0,188.0,6,16,4,2026,1,0,0
2026-04-20,880603.25,88.0,279.0,0,17,4,2026,0,0,0
2026-04-21,1083419.6,125.0,357.0,1,17,4,2026,0,0,0
2026-04-22,1223115.4,148.0,413.0,2,17,4,2026,0,0,0
2026-04-23,1196732.5,173.0,396.0,3,17,4,2026,0,0,0
2026-04-24,859424.5,105.0,279.0,4,17,4,2026,0,0,0
2026-04-25,417724.66,56.0,135.0,5,17,4,2026,1,0,0
2026-04-26,1798383.0,196.0,535.0,6,17,4,2026,1,0,0
2026-04-27,2457892.8,296.0,782.0,0,18,4,2026,0,0,0
2026-04-28,1570690.0,153.0,578.0,1,18,4,2026,0,0,0
2026-04-29,1844431.6,300.0,636.0,2,18,4,2026,0,0,0
2026-04-30,2045333.5,235.0,628.0,3,18,4,2026,0,0,0
2026-05-01,2057148.8,209.0,601.0,4,18,5,2026,0,0,0
2026-05-02,1923424.8,221.0,552.0,5,18,5,2026,1,0,0
2026-05-03,1940240.6,193.0,569.0,6,18,5,2026,1,0,0
2026-05-04,1919931.5,199.0,570.0,0,19,5,2026,0,0,0
2026-05-05,1917577.1,213.0,570.0,1,19,5,2026,0,0,0
2026-05-06,1886418.4,226.0,555.0,2,19,5,2026,0,0,0
2026-04-14,1588102.9,188.0,492.0,1,16,4,2026,0,0,0
2026-04-15,1874429.4,221.0,591.0,2,16,4,2026,0,0,0
2026-04-16,1448803.4,186.0,458.0,3,16,4,2026,0,0,0
2026-04-17,2298744.5,264.0,726.0,4,16,4,2026,0,0,0
2026-04-18,2185933.5,255.0,688.0,5,16,4,2026,1,0,0
2026-04-19,2073059.8,201.0,639.0,6,16,4,2026,1,0,0
2026-04-20,1778327.1,224.0,515.0,0,17,4,2026,0,0,0
2026-04-21,1751913.5,183.0,510.0,1,17,4,2026,0,0,0
2026-04-22,1730370.5,179.0,502.0,2,17,4,2026,0,0,0
2026-04-23,1672276.8,191.0,486.0,3,17,4,2026,0,0,0
2026-04-24,1547131.6,183.0,450.0,4,17,4,2026,0,0,0
2026-04-25,1216778.6,154.0,352.0,5,17,4,2026,1,0,0
2026-04-26,556118.56,69.0,170.0,6,17,4,2026,1,0,0
2026-04-27,1204843.9,108.0,362.0,0,18,4,2026,0,0,0
2026-04-28,2766946.2,268.0,817.0,1,18,4,2026,0,0,0
2026-04-29,1910979.2,122.0,553.0,2,18,4,2026,0,0,0
2026-04-30,2016029.8,306.0,622.0,3,18,4,2026,0,0,0
2026-05-01,2282913.2,239.0,693.0,4,18,5,2026,0,0,0
2026-05-02,2247411.2,233.0,677.0,5,18,5,2026,1,0,0
2026-05-03,2201673.8,215.0,645.0,6,18,5,2026,1,0,0
2026-05-04,2100480.2,200.0,639.0,0,19,5,2026,0,0,0
2026-05-05,2017263.4,202.0,627.0,1,19,5,2026,0,0,0
2026-05-06,1942389.4,215.0,605.0,2,19,5,2026,0,0,0
2026-05-07,1886971.1,228.0,577.0,3,19,5,2026,0,0,0
2025-11-19,1461035.2,173.0,454.0,2,47,11,2025,0,0,0
2025-11-20,1809509.9,211.0,574.0,3,47,11,2025,0,0,0
2025-11-21,737623.4,104.0,222.0,4,47,11,2025,0,0,0
2025-11-22,1912733.1,220.0,644.0,5,47,11,2025,1,0,0
2025-11-23,1859072.0,238.0,618.0,6,47,11,2025,1,0,0
2025-11-24,1807205.2,238.0,581.0,0,48,11,2025,0,0,0
2025-11-25,1949497.1,199.0,585.0,1,48,11,2025,0,0,0
2025-11-26,2013992.0,181.0,612.0,2,48,11,2025,0,0,0
2025-11-27,2007364.9,194.0,620.0,3,48,11,2025,0,0,0
2025-11-28,1967024.8,216.0,613.0,4,48,11,2025,0,0,0
2025-11-29,1930744.1,221.0,601.0,5,48,11,2025,1,0,0
2025-11-30,1852336.5,213.0,568.0,6,48,11,2025,1,0,0
2025-12-01,1338248.8,181.0,401.0,0,49,12,2025,0,0,0
2025-12-02,726130.5,130.0,196.0,1,49,12,2025,0,0,0
2025-12-03,692382.9,86.0,183.0,2,49,12,2025,0,0,0
2025-12-04,2578073.8,326.0,732.0,3,49,12,2025,0,0,0
2025-12-05,2838363.5,232.0,786.0,4,49,12,2025,0,0,0
2025-12-06,398000.12,36.0,97.0,5,49,12,2025,1,0,0
2025-12-07,196331.55,28.0,61.0,6,49,12,2025,1,0,0
2025-12-08,246691.08,46.0,76.0,0,50,12,2025,0,0,0
2025-12-09,547479.0,80.0,164.0,1,50,12,2025,0,0,0
2025-12-10,931380.3,95.0,288.0,2,50,12,2025,0,0,0
2025-12-11,1162266.6,138.0,382.0,3,50,12,2025,0,0,0
2025-12-12,1200077.0,154.0,401.0,4,50,12,2025,0,0,0
2026-03-03,1428032.6,170.0,444.0,1,10,3,2026,0,0,1
2026-03-04,1801639.2,210.0,572.0,2,10,3,2026,0,0,1
2026-03-05,1260072.4,172.0,402.0,3,10,3,2026,0,0,1
2026-03-06,746717.2,105.0,233.0,4,10,3,2026,0,0,1
2026-03-07,550807.2,67.0,163.0,5,10,3,2026,1,0,1
2026-03-08,595140.5,74.0,170.0,6,10,3,2026,1,0,1
2026-03-09,801031.1,119.0,231.0,0,11,3,2026,0,0,1
2026-03-10,1088421.9,140.0,334.0,1,11,3,2026,0,0,1
2026-03-11,1347015.0,152.0,439.0,2,11,3,2026,0,0,1
2026-03-12,1424797.2,203.0,475.0,3,11,3,2026,0,0,1
2026-03-13,1493700.2,220.0,498.0,4,11,3,2026,0,0,1
2026-03-14,1415054.5,203.0,458.0,5,11,3,2026,1,0,1
2026-03-15,727457.9,106.0,242.0,6,11,3,2026,1,0,1
2026-03-16,526666.9,53.0,175.0,0,12,3,2026,0,0,1
2026-03-17,2531021.8,320.0,734.0,1,12,3,2026,0,0,1
2026-03-18,2581893.2,239.0,659.0,2,12,3,2026,0,0,1
2026-03-19,1221442.5,81.0,300.0,3,12,3,2026,0,0,1
2026-03-20,179839.95,25.0,53.0,4,12,3,2026,0,0,1
2026-03-21,297873.06,49.0,88.0,5,12,3,2026,1,0,1
2026-03-22,567813.6,85.0,168.0,6,12,3,2026,1,0,1
2026-03-23,1009633.3,99.0,315.0,0,13,3,2026,0,0,1
2026-03-24,1284484.9,148.0,434.0,1,13,3,2026,0,0,1
2026-03-25,1404479.1,181.0,494.0,2,13,3,2026,0,0,1
2026-03-26,1403222.8,210.0,488.0,3,13,3,2026,0,0,1
2025-10-15,1395620.2,166.0,434.0,2,42,10,2025,0,0,0
2025-10-16,1733434.0,199.0,549.0,3,42,10,2025,0,0,0
2025-10-17,1587352.9,204.0,488.0,4,42,10,2025,0,0,0
2025-10-18,718240.5,107.0,232.0,5,42,10,2025,1,0,0
2025-10-19,397420.53,40.0,132.0,6,42,10,2025,1,0,0
2025-10-20,445836.12,44.0,146.0,0,43,10,2025,0,0,0
2025-10-21,634007.4,79.0,201.0,1,43,10,2025,0,0,0
2025-10-22,919729.56,94.0,295.0,2,43,10,2025,0,0,0
2025-10-23,1145162.6,134.0,384.0,3,43,10,2025,0,0,0
2025-10-24,1302712.1,158.0,447.0,4,43,10,2025,0,0,0
2025-10-25,1381397.0,200.0,473.0,5,43,10,2025,1,0,0
2025-10-26,1444349.4,214.0,488.0,6,43,10,2025,1,0,0
2025-10-27,1385783.4,203.0,454.0,0,44,10,2025,0,0,0
2025-10-28,905671.7,123.0,299.0,1,44,10,2025,0,0,0
2025-10-29,442053.34,56.0,146.0,2,44,10,2025,0,0,0
2025-10-30,2475325.0,316.0,712.0,3,44,10,2025,0,0,0
2025-10-31,2877524.0,308.0,827.0,4,44,10,2025,0,0,0
2025-11-01,320119.72,36.0,81.0,5,44,11,2025,1,0,0
2025-11-02,1771258.1,196.0,552.0,6,44,11,2025,1,0,0
2025-11-03,1910078.5,260.0,552.0,0,45,11,2025,0,0,0
2025-11-04,2047571.0,252.0,561.0,1,45,11,2025,0,0,0
2025-11-05,1981083.4,249.0,550.0,2,45,11,2025,0,0,0
2025-11-06,1950659.4,252.0,547.0,3,45,11,2025,0,0,0
2025-11-07,1928324.9,259.0,545.0,4,45,11,2025,0,0,0
2025-11-17,1644761.8,195.0,509.0,0,47,11,2025,0,0,0
2025-11-18,1934257.1,230.0,610.0,1,47,11,2025,0,0,0
2025-11-19,969888.6,130.0,298.0,2,47,11,2025,0,0,0
2025-11-20,2182661.8,297.0,717.0,3,47,11,2025,0,0,0
2025-11-21,2325768.2,230.0,759.0,4,47,11,2025,0,0,0
2025-11-22,2145013.0,288.0,691.0,5,47,11,2025,1,0,0
2025-11-23,2261245.5,213.0,716.0,6,47,11,2025,1,0,0
2025-11-24,2263434.0,189.0,713.0,0,48,11,2025,0,0,0
2025-11-25,2150066.2,195.0,699.0,1,48,11,2025,0,0,0
2025-11-26,2056403.8,212.0,677.0,2,48,11,2025,0,0,0
2025-11-27,2029502.0,215.0,667.0,3,48,11,2025,0,0,0
2025-11-28,1997414.8,215.0,650.0,4,48,11,2025,0,0,0
2025-11-29,1894677.8,213.0,601.0,5,48,11,2025,1,0,0
2025-11-30,1592451.5,206.0,470.0,6,48,11,2025,1,0,0
2025-12-01,758868.1,160.0,209.0,0,49,12,2025,0,0,0
2025-12-02,1015680.94,107.0,266.0,1,49,12,2025,0,0,0
2025-12-03,2609741.5,326.0,761.0,2,49,12,2025,0,0,0
2025-12-04,1916122.1,120.0,492.0,3,49,12,2025,0,0,0
2025-12-05,2117321.8,312.0,615.0,4,49,12,2025,0,0,0
2025-12-06,2380575.2,244.0,705.0,5,49,12,2025,1,0,0
2025-12-07,2320734.5,237.0,701.0,6,49,12,2025,1,0,0
2025-12-08,2275481.2,223.0,665.0,0,50,12,2025,0,0,0
2025-12-09,2157987.2,203.0,655.0,1,50,12,2025,0,0,0
2025-12-10,2080348.6,204.0,644.0,2,50,12,2025,0,0,0
2025-11-10,1340438.5,160.0,417.0,0,46,11,2025,0,0,0
2025-11-11,951151.75,123.0,299.0,1,46,11,2025,0,0,0
2025-11-12,2121943.8,259.0,644.0,2,46,11,2025,0,0,0
2025-11-13,2122423.8,225.0,630.0,3,46,11,2025,0,0,0
2025-11-14,2014622.1,151.0,588.0,4,46,11,2025,0,0,0
2025-11-15,1599469.9,201.0,468.0,5,46,11,2025,1,0,0
2025-11-16,1593787.2,158.0,488.0,6,46,11,2025,1,0,0
2025-11-17,1606836.6,165.0,491.0,0,47,11,2025,0,0,0
2025-11-18,1524163.1,207.0,470.0,1,47,11,2025,0,0,0
2025-11-19,1537890.4,187.0,479.0,2,47,11,2025,0,0,0
2025-11-20,1201774.2,138.0,371.0,3,47,11,2025,0,0,0
2025-11-21,430635.7,51.0,138.0,4,47,11,2025,0,0,0
2025-11-22,2339628.8,267.0,684.0,5,47,11,2025,1,0,0
2025-11-23,2778201.8,316.0,806.0,6,47,11,2025,1,0,0
2025-11-24,814367.8,83.0,226.0,0,48,11,2025,0,0,0
2025-11-25,1894484.2,218.0,618.0,1,48,11,2025,0,0,0
2025-11-26,2084859.5,188.0,656.0,2,48,11,2025,0,0,0
2025-11-27,1912059.2,212.0,598.0,3,48,11,2025,0,0,0
2025-11-28,1829324.2,171.0,562.0,4,48,11,2025,0,0,0
2025-11-29,1550938.4,149.0,482.0,5,48,11,2025,1,0,0
2025-11-30,1086563.4,113.0,346.0,6,48,11,2025,1,0,0
2025-12-01,548638.75,47.0,176.0,0,49,12,2025,0,0,0
2025-12-02,2506399.0,303.0,716.0,1,49,12,2025,0,0,0
2025-12-03,2927782.0,301.0,830.0,2,49,12,2025,0,0,0
2025-12-19,1544229.2,183.0,479.0,4,51,12,2025,0,0,0
2025-12-20,1892866.0,224.0,600.0,5,51,12,2025,1,0,0
2025-12-21,898030.3,122.0,274.0,6,51,12,2025,1,0,0
2025-12-22,2191408.5,289.0,715.0,0,52,12,2025,0,0,0
2025-12-23,2264067.5,240.0,735.0,1,52,12,2025,0,0,0
2025-12-24,2129886.2,280.0,677.0,2,52,12,2025,0,0,0
2025-12-25,2218995.0,215.0,691.0,3,52,12,2025,0,0,0
2025-12-26,2234480.2,189.0,696.0,4,52,12,2025,0,0,0
2025-12-27,2150367.2,196.0,692.0,5,52,12,2025,1,0,0
2025-12-28,2063554.8,212.0,677.0,6,52,12,2025,1,0,0
2025-12-29,2031209.5,214.0,666.0,0,1,12,2025,0,0,0
2025-12-30,1986919.9,216.0,644.0,1,1,12,2025,0,0,0
2025-12-31,1837791.0,209.0,577.0,2,1,12,2025,0,0,0
2026-01-01,1023269.6,183.0,299.0,3,1,1,2026,0,1,0
2026-01-02,678058.2,100.0,180.0,4,1,1,2026,0,1,0
2026-01-03,2371842.2,351.0,691.0,5,1,1,2026,1,1,0
2026-01-04,2902012.0,238.0,833.0,6,1,1,2026,1,1,0
2026-01-05,203727.89,22.0,53.0,0,2,1,2026,0,1,0
2026-01-06,1194884.2,174.0,411.0,1,2,1,2026,0,1,0
2026-01-07,1484139.0,159.0,458.0,2,2,1,2026,0,1,0
2026-01-08,1453861.0,208.0,481.0,3,2,1,2026,0,1,0
2026-01-09,1501448.5,209.0,510.0,4,2,1,2026,0,1,0
2026-01-10,1504295.9,226.0,509.0,5,2,1,2026,1,1,0
2026-01-11,1541458.5,238.0,513.0,6,2,1,2026,1,1,0
2024-11-12,1344808.6,161.0,418.0,1,46,11,2024,0,0,0
2024-11-13,960169.75,125.0,301.0,2,46,11,2024,0,0,0
2024-11-14,2149994.5,262.0,652.0,3,46,11,2024,0,0,0
2024-11-15,2179677.8,226.0,649.0,4,46,11,2024,0,0,0
2024-11-16,2109743.2,153.0,615.0,5,46,11,2024,1,0,0
2024-11-17,1682539.9,210.0,489.0,6,46,11,2024,1,0,0
2024-11-18,1670919.4,165.0,506.0,0,47,11,2024,0,0,0
2024-11-19,1660916.5,168.0,504.0,1,47,11,2024,0,0,0
2024-11-20,1592389.2,200.0,488.0,2,47,11,2024,0,0,0
2024-11-21,1522593.0,182.0,467.0,3,47,11,2024,0,0,0
2024-11-22,968279.6,115.0,303.0,4,47,11,2024,0,0,0
2024-11-23,728780.44,86.0,226.0,5,47,11,2024,1,0,0
2024-11-24,2541113.2,341.0,737.0,6,47,11,2024,1,0,0
2024-11-25,2211009.2,186.0,563.0,0,48,11,2024,0,0,0
2024-11-26,1964511.5,239.0,541.0,1,48,11,2024,0,0,0
2024-11-27,1585903.2,177.0,400.0,2,48,11,2024,0,0,0
2024-11-28,1342789.8,150.0,364.0,3,48,11,2024,0,0,0
2024-11-29,1473554.0,162.0,411.0,4,48,11,2024,0,0,0
2024-11-30,1656336.2,179.0,471.0,5,48,11,2024,1,0,0
2024-12-01,1712039.0,224.0,500.0,6,48,12,2024,1,0,0
2024-12-02,1805250.5,223.0,537.0,0,49,12,2024,0,0,0
2024-12-03,1787461.9,223.0,533.0,1,49,12,2024,0,0,0
2024-12-04,1552775.6,201.0,457.0,2,49,12,2024,0,0,0
2024-12-05,686374.8,107.0,215.0,3,49,12,2024,0,0,0
2026-04-27,1376265.5,164.0,428.0,0,18,4,2026,0,0,0
2026-04-28,718695.56,90.0,240.0,1,18,4,2026,0,0,0
2026-04-29,2226449.5,283.0,667.0,2,18,4,2026,0,0,0
2026-04-30,2474429.8,212.0,734.0,3,18,4,2026,0,0,0
2026-05-01,2296470.5,216.0,660.0,4,18,5,2026,0,0,0
2026-05-02,2069003.5,214.0,604.0,5,18,5,2026,1,0,0
2026-05-03,1981525.9,187.0,594.0,6,18,5,2026,1,0,0
2026-05-04,1903260.4,183.0,583.0,0,19,5,2026,0,0,0
2026-05-05,1788514.2,194.0,546.0,1,19,5,2026,0,0,0
2026-05-06,1541510.8,183.0,462.0,2,19,5,2026,0,0,0
2026-05-07,629412.5,104.0,194.0,3,19,5,2026,0,0,0
2026-05-08,1234034.8,111.0,392.0,4,19,5,2026,0,0,0
2026-05-09,2694699.0,278.0,823.0,5,19,5,2026,1,0,0
2026-05-10,1934711.9,142.0,550.0,6,19,5,2026,1,0,0
2026-05-11,2075658.0,299.0,635.0,0,20,5,2026,0,0,0
2026-05-12,2241712.0,241.0,659.0,1,20,5,2026,0,0,0
2026-05-13,2229197.8,212.0,655.0,2,20,5,2026,0,0,0
2026-05-14,2099816.8,220.0,596.0,3,20,5,2026,0,0,0
2026-05-15,2050672.8,200.0,600.0,4,20,5,2026,0,0,0
2026-05-16,1998242.0,205.0,593.0,5,20,5,2026,1,0,0
2026-05-17,1959912.9,214.0,580.0,6,20,5,2026,1,0,0
2026-05-18,1885707.9,222.0,549.0,0,21,5,2026,0,0,0
2026-05-19,1747027.9,219.0,489.0,1,21,5,2026,0,0,0
2026-05-20,1143375.0,178.0,314.0,2,21,5,2026,0,0,0
2025-11-21,1462185.4,173.0,454.0,4,47,11,2025,0,0,0
2025-11-22,1629444.8,187.0,511.0,5,47,11,2025,1,0,0
2025-11-23,1485697.5,192.0,460.0,6,47,11,2025,1,0,0
2025-11-24,1060515.5,130.0,339.0,0,48,11,2025,0,0,0
2025-11-25,721999.6,92.0,227.0,1,48,11,2025,0,0,0
2025-11-26,692122.8,79.0,200.0,2,48,11,2025,0,0,0
2025-11-27,787505.5,116.0,226.0,3,48,11,2025,0,0,0
2025-11-28,968109.3,136.0,290.0,4,48,11,2025,0,0,0
2025-11-29,1206492.8,131.0,382.0,5,48,11,2025,1,0,0
2025-11-30,1298532.4,168.0,423.0,6,48,11,2025,1,0,0
2025-12-01,1384858.9,201.0,455.0,0,49,12,2025,0,0,0
2025-12-02,1477176.5,209.0,483.0,1,49,12,2025,0,0,0
2025-12-03,1496840.1,217.0,484.0,2,49,12,2025,0,0,0
2025-12-04,1448995.1,211.0,461.0,3,49,12,2025,0,0,0
2025-12-05,934567.3,127.0,300.0,4,49,12,2025,0,0,0
2025-12-06,418134.97,56.0,135.0,5,49,12,2025,1,0,0
2025-12-07,2379555.2,306.0,689.0,6,49,12,2025,1,0,0
2025-12-08,2769621.8,318.0,817.0,0,50,12,2025,0,0,0
2025-12-09,974249.2,103.0,284.0,1,50,12,2025,0,0,0
2025-12-10,2139754.8,225.0,686.0,2,50,12,2025,0,0,0
2025-12-11,2306431.5,223.0,705.0,3,50,12,2025,0,0,0
2025-12-12,2186368.2,243.0,668.0,4,50,12,2025,0,0,0
2025-12-13,2215565.8,191.0,679.0,5,50,12,2025,1,0,0
2025-12-14,2184520.2,170.0,694.0,6,50,12,2025,1,0,0
2026-03-03,1538308.6,182.0,477.0,1,10,3,2026,0,0,1
2026-03-04,1854307.4,217.0,587.0,2,10,3,2026,0,0,1
2026-03-05,699397.4,97.0,207.0,3,10,3,2026,0,0,1
2026-03-06,2115733.0,260.0,693.0,4,10,3,2026,0,0,1
2026-03-07,2122698.8,243.0,698.0,5,10,3,2026,1,0,1
2026-03-08,2012071.2,276.0,642.0,6,10,3,2026,1,0,1
2026-03-09,2111273.5,219.0,643.0,0,11,3,2026,0,0,1
2026-03-10,2153659.2,194.0,656.0,1,11,3,2026,0,0,1
2026-03-11,2115738.5,197.0,662.0,2,11,3,2026,0,0,1
2026-03-12,2025845.8,214.0,648.0,3,11,3,2026,0,0,1
2026-03-13,1948488.9,214.0,623.0,4,11,3,2026,0,0,1
2026-03-14,1736588.8,201.0,537.0,5,11,3,2026,1,0,1
2026-03-15,907314.7,176.0,262.0,6,11,3,2026,1,0,1
2026-03-16,709882.8,92.0,188.0,0,12,3,2026,0,0,1
2026-03-17,2460999.2,344.0,721.0,1,12,3,2026,0,0,1
2026-03-18,2242602.2,174.0,578.0,2,12,3,2026,0,0,1
2026-03-19,2043202.9,258.0,553.0,3,12,3,2026,0,0,1
2026-03-20,1773514.5,223.0,436.0,4,12,3,2026,0,0,1
2026-03-21,1593880.4,198.0,397.0,5,12,3,2026,1,0,1
2026-03-22,1689599.6,195.0,436.0,6,12,3,2026,1,0,1
2026-03-23,1822743.0,188.0,490.0,0,13,3,2026,0,0,1
2026-03-24,1859415.5,218.0,513.0,1,13,3,2026,0,0,1
2026-03-25,1904272.5,231.0,534.0,2,13,3,2026,0,0,1
2026-03-26,1921303.8,240.0,540.0,3,13,3,2026,0,0,1
2025-10-13,1403645.4,167.0,436.0,0,42,10,2025,0,0,0
2025-10-14,1718277.2,197.0,544.0,1,42,10,2025,0,0,0
2025-10-15,1706974.6,215.0,531.0,2,42,10,2025,0,0,0
2025-10-16,823684.4,114.0,262.0,3,42,10,2025,0,0,0
2025-10-17,416170.56,49.0,138.0,4,42,10,2025,0,0,0
2025-10-18,533155.4,45.0,171.0,5,42,10,2025,1,0,0
2025-10-19,669698.3,92.0,210.0,6,42,10,2025,1,0,0
2025-10-20,954163.9,97.0,305.0,0,43,10,2025,0,0,0
2025-10-21,1147051.2,131.0,384.0,1,43,10,2025,0,0,0
2025-10-22,1240054.1,157.0,422.0,2,43,10,2025,0,0,0
2025-10-23,1039789.5,134.0,340.0,3,43,10,2025,0,0,0
2025-10-24,363240.2,43.0,120.0,4,43,10,2025,0,0,0
2025-10-25,2442156.2,274.0,707.0,5,43,10,2025,1,0,0
2025-10-26,2908371.5,312.0,817.0,6,43,10,2025,1,0,0
2025-10-27,176709.05,18.0,40.0,0,44,10,2025,0,0,0
2025-10-28,1083957.9,155.0,369.0,1,44,10,2025,0,0,0
2025-10-29,1387628.8,158.0,428.0,2,44,10,2025,0,0,0
2025-10-30,1308892.5,199.0,422.0,3,44,10,2025,0,0,0
2025-10-31,1300695.8,193.0,431.0,4,44,10,2025,0,0,0
2025-11-01,1328917.5,198.0,438.0,5,44,11,2025,1,0,0
2025-11-02,1389361.6,215.0,451.0,6,44,11,2025,1,0,0
2025-11-03,1264388.1,194.0,388.0,0,45,11,2025,0,0,0
2025-11-04,444833.25,69.0,140.0,1,45,11,2025,0,0,0
2025-11-05,672152.4,49.0,217.0,2,45,11,2025,0,0,0
2024-10-25,1398427.2,167.0,434.0,4,43,10,2024,0,0,0
2024-10-26,1537248.4,176.0,481.0,5,43,10,2024,1,0,0
2024-10-27,1925286.9,219.0,617.0,6,43,10,2024,1,0,0
2024-10-28,1205159.8,168.0,384.0,0,44,10,2024,0,0,0
2024-10-29,789603.0,104.0,244.0,1,44,10,2024,0,0,0
2024-10-30,785056.8,101.0,229.0,2,44,10,2024,0,0,0
2024-10-31,934451.9,118.0,270.0,3,44,10,2024,0,0,0
2024-11-01,1079048.0,157.0,327.0,4,44,11,2024,0,0,0
2024-11-02,1288327.8,145.0,412.0,5,44,11,2024,1,0,0
2024-11-03,1360033.1,166.0,449.0,6,44,11,2024,1,0,0
2024-11-04,1318049.9,188.0,436.0,0,45,11,2024,0,0,0
2024-11-05,979713.44,115.0,322.0,1,45,11,2024,0,0,0
2024-11-06,376812.0,47.0,126.0,2,45,11,2024,0,0,0
2024-11-07,2296009.5,295.0,655.0,3,45,11,2024,0,0,0
2024-11-08,2642661.2,327.0,786.0,4,45,11,2024,0,0,0
2024-11-09,1242760.2,125.0,353.0,5,45,11,2024,1,0,0
2024-11-10,2271490.8,246.0,717.0,6,45,11,2024,1,0,0
2024-11-11,2427926.5,229.0,745.0,0,46,11,2024,0,0,0
2024-11-12,2201200.5,283.0,681.0,1,46,11,2024,0,0,0
2024-11-13,2315055.8,199.0,720.0,2,46,11,2024,0,0,0
2024-11-14,2285827.5,176.0,726.0,3,46,11,2024,0,0,0
2024-11-15,2155042.8,185.0,714.0,4,46,11,2024,0,0,0
2024-11-16,2042868.6,206.0,691.0,5,46,11,2024,1,0,0
2024-11-17,2009266.1,213.0,680.0,6,46,11,2024,1,0,0
2025-08-25,1391901.0,166.0,433.0,0,35,8,2025,0,0,0
2025-08-26,1746715.9,201.0,554.0,1,35,8,2025,0,0,0
2025-08-27,1399655.5,178.0,441.0,2,35,8,2025,0,0,0
2025-08-28,759712.2,116.0,246.0,3,35,8,2025,0,0,0
2025-08-29,541207.2,55.0,171.0,4,35,8,2025,0,0,0
2025-08-30,541724.7,58.0,165.0,5,35,8,2025,1,0,0
2025-08-31,712210.1,100.0,215.0,6,35,8,2025,1,0,0
2025-09-01,986384.2,115.0,307.0,0,36,9,2025,0,0,0
2025-09-02,1211603.5,138.0,399.0,1,36,9,2025,0,0,0
2025-09-03,1329462.2,174.0,449.0,2,36,9,2025,0,0,0
2025-09-04,1409416.1,206.0,476.0,3,36,9,2025,0,0,0
2025-09-05,1426241.4,212.0,474.0,4,36,9,2025,0,0,0
2025-09-06,1199271.5,158.0,386.0,5,36,9,2025,1,0,0
2025-09-07,501884.2,65.0,169.0,6,36,9,2025,1,0,0
2025-09-08,1602525.9,177.0,517.0,0,37,9,2025,0,0,0
2025-09-09,2671021.2,249.0,837.0,1,37,9,2025,0,0,0
2025-09-10,1572788.1,110.0,533.0,2,37,9,2025,0,0,0
2025-09-11,2034225.6,282.0,690.0,3,37,9,2025,0,0,0
2025-09-12,2324448.5,214.0,753.0,4,37,9,2025,0,0,0
2025-09-13,2147239.5,281.0,681.0,5,37,9,2025,1,0,0
2025-09-14,2277862.5,205.0,711.0,6,37,9,2025,1,0,0
2025-09-15,2228808.2,183.0,709.0,0,38,9,2025,0,0,0
2025-09-16,2094399.6,191.0,688.0,1,38,9,2025,0,0,0
2025-09-17,1982351.4,212.0,660.0,2,38,9,2025,0,0,0
2024-09-13,1350894.4,161.0,420.0,4,37,9,2024,0,0,0
2024-09-14,1586187.6,179.0,499.0,5,37,9,2024,1,0,0
2024-09-15,1772965.2,209.0,563.0,6,37,9,2024,1,0,0
2024-09-16,932852.25,126.0,298.0,0,38,9,2024,0,0,0
2024-09-17,469290.66,59.0,156.0,1,38,9,2024,0,0,0
2024-09-18,543649.25,46.0,171.0,2,38,9,2024,0,0,0
2024-09-19,635463.56,89.0,195.0,3,38,9,2024,0,0,0
2024-09-20,884645.1,91.0,275.0,4,38,9,2024,0,0,0
2024-09-21,1065136.2,125.0,345.0,5,38,9,2024,1,0,0
2024-09-22,1214707.1,148.0,402.0,6,38,9,2024,1,0,0
2024-09-23,1292212.5,186.0,426.0,0,39,9,2024,0,0,0
2024-09-24,1339680.9,201.0,438.0,1,39,9,2024,0,0,0
2024-09-25,1209268.4,165.0,379.0,2,39,9,2024,0,0,0
2024-09-26,514324.1,70.0,167.0,3,39,9,2024,0,0,0
2024-09-27,631437.3,54.0,205.0,4,39,9,2024,0,0,0
2024-09-28,2602089.2,325.0,727.0,5,39,9,2024,1,0,0
2024-09-29,2040167.0,155.0,493.0,6,39,9,2024,1,0,0
2024-09-30,2140121.8,293.0,550.0,0,40,9,2024,0,0,0
2024-10-01,2279480.8,270.0,553.0,1,40,10,2024,0,0,0
2024-10-02,2378252.0,181.0,590.0,2,40,10,2024,0,0,0
2024-10-03,2061387.4,234.0,513.0,3,40,10,2024,0,0,0
2024-10-04,2014516.4,209.0,531.0,4,40,10,2024,0,0,0
2024-10-05,1927427.2,224.0,521.0,5,40,10,2024,1,0,0
2024-10-06,1884757.2,222.0,508.0,6,40,10,2024,1,0,0
2024-11-29,1336787.4,160.0,416.0,4,48,11,2024,0,0,0
2024-11-30,130359.25,21.0,37.0,5,48,11,2024,1,0,0
2024-12-01,2514036.0,299.0,706.0,6,48,12,2024,1,0,0
2024-12-02,2545487.2,358.0,739.0,0,49,12,2024,0,0,0
2024-12-03,2716957.8,292.0,712.0,1,49,12,2024,0,0,0
2024-12-04,2428815.0,303.0,628.0,2,49,12,2024,0,0,0
2024-12-05,2471940.0,232.0,662.0,3,49,12,2024,0,0,0
2024-12-06,2299855.8,229.0,656.0,4,49,12,2024,0,0,0
2024-12-07,2126211.0,231.0,638.0,5,49,12,2024,1,0,0
2024-12-08,1991988.0,237.0,607.0,6,49,12,2024,1,0,0
2024-12-09,1891263.5,242.0,568.0,0,50,12,2024,0,0,0
2024-12-10,1666469.5,220.0,483.0,1,50,12,2024,0,0,0
2024-12-11,813317.06,170.0,228.0,2,50,12,2024,0,0,0
2024-12-12,724451.1,88.0,189.0,3,50,12,2024,0,0,0
2024-12-13,2489405.2,341.0,730.0,4,50,12,2024,0,0,0
2024-12-14,2932039.8,235.0,844.0,5,50,12,2024,1,0,0
2024-12-15,196454.0,19.0,51.0,6,50,12,2024,1,0,0
2024-12-16,821559.4,103.0,278.0,0,51,12,2024,0,0,0
2024-12-17,1014386.1,123.0,285.0,1,51,12,2024,0,0,0
2024-12-18,1051743.5,179.0,317.0,2,51,12,2024,0,0,0
2024-12-19,1221348.8,168.0,391.0,3,51,12,2024,0,0,0
2024-12-20,1294254.9,175.0,418.0,4,51,12,2024,0,0,0
2024-12-21,1352081.4,205.0,435.0,5,51,12,2024,1,0,0
2024-12-22,1188552.0,172.0,362.0,6,51,12,2024,1,0,0
2024-09-05,1341807.9,161.0,417.0,3,36,9,2024,0,0,0
2024-09-06,1383891.9,160.0,430.0,4,36,9,2024,0,0,0
2024-09-07,1934180.1,223.0,620.0,5,36,9,2024,1,0,0
2024-09-08,1323447.6,190.0,421.0,6,36,9,2024,1,0,0
2024-09-09,906027.6,138.0,277.0,0,37,9,2024,0,0,0
2024-09-10,869785.4,125.0,254.0,1,37,9,2024,0,0,0
2024-09-11,1023989.0,116.0,288.0,2,37,9,2024,0,0,0
2024-09-12,1076054.6,176.0,304.0,3,37,9,2024,0,0,0
2024-09-13,1263420.4,164.0,375.0,4,37,9,2024,0,0,0
2024-09-14,1409755.1,157.0,435.0,5,37,9,2024,1,0,0
2024-09-15,1376951.5,190.0,433.0,6,37,9,2024,1,0,0
2024-09-16,1188888.8,147.0,368.0,0,38,9,2024,0,0,0
2024-09-17,456336.06,56.0,147.0,1,38,9,2024,0,0,0
2024-09-18,1325107.0,116.0,417.0,2,38,9,2024,0,0,0
2024-09-19,2765753.2,244.0,831.0,3,38,9,2024,0,0,0
2024-09-20,1714726.0,104.0,539.0,4,38,9,2024,0,0,0
2024-09-21,2005150.8,299.0,649.0,5,38,9,2024,1,0,0
2024-09-22,2271667.8,232.0,725.0,6,38,9,2024,1,0,0
2024-09-23,2155496.0,270.0,672.0,0,39,9,2024,0,0,0
2024-09-24,2261680.0,207.0,688.0,1,39,9,2024,0,0,0
2024-09-25,2187561.8,186.0,686.0,2,39,9,2024,0,0,0
2024-09-26,2073365.2,195.0,669.0,3,39,9,2024,0,0,0
2024-09-27,1955993.2,212.0,639.0,4,39,9,2024,0,0,0
2024-09-28,1875095.2,219.0,602.0,5,39,9,2024,1,0,0
2025-05-16,1376478.5,164.0,428.0,4,20,5,2025,0,0,0
2025-05-17,441320.8,56.0,149.0,5,20,5,2025,1,0,0
2025-05-18,2329650.8,270.0,666.0,6,20,5,2025,1,0,0
2025-05-19,2647720.5,300.0,733.0,0,21,5,2025,0,0,0
2025-05-20,2583746.8,293.0,677.0,1,21,5,2025,0,0,0
2025-05-21,2408326.5,279.0,635.0,2,21,5,2025,0,0,0
2025-05-22,2350508.8,236.0,639.0,3,21,5,2025,0,0,0
2025-05-23,2151532.0,238.0,610.0,4,21,5,2025,0,0,0
2025-05-24,1969019.8,239.0,570.0,5,21,5,2025,1,0,0
2025-05-25,1733833.6,225.0,494.0,6,21,5,2025,1,0,0
2025-05-26,1048901.1,185.0,289.0,0,22,5,2025,0,0,0
2025-05-27,651183.4,104.0,171.0,1,22,5,2025,0,0,0
2025-05-28,2421341.2,360.0,694.0,2,22,5,2025,0,0,0
2025-05-29,2751080.2,228.0,744.0,3,22,5,2025,0,0,0
2025-05-30,519491.34,56.0,126.0,4,22,5,2025,0,0,0
2025-05-31,121376.79,19.0,33.0,5,22,5,2025,1,0,0
2025-06-01,220534.6,41.0,68.0,6,22,6,2025,1,0,0
2025-06-02,497944.6,78.0,149.0,0,23,6,2025,0,0,0
2025-06-03,940196.06,93.0,291.0,1,23,6,2025,0,0,0
2025-06-04,1226043.2,143.0,409.0,2,23,6,2025,0,0,0
2025-06-05,1347744.6,170.0,467.0,3,23,6,2025,0,0,0
2025-06-06,1351814.6,201.0,465.0,4,23,6,2025,0,0,0
2025-06-07,1225548.5,173.0,401.0,5,23,6,2025,1,0,0
2025-06-08,529455.7,72.0,178.0,6,23,6,2025,1,0,0
2025-05-27,1360951.5,162.0,423.0,1,22,5,2025,0,0,0
2025-05-28,1320031.0,156.0,408.0,2,22,5,2025,0,0,0
2025-05-29,2097446.2,240.0,659.0,3,22,5,2025,0,0,0
2025-05-30,1712851.6,235.0,547.0,4,22,5,2025,0,0,0
2025-05-31,1479839.4,205.0,449.0,5,22,5,2025,1,0,0
2025-06-01,1411956.1,183.0,421.0,6,22,6,2025,1,0,0
2025-06-02,1469003.1,170.0,441.0,0,23,6,2025,0,0,0
2025-06-03,1477232.8,191.0,442.0,1,23,6,2025,0,0,0
2025-06-04,1468955.2,206.0,445.0,2,23,6,2025,0,0,0
2025-06-05,1308785.6,162.0,388.0,3,23,6,2025,0,0,0
2025-06-06,418521.88,58.0,127.0,4,23,6,2025,0,0,0
2025-06-07,2170156.5,236.0,636.0,5,23,6,2025,1,0,0
2025-06-08,2656601.2,309.0,797.0,6,23,6,2025,1,0,0
2025-06-09,1482479.5,151.0,444.0,0,24,6,2025,0,0,0
2025-06-10,2205590.2,256.0,723.0,1,24,6,2025,0,0,0
2025-06-11,2396049.0,220.0,748.0,2,24,6,2025,0,0,0
2025-06-12,2177163.8,288.0,679.0,3,24,6,2025,0,0,0
2025-06-13,2308394.8,203.0,720.0,4,24,6,2025,0,0,0
2025-06-14,2270625.2,182.0,719.0,5,24,6,2025,1,0,0
2025-06-15,2129773.8,190.0,702.0,6,24,6,2025,1,0,0
2025-06-16,2010800.2,209.0,673.0,0,25,6,2025,0,0,0
2025-06-17,1961626.2,215.0,653.0,1,25,6,2025,0,0,0
2025-06-18,1912783.2,218.0,623.0,2,25,6,2025,0,0,0
2025-06-19,1689888.6,198.0,528.0,3,25,6,2025,0,0,0
2024-11-26,1350955.2,161.0,420.0,1,48,11,2024,0,0,0
2024-11-27,641851.44,79.0,216.0,2,48,11,2024,0,0,0
2024-11-28,2325864.0,284.0,680.0,3,48,11,2024,0,0,0
2024-11-29,2616261.2,232.0,759.0,4,48,11,2024,0,0,0
2024-11-30,2428309.0,256.0,672.0,5,48,11,2024,1,0,0
2024-12-01,2238914.2,230.0,638.0,6,48,12,2024,1,0,0
2024-12-02,2084552.9,205.0,606.0,0,49,12,2024,0,0,0
2024-12-03,1812342.0,188.0,538.0,1,49,12,2024,0,0,0
2024-12-04,850279.6,138.0,253.0,2,49,12,2024,0,0,0
2024-12-05,1696428.2,251.0,551.0,3,49,12,2024,0,0,0
2024-12-06,2404033.5,238.0,807.0,4,49,12,2024,0,0,0
2024-12-07,1289080.0,156.0,442.0,5,49,12,2024,1,0,0
2024-12-08,1947984.0,328.0,633.0,6,49,12,2024,1,0,0
2024-12-09,2586768.5,180.0,789.0,0,50,12,2024,0,0,0
2024-12-10,2297676.8,244.0,720.0,1,50,12,2024,0,0,0
2024-12-11,2235258.5,243.0,674.0,2,50,12,2024,0,0,0
2024-12-12,2210472.5,187.0,698.0,3,50,12,2024,0,0,0
2024-12-13,2141192.0,178.0,690.0,4,50,12,2024,0,0,0
2024-12-14,2008499.6,200.0,657.0,5,50,12,2024,1,0,0
2024-12-15,1846628.4,206.0,597.0,6,50,12,2024,1,0,0
2024-12-16,1509715.4,196.0,454.0,0,51,12,2024,0,0,0
2024-12-17,947235.2,173.0,247.0,1,51,12,2024,0,0,0
2024-12-18,642380.4,101.0,165.0,2,51,12,2024,0,0,0
2024-12-19,2323508.0,341.0,659.0,3,51,12,2024,0,0,0
2025-06-03,1606960.8,190.0,497.0,1,23,6,2025,0,0,0
2025-06-04,1869911.6,220.0,589.0,2,23,6,2025,0,0,0
2025-06-05,471164.75,66.0,133.0,3,23,6,2025,0,0,0
2025-06-06,2255352.8,222.0,711.0,4,23,6,2025,0,0,0
2025-06-07,2259639.0,297.0,718.0,5,23,6,2025,1,0,0
2025-06-08,2087745.4,314.0,632.0,6,23,6,2025,1,0,0
2025-06-09,2140249.8,268.0,626.0,0,24,6,2025,0,0,0
2025-06-10,2233459.2,231.0,636.0,1,24,6,2025,0,0,0
2025-06-11,2157299.2,222.0,636.0,2,24,6,2025,0,0,0
2025-06-12,2055458.6,232.0,619.0,3,24,6,2025,0,0,0
2025-06-13,1976523.8,233.0,596.0,4,24,6,2025,0,0,0
2025-06-14,1794071.6,218.0,530.0,5,24,6,2025,1,0,0
2025-06-15,1055398.8,188.0,297.0,6,24,6,2025,1,0,0
2025-06-16,660321.4,107.0,172.0,0,25,6,2025,0,0,0
2025-06-17,2359941.2,360.0,679.0,1,25,6,2025,0,0,0
2025-06-18,2880199.2,231.0,817.0,2,25,6,2025,0,0,0
2025-06-19,159502.61,18.0,40.0,3,25,6,2025,0,0,0
2025-06-20,1026561.44,133.0,348.0,4,25,6,2025,0,0,0
2025-06-21,1238519.5,136.0,364.0,5,25,6,2025,1,0,0
2025-06-22,1224130.1,198.0,394.0,6,25,6,2025,1,0,0
2025-06-23,1334226.8,196.0,446.0,0,26,6,2025,0,0,0
2025-06-24,1437929.9,208.0,481.0,1,26,6,2025,0,0,0
2025-06-25,1530424.2,239.0,505.0,2,26,6,2025,0,0,0
2025-06-26,1590109.0,249.0,510.0,3,26,6,2025,0,0,0
2025-02-18,1381695.2,165.0,429.0,1,8,2,2025,0,0,0
2025-02-19,906498.56,116.0,292.0,2,8,2,2025,0,0,0
2025-02-20,2238585.5,275.0,684.0,3,8,2,2025,0,0,0
2025-02-21,2404812.2,210.0,725.0,4,8,2,2025,0,0,0
2025-02-22,2266331.0,183.0,674.0,5,8,2,2025,1,0,0
2025-02-23,1946610.2,218.0,575.0,6,8,2,2025,1,0,0
2025-02-24,1898933.2,181.0,577.0,0,9,2,2025,0,0,0
2025-02-25,1858261.2,173.0,571.0,1,9,2,2025,0,0,0
2025-02-26,1808097.9,185.0,555.0,2,9,2,2025,0,0,0
2025-02-27,1689102.1,191.0,515.0,3,9,2,2025,0,0,0
2025-02-28,1111247.6,139.0,348.0,4,9,2,2025,0,0,0
2025-03-01,465443.66,63.0,148.0,5,9,3,2025,1,0,1
2025-03-02,2206533.8,271.0,683.0,6,9,3,2025,1,0,1
2025-03-03,2717177.8,308.0,832.0,0,10,3,2025,0,0,1
2025-03-04,1368959.9,142.0,417.0,1,10,3,2025,0,0,1
2025-03-05,2198990.8,249.0,707.0,2,10,3,2025,0,0,1
2025-03-06,2450628.8,220.0,738.0,3,10,3,2025,0,0,1
2025-03-07,2239241.0,265.0,677.0,4,10,3,2025,0,0,1
2025-03-08,2262392.2,192.0,690.0,5,10,3,2025,1,0,1
2025-03-09,2130052.2,172.0,664.0,6,10,3,2025,1,0,1
2025-03-10,1886221.1,167.0,603.0,0,11,3,2025,0,0,1
2025-03-11,1262535.8,158.0,395.0,1,11,3,2025,0,0,1
2025-03-12,683605.9,92.0,202.0,2,11,3,2025,0,0,1
2025-03-13,2282200.0,336.0,684.0,3,11,3,2025,0,0,1
2025-09-09,1779252.1,213.0,549.0,1,37,9,2025,0,0,0
2025-09-10,2043294.1,245.0,643.0,2,37,9,2025,0,0,0
2025-09-11,909362.0,106.0,270.0,3,37,9,2025,0,0,0
2025-09-12,2095216.0,288.0,701.0,4,37,9,2025,0,0,0
2025-09-13,2158575.0,253.0,724.0,5,37,9,2025,1,0,0
2025-09-14,2064214.1,290.0,675.0,6,37,9,2025,1,0,0
2025-09-15,2193119.5,217.0,693.0,0,38,9,2025,0,0,0
2025-09-16,2221853.2,185.0,697.0,1,38,9,2025,0,0,0
2025-09-17,2089149.5,188.0,673.0,2,38,9,2025,0,0,0
2025-09-18,1907642.5,207.0,610.0,3,38,9,2025,0,0,0
2025-09-19,1424802.4,185.0,435.0,4,38,9,2025,0,0,0
2025-09-20,733679.8,132.0,204.0,5,38,9,2025,1,0,0
2025-09-21,1832416.8,301.0,585.0,6,38,9,2025,1,0,0
2025-09-22,2517134.2,214.0,829.0,0,39,9,2025,0,0,0
2025-09-23,1141571.4,135.0,416.0,1,39,9,2025,0,0,0
2025-09-24,1968100.8,298.0,669.0,2,39,9,2025,0,0,0
2025-09-25,2581216.5,178.0,790.0,3,39,9,2025,0,0,0
2025-09-26,2241861.5,256.0,715.0,4,39,9,2025,0,0,0
2025-09-27,2205883.8,238.0,679.0,5,39,9,2025,1,0,0
2025-09-28,2216140.5,176.0,711.0,6,39,9,2025,1,0,0
2025-09-29,2139303.5,172.0,702.0,0,40,9,2025,0,0,0
2025-09-30,2018779.0,200.0,677.0,1,40,9,2025,0,0,0
2025-10-01,1966756.0,215.0,663.0,2,40,10,2025,0,0,0
2025-10-02,1920828.1,209.0,639.0,3,40,10,2025,0,0,0
2026-05-11,1463146.0,173.0,454.0,0,20,5,2026,0,0,0
2026-05-12,1785325.8,207.0,566.0,1,20,5,2026,0,0,0
2026-05-13,1297708.8,172.0,413.0,2,20,5,2026,0,0,0
2026-05-14,827829.5,118.0,255.0,3,20,5,2026,0,0,0
2026-05-15,576885.2,77.0,168.0,4,20,5,2026,0,0,0
2026-05-16,595341.0,74.0,165.0,5,20,5,2026,1,0,0
2026-05-17,756878.06,126.0,210.0,6,20,5,2026,1,0,0
2026-05-18,1031707.1,139.0,303.0,0,21,5,2026,0,0,0
2026-05-19,1303506.0,145.0,411.0,1,21,5,2026,0,0,0
2026-05-20,1394333.1,195.0,455.0,2,21,5,2026,0,0,0
2026-05-21,1474279.4,217.0,484.0,3,21,5,2026,0,0,0
2026-05-22,1451844.6,211.0,470.0,4,21,5,2026,0,0,0
2026-05-23,856522.75,118.0,282.0,5,21,5,2026,1,0,0
2026-05-24,422334.16,51.0,140.0,6,21,5,2026,1,0,0
2026-05-25,2420048.0,313.0,706.0,0,22,5,2026,0,0,0
2026-05-26,2838788.2,315.0,827.0,1,22,5,2026,0,0,0
2026-05-27,312146.03,35.0,80.0,2,22,5,2026,0,0,0
2026-05-28,1320975.9,169.0,438.0,3,22,5,2026,0,0,0
2026-05-29,1603684.5,192.0,485.0,4,22,5,2026,0,0,0
2026-05-30,1609161.4,223.0,487.0,5,22,5,2026,1,0,0
2026-05-31,1529400.5,219.0,481.0,6,22,5,2026,1,0,0
2026-06-01,1491667.8,224.0,483.0,0,23,6,2026,0,0,0
2026-06-02,1430610.5,227.0,459.0,1,23,6,2026,0,0,0
2026-06-03,1039276.9,148.0,332.0,2,23,6,2026,0,0,0
2026-03-30,1371889.1,164.0,426.0,0,14,3,2026,0,0,1
2026-03-31,779304.2,97.0,258.0,1,14,3,2026,0,0,1
2026-04-01,2126239.5,273.0,649.0,2,14,4,2026,0,0,0
2026-04-02,2287911.2,211.0,680.0,3,14,4,2026,0,0,0
2026-04-03,2145990.8,170.0,626.0,4,14,4,2026,0,0,0
2026-04-04,1783216.0,205.0,521.0,5,14,4,2026,1,0,0
2026-04-05,1758133.0,163.0,538.0,6,14,4,2026,1,0,0
2026-04-06,1719344.4,165.0,532.0,0,15,4,2026,0,0,0
2026-04-07,1650738.6,193.0,518.0,1,15,4,2026,0,0,0
2026-04-08,1647631.1,193.0,521.0,2,15,4,2026,0,0,0
2026-04-09,1490764.0,192.0,467.0,3,15,4,2026,0,0,0
2026-04-10,1043911.4,128.0,330.0,4,15,4,2026,0,0,0
2026-04-11,474173.88,59.0,152.0,5,15,4,2026,1,0,0
2026-04-12,2369481.5,299.0,690.0,6,15,4,2026,1,0,0
2026-04-13,2749568.0,311.0,806.0,0,16,4,2026,0,0,0
2026-04-14,582367.9,60.0,163.0,1,16,4,2026,0,0,0
2026-04-15,1577672.5,185.0,521.0,2,16,4,2026,0,0,0
2026-04-16,1858322.6,174.0,566.0,3,16,4,2026,0,0,0
2026-04-17,1758728.0,184.0,531.0,4,16,4,2026,0,0,0
2026-04-18,1534038.6,193.0,481.0,5,16,4,2026,1,0,0
2026-04-19,1376233.1,180.0,446.0,6,16,4,2026,1,0,0
2026-04-20,1145043.6,148.0,365.0,0,17,4,2026,0,0,0
2026-04-21,451647.66,51.0,145.0,1,17,4,2026,0,0,0
2026-04-22,880406.2,75.0,284.0,2,17,4,2026,0,0,0
2025-12-11,1350569.9,161.0,420.0,3,50,12,2025,0,0,0
2025-12-12,1320790.6,156.0,408.0,4,50,12,2025,0,0,0
2025-12-13,1957273.0,229.0,623.0,5,50,12,2025,1,0,0
2025-12-14,1426007.9,205.0,452.0,6,50,12,2025,1,0,0
2025-12-15,1022241.06,164.0,312.0,0,51,12,2025,0,0,0
2025-12-16,999995.06,140.0,296.0,1,51,12,2025,0,0,0
2025-12-17,1157495.4,128.0,332.0,2,51,12,2025,0,0,0
2025-12-18,1208822.0,190.0,346.0,3,51,12,2025,0,0,0
2025-12-19,1381768.1,188.0,411.0,4,51,12,2025,0,0,0
2025-12-20,1536790.6,175.0,469.0,5,51,12,2025,1,0,0
2025-12-21,1535176.1,207.0,477.0,6,51,12,2025,1,0,0
2025-12-22,1547535.1,206.0,485.0,0,52,12,2025,0,0,0
2025-12-23,1511925.2,201.0,472.0,1,52,12,2025,0,0,0
2025-12-24,1351389.9,188.0,412.0,2,52,12,2025,0,0,0
2025-12-25,881282.8,120.0,270.0,3,52,12,2025,0,0,0
2025-12-26,440855.75,57.0,136.0,4,52,12,2025,0,0,0
2025-12-27,2511872.2,324.0,702.0,5,52,12,2025,1,0,0
2025-12-28,2877727.0,302.0,805.0,6,52,12,2025,1,0,0
2025-12-29,174072.58,20.0,38.0,0,1,12,2025,0,0,0
2025-12-30,939158.94,115.0,300.0,1,1,12,2025,0,0,0
2025-12-31,1088124.8,136.0,306.0,2,1,12,2025,0,0,0
2026-01-01,1037022.6,188.0,308.0,3,1,1,2026,0,1,0
2026-01-02,1044791.4,161.0,317.0,4,1,1,2026,0,1,0
2026-01-03,712111.2,78.0,229.0,5,1,1,2026,1,1,0
2024-10-25,1400383.1,167.0,435.0,4,43,10,2024,0,0,0
2024-10-26,830092.9,105.0,273.0,5,43,10,2024,1,0,0
2024-10-27,2149445.0,270.0,662.0,6,43,10,2024,1,0,0
2024-10-28,2298661.5,210.0,691.0,0,44,10,2024,0,0,0
2024-10-29,2150621.0,174.0,637.0,1,44,10,2024,0,0,0
2024-10-30,1815427.2,210.0,534.0,2,44,10,2024,0,0,0
2024-10-31,1804738.2,168.0,551.0,3,44,10,2024,0,0,0
2024-11-01,1781463.8,168.0,550.0,4,44,11,2024,0,0,0
2024-11-02,1718480.0,193.0,535.0,5,44,11,2024,1,0,0
2024-11-03,1666797.1,191.0,521.0,6,44,11,2024,1,0,0
2024-11-04,1287643.0,149.0,404.0,0,45,11,2024,0,0,0
2024-11-05,514819.8,63.0,170.0,1,45,11,2024,0,0,0
2024-11-06,1559079.2,173.0,512.0,2,45,11,2024,0,0,0
2024-11-07,2687512.2,244.0,840.0,3,45,11,2024,0,0,0
2024-11-08,1611521.5,110.0,533.0,4,45,11,2024,0,0,0
2024-11-09,1985476.5,290.0,668.0,5,45,11,2024,1,0,0
2024-11-10,2310384.0,211.0,748.0,6,45,11,2024,1,0,0
2024-11-11,2148074.8,271.0,682.0,0,46,11,2024,0,0,0
2024-11-12,2254739.2,209.0,699.0,1,46,11,2024,0,0,0
2024-11-13,2199110.8,183.0,699.0,2,46,11,2024,0,0,0
2024-11-14,2087307.9,193.0,682.0,3,46,11,2024,0,0,0
2024-11-15,1997853.4,214.0,663.0,4,46,11,2024,0,0,0
2024-11-16,1965518.1,219.0,651.0,5,46,11,2024,1,0,0
2024-11-17,1921435.4,217.0,625.0,6,46,11,2024,1,0,0
2024-10-09,1382920.5,165.0,430.0,2,41,10,2024,0,0,0
2024-10-10,1743265.5,201.0,553.0,3,41,10,2024,0,0,0
2024-10-11,1486824.4,187.0,462.0,4,41,10,2024,0,0,0
2024-10-12,698814.56,109.0,231.0,5,41,10,2024,1,0,0
2024-10-13,450815.6,41.0,149.0,6,41,10,2024,1,0,0
2024-10-14,468403.8,48.0,151.0,0,42,10,2024,0,0,0
2024-10-15,665459.44,81.0,210.0,1,42,10,2024,0,0,0
2024-10-16,944167.0,99.0,303.0,2,42,10,2024,0,0,0
2024-10-17,1181249.8,138.0,398.0,3,42,10,2024,0,0,0
2024-10-18,1310661.2,164.0,451.0,4,42,10,2024,0,0,0
2024-10-19,1314219.2,194.0,448.0,5,42,10,2024,1,0,0
2024-10-20,1211382.9,171.0,394.0,6,42,10,2024,1,0,0
2024-10-21,633995.94,84.0,212.0,0,43,10,2024,0,0,0
2024-10-22,573985.6,56.0,189.0,1,43,10,2024,0,0,0
2024-10-23,2585945.8,334.0,722.0,2,43,10,2024,0,0,0
2024-10-24,2599994.8,259.0,652.0,3,43,10,2024,0,0,0
2024-10-25,1083791.1,76.0,248.0,4,43,10,2024,0,0,0
2024-10-26,144850.56,18.0,42.0,5,43,10,2024,1,0,0
2024-10-27,265661.16,44.0,81.0,6,43,10,2024,1,0,0
2024-10-28,549470.56,80.0,165.0,0,44,10,2024,0,0,0
2024-10-29,985324.8,95.0,309.0,1,44,10,2024,0,0,0
2024-10-30,1276346.4,148.0,433.0,2,44,10,2024,0,0,0
2024-10-31,1428487.2,182.0,504.0,3,44,10,2024,0,0,0
2024-11-01,1491681.9,220.0,522.0,4,44,11,2024,0,0,0
2025-05-26,1380019.6,165.0,429.0,0,22,5,2025,0,0,0
2025-05-27,1578614.2,179.0,496.0,1,22,5,2025,0,0,0
2025-05-28,1732916.4,207.0,549.0,2,22,5,2025,0,0,0
2025-05-29,906275.1,121.0,292.0,3,22,5,2025,0,0,0
2025-05-30,458040.5,57.0,153.0,4,22,5,2025,0,0,0
2025-05-31,522334.2,45.0,166.0,5,22,5,2025,1,0,0
2025-06-01,620781.6,86.0,191.0,6,22,6,2025,1,0,0
2025-06-02,868147.75,90.0,270.0,0,23,6,2025,0,0,0
2025-06-03,1058286.6,124.0,342.0,1,23,6,2025,0,0,0
2025-06-04,1219594.5,147.0,403.0,2,23,6,2025,0,0,0
2025-06-05,1303322.0,187.0,431.0,3,23,6,2025,0,0,0
2025-06-06,1372265.2,204.0,451.0,4,23,6,2025,0,0,0
2025-06-07,1397047.8,202.0,453.0,5,23,6,2025,1,0,0
2025-06-08,1262457.1,180.0,394.0,6,23,6,2025,1,0,0
2025-06-09,624700.3,88.0,201.0,0,24,6,2025,0,0,0
2025-06-10,755152.56,73.0,238.0,1,24,6,2025,0,0,0
2025-06-11,2691954.2,320.0,769.0,2,24,6,2025,0,0,0
2025-06-12,2116166.8,145.0,550.0,3,24,6,2025,0,0,0
2025-06-13,2166536.0,300.0,597.0,4,24,6,2025,0,0,0
2025-06-14,2343947.0,277.0,612.0,5,24,6,2025,1,0,0
2025-06-15,2440039.2,203.0,651.0,6,24,6,2025,1,0,0
2025-06-16,2195773.8,235.0,580.0,0,25,6,2025,0,0,0
2025-06-17,2079107.5,216.0,579.0,1,25,6,2025,0,0,0
2025-06-18,1998458.5,224.0,571.0,2,25,6,2025,0,0,0
2025-10-30,1447108.4,172.0,449.0,3,44,10,2025,0,0,0
2025-10-31,1752069.8,203.0,555.0,4,44,10,2025,0,0,0
2025-11-01,1585280.6,202.0,486.0,5,44,11,2025,1,0,0
2025-11-02,693617.75,107.0,224.0,6,44,11,2025,1,0,0
2025-11-03,387019.25,38.0,128.0,0,45,11,2025,0,0,0
2025-11-04,422598.22,42.0,139.0,1,45,11,2025,0,0,0
2025-11-05,598289.9,74.0,190.0,2,45,11,2025,0,0,0
2025-11-06,869896.94,90.0,277.0,3,45,11,2025,0,0,0
2025-11-07,1091510.8,129.0,361.0,4,45,11,2025,0,0,0
2025-11-08,1239837.2,148.0,420.0,5,45,11,2025,1,0,0
2025-11-09,1195525.9,173.0,397.0,6,45,11,2025,1,0,0
2025-11-10,537628.5,68.0,177.0,0,46,11,2025,0,0,0
2025-11-11,1827012.9,221.0,555.0,1,46,11,2025,0,0,0
2025-11-12,2666583.0,243.0,833.0,2,46,11,2025,0,0,0
2025-11-13,1340873.0,111.0,477.0,3,46,11,2025,0,0,0
2025-11-14,2124958.8,241.0,742.0,4,46,11,2025,0,0,0
2025-11-15,2352864.0,210.0,762.0,5,46,11,2025,1,0,0
2025-11-16,2138352.8,286.0,687.0,6,46,11,2025,1,0,0
2025-11-17,2279124.8,193.0,729.0,0,47,11,2025,0,0,0
2025-11-18,2244359.2,176.0,722.0,1,47,11,2025,0,0,0
2025-11-19,2103595.8,186.0,703.0,2,47,11,2025,0,0,0
2025-11-20,1978527.5,204.0,671.0,3,47,11,2025,0,0,0
2025-11-21,1912345.6,211.0,641.0,4,47,11,2025,0,0,0
2025-11-22,1796795.9,211.0,581.0,5,47,11,2025,1,0,0
2026-04-09,1348667.6,161.0,419.0,3,15,4,2026,0,0,0
2026-04-10,1664811.2,189.0,527.0,4,15,4,2026,0,0,0
2026-04-11,1689196.8,210.0,530.0,5,15,4,2026,1,0,0
2026-04-12,817820.8,110.0,263.0,6,15,4,2026,1,0,0
2026-04-13,405621.28,47.0,136.0,0,16,4,2026,0,0,0
2026-04-14,499072.22,43.0,163.0,1,16,4,2026,0,0,0
2026-04-15,665475.94,87.0,211.0,2,16,4,2026,0,0,0
2026-04-16,955477.5,97.0,309.0,3,16,4,2026,0,0,0
2026-04-17,1146529.1,132.0,386.0,4,16,4,2026,0,0,0
2026-04-18,1251623.9,157.0,428.0,5,16,4,2026,1,0,0
2026-04-19,1252112.0,183.0,421.0,6,16,4,2026,1,0,0
2026-04-20,853667.94,106.0,282.0,0,17,4,2026,0,0,0
2026-04-21,372364.6,48.0,123.0,1,17,4,2026,0,0,0
2026-04-22,2444770.2,328.0,688.0,2,17,4,2026,0,0,0
2026-04-23,2847689.8,311.0,796.0,3,17,4,2026,0,0,0
2026-04-24,167734.45,19.0,36.0,4,17,4,2026,0,0,0
2026-04-25,1175421.4,156.0,382.0,5,17,4,2026,1,0,0
2026-04-26,1284424.1,153.0,388.0,6,17,4,2026,1,0,0
2026-04-27,1285916.0,227.0,412.0,0,18,4,2026,0,0,0
2026-04-28,1399854.9,222.0,462.0,1,18,4,2026,0,0,0
2026-04-29,1457065.4,221.0,481.0,2,18,4,2026,0,0,0
2026-04-30,1403969.5,230.0,454.0,3,18,4,2026,0,0,0
2026-05-01,990488.94,144.0,319.0,4,18,5,2026,0,0,0
2026-05-02,559642.44,78.0,180.0,5,18,5,2026,1,0,0
2024-10-16,1373071.5,164.0,427.0,2,42,10,2024,0,0,0
2024-10-17,1227935.5,151.0,376.0,3,42,10,2024,0,0,0
2024-10-18,1942307.1,232.0,609.0,4,42,10,2024,0,0,0
2024-10-19,1485957.6,209.0,463.0,5,42,10,2024,1,0,0
2024-10-20,1087785.0,173.0,330.0,6,42,10,2024,1,0,0
2024-10-21,1051298.5,144.0,312.0,0,43,10,2024,0,0,0
2024-10-22,1172771.5,130.0,339.0,1,43,10,2024,0,0,0
2024-10-23,1210576.6,186.0,347.0,2,43,10,2024,0,0,0
2024-10-24,1343000.1,188.0,397.0,3,43,10,2024,0,0,0
2024-10-25,1484511.6,174.0,449.0,4,43,10,2024,0,0,0
2024-10-26,1473371.2,200.0,452.0,5,43,10,2024,1,0,0
2024-10-27,1406666.2,192.0,432.0,6,43,10,2024,1,0,0
2024-10-28,708844.6,93.0,222.0,0,44,10,2024,0,0,0
2024-10-29,536939.5,61.0,172.0,1,44,10,2024,0,0,0
2024-10-30,2561673.0,320.0,729.0,2,44,10,2024,0,0,0
2024-10-31,2773258.8,269.0,736.0,3,44,10,2024,0,0,0
2024-11-01,751928.4,55.0,175.0,4,44,11,2024,0,0,0
2024-11-02,130006.71,17.0,39.0,5,44,11,2024,1,0,0
2024-11-03,232058.52,43.0,71.0,6,44,11,2024,1,0,0
2024-11-04,522661.4,80.0,156.0,0,45,11,2024,0,0,0
2024-11-05,970328.75,96.0,302.0,1,45,11,2024,0,0,0
2024-11-06,1270402.4,147.0,428.0,2,45,11,2024,0,0,0
2024-11-07,1434588.9,182.0,504.0,3,45,11,2024,0,0,0
2024-11-08,1491983.2,222.0,520.0,4,45,11,2024,0,0,0
2024-11-05,1355095.5,162.0,421.0,1,45,11,2024,0,0,0
2024-11-06,1672686.9,190.0,529.0,2,45,11,2024,0,0,0
2024-11-07,1518720.8,196.0,469.0,3,45,11,2024,0,0,0
2024-11-08,734255.6,101.0,241.0,4,45,11,2024,0,0,0
2024-11-09,402408.47,39.0,135.0,5,45,11,2024,1,0,0
2024-11-10,425188.16,43.0,140.0,6,45,11,2024,1,0,0
2024-11-11,569072.2,72.0,180.0,0,46,11,2024,0,0,0
2024-11-12,846571.9,89.0,267.0,1,46,11,2024,0,0,0
2024-11-13,1073762.6,126.0,351.0,2,46,11,2024,0,0,0
2024-11-14,1250573.5,147.0,422.0,3,46,11,2024,0,0,0
2024-11-15,1341235.6,189.0,455.0,4,46,11,2024,0,0,0
2024-11-16,1430125.4,210.0,481.0,5,46,11,2024,1,0,0
2024-11-17,1475873.1,215.0,489.0,6,46,11,2024,1,0,0
2024-11-18,1420556.4,210.0,460.0,0,47,11,2024,0,0,0
2024-11-19,1161925.2,157.0,366.0,1,47,11,2024,0,0,0
2024-11-20,533952.4,71.0,176.0,2,47,11,2024,0,0,0
2024-11-21,1078080.2,85.0,342.0,3,47,11,2024,0,0,0
2024-11-22,2784664.0,280.0,817.0,4,47,11,2024,0,0,0
2024-11-23,2149642.2,158.0,611.0,5,47,11,2024,1,0,0
2024-11-24,1980527.8,287.0,582.0,6,47,11,2024,1,0,0
2024-11-25,1941941.2,252.0,501.0,0,48,11,2024,0,0,0
2024-11-26,1952007.5,190.0,493.0,1,48,11,2024,0,0,0
2024-11-27,1823770.9,212.0,474.0,2,48,11,2024,0,0,0
2024-11-28,1864781.5,197.0,504.0,3,48,11,2024,0,0,0
2024-11-25,1347118.9,161.0,419.0,0,48,11,2024,0,0,0
2024-11-26,1321944.8,156.0,408.0,1,48,11,2024,0,0,0
2024-11-27,2077312.0,238.0,655.0,2,48,11,2024,0,0,0
2024-11-28,1658903.9,230.0,531.0,3,48,11,2024,0,0,0
2024-11-29,1360676.0,198.0,416.0,4,48,11,2024,0,0,0
2024-11-30,1315113.4,173.0,394.0,5,48,11,2024,1,0,0
2024-12-01,1388578.4,161.0,415.0,6,48,12,2024,1,0,0
2024-12-02,1442858.1,192.0,432.0,0,49,12,2024,0,0,0
2024-12-03,1475000.5,210.0,447.0,1,49,12,2024,0,0,0
2024-12-04,1463828.1,191.0,444.0,2,49,12,2024,0,0,0
2024-12-05,1115096.2,138.0,337.0,3,49,12,2024,0,0,0
2024-12-06,410491.38,51.0,130.0,4,49,12,2024,0,0,0
2024-12-07,2249752.0,270.0,649.0,5,49,12,2024,1,0,0
2024-12-08,2664359.8,321.0,793.0,6,49,12,2024,1,0,0
2024-12-09,1496922.4,159.0,427.0,0,50,12,2024,0,0,0
2024-12-10,2230288.8,263.0,706.0,1,50,12,2024,0,0,0
2024-12-11,2451474.2,221.0,747.0,2,50,12,2024,0,0,0
2024-12-12,2226620.0,279.0,682.0,3,50,12,2024,0,0,0
2024-12-13,2317826.2,205.0,714.0,4,50,12,2024,0,0,0
2024-12-14,2266338.8,182.0,715.0,5,50,12,2024,1,0,0
2024-12-15,2124250.8,189.0,697.0,6,50,12,2024,1,0,0
2024-12-16,1990452.1,208.0,663.0,0,51,12,2024,0,0,0
2024-12-17,1859103.1,206.0,609.0,1,51,12,2024,0,0,0
2024-12-18,1343979.2,187.0,412.0,2,51,12,2024,0,0,0
2025-11-20,1355520.8,162.0,421.0,3,47,11,2025,0,0,0
2025-11-21,1576562.6,178.0,496.0,4,47,11,2025,0,0,0
2025-11-22,1606710.8,200.0,506.0,5,47,11,2025,1,0,0
2025-11-23,831638.44,105.0,273.0,6,47,11,2025,1,0,0
2025-11-24,411525.56,46.0,139.0,0,48,11,2025,0,0,0
2025-11-25,445991.8,43.0,146.0,1,48,11,2025,0,0,0
2025-11-26,560059.6,74.0,176.0,2,48,11,2025,0,0,0
2025-11-27,816537.4,86.0,254.0,3,48,11,2025,0,0,0
2025-11-28,1028158.75,120.0,331.0,4,48,11,2025,0,0,0
2025-11-29,1210485.5,143.0,402.0,5,48,11,2025,1,0,0
2025-11-30,1312293.6,182.0,438.0,6,48,11,2025,1,0,0
2025-12-01,1406291.6,207.0,468.0,0,49,12,2025,0,0,0
2025-12-02,1464662.8,212.0,481.0,1,49,12,2025,0,0,0
2025-12-03,1433309.0,211.0,463.0,2,49,12,2025,0,0,0
2025-12-04,999211.9,133.0,322.0,3,49,12,2025,0,0,0
2025-12-05,426073.06,58.0,140.0,4,49,12,2025,0,0,0
2025-12-06,2419184.2,298.0,706.0,5,49,12,2025,1,0,0
2025-12-07,2836274.5,310.0,819.0,6,49,12,2025,1,0,0
2025-12-08,291879.94,31.0,74.0,0,50,12,2025,0,0,0
2025-12-09,1460814.4,187.0,473.0,1,50,12,2025,0,0,0
2025-12-10,1706573.9,217.0,509.0,2,50,12,2025,0,0,0
2025-12-11,1752065.5,235.0,508.0,3,50,12,2025,0,0,0
2025-12-12,1660342.2,232.0,497.0,4,50,12,2025,0,0,0
2025-12-13,1618637.2,237.0,502.0,5,50,12,2025,1,0,0
2025-03-14,1507493.1,178.0,468.0,4,11,3,2025,0,0,1
2025-03-15,1856488.2,218.0,589.0,5,11,3,2025,1,0,1
2025-03-16,1107910.5,155.0,352.0,6,11,3,2025,1,0,1
2025-03-17,2318488.8,295.0,735.0,0,12,3,2025,0,0,1
2025-03-18,2436205.5,224.0,768.0,1,12,3,2025,0,0,1
2025-03-19,2209582.2,273.0,690.0,2,12,3,2025,0,0,1
2025-03-20,2260545.8,211.0,702.0,3,12,3,2025,0,0,1
2025-03-21,2225310.5,192.0,692.0,4,12,3,2025,0,0,1
2025-03-22,2108666.2,193.0,676.0,5,12,3,2025,1,0,1
2025-03-23,1998142.5,213.0,645.0,6,12,3,2025,1,0,1
2025-03-24,1898616.8,213.0,604.0,0,13,3,2025,0,0,1
2025-03-25,1530139.2,189.0,464.0,1,13,3,2025,0,0,1
2025-03-26,717021.56,144.0,203.0,2,13,3,2025,0,0,1
2025-03-27,919415.8,91.0,249.0,3,13,3,2025,0,0,1
2025-03-28,2604946.2,316.0,769.0,4,13,3,2025,0,0,1
2025-03-29,2391559.0,203.0,656.0,5,13,3,2025,1,0,1
2025-03-30,1332204.4,136.0,384.0,6,13,3,2025,1,0,1
2025-03-31,358377.62,54.0,107.0,0,14,3,2025,0,0,1
2025-04-01,479926.88,61.0,138.0,1,14,4,2025,0,0,0
2025-04-02,789986.25,97.0,233.0,2,14,4,2025,0,0,0
2025-04-03,1125345.4,127.0,361.0,3,14,4,2025,0,0,0
2025-04-04,1361374.8,155.0,470.0,4,14,4,2025,0,0,0
2025-04-05,1450673.1,194.0,513.0,5,14,4,2025,1,0,0
2025-04-06,1410169.8,209.0,489.0,6,14,4,2025,1,0,0
2025-09-22,1384763.4,165.0,430.0,0,39,9,2025,0,0,0
2025-09-23,1297382.1,156.0,399.0,1,39,9,2025,0,0,0
2025-09-24,2041634.2,238.0,642.0,2,39,9,2025,0,0,0
2025-09-25,1620449.6,226.0,514.0,3,39,9,2025,0,0,0
2025-09-26,1270167.0,191.0,387.0,4,39,9,2025,0,0,0
2025-09-27,1222173.8,161.0,365.0,5,39,9,2025,1,0,0
2025-09-28,1303527.1,149.0,386.0,6,39,9,2025,1,0,0
2025-09-29,1352078.8,187.0,399.0,0,40,9,2025,0,0,0
2025-09-30,1437796.4,204.0,433.0,1,40,9,2025,0,0,0
2025-10-01,1511816.5,191.0,460.0,2,40,10,2025,0,0,0
2025-10-02,1412700.2,193.0,430.0,3,40,10,2025,0,0,0
2025-10-03,1128185.5,145.0,338.0,4,40,10,2025,0,0,0
2025-10-04,475703.2,59.0,149.0,5,40,10,2025,1,0,0
2025-10-05,2449634.8,278.0,702.0,6,40,10,2025,1,0,0
2025-10-06,2899675.0,306.0,840.0,0,41,10,2025,0,0,0
2025-10-07,1087015.4,117.0,317.0,1,41,10,2025,0,0,0
2025-10-08,2029258.2,214.0,672.0,2,41,10,2025,0,0,0
2025-10-09,2261281.2,189.0,694.0,3,41,10,2025,0,0,0
2025-10-10,2025207.8,205.0,631.0,4,41,10,2025,0,0,0
2025-10-11,1933222.9,175.0,596.0,5,41,10,2025,1,0,0
2025-10-12,1852428.2,141.0,590.0,6,41,10,2025,1,0,0
2025-10-13,1581228.1,131.0,522.0,0,42,10,2025,0,0,0
2025-10-14,650985.3,65.0,223.0,1,42,10,2025,0,0,0
2025-10-15,1494005.8,165.0,515.0,2,42,10,2025,0,0,0
2025-11-18,1685120.5,200.0,521.0,1,47,11,2025,0,0,0
2025-11-19,1949262.9,232.0,613.0,2,47,11,2025,0,0,0
2025-11-20,845980.8,111.0,252.0,3,47,11,2025,0,0,0
2025-11-21,2172041.5,292.0,712.0,4,47,11,2025,0,0,0
2025-11-22,2285000.8,238.0,753.0,5,47,11,2025,1,0,0
2025-11-23,2115252.2,296.0,686.0,6,47,11,2025,1,0,0
2025-11-24,2241849.0,219.0,713.0,0,48,11,2025,0,0,0
2025-11-25,2270362.8,191.0,715.0,1,48,11,2025,0,0,0
2025-11-26,2159506.0,193.0,702.0,2,48,11,2025,0,0,0
2025-11-27,2016818.5,206.0,662.0,3,48,11,2025,0,0,0
2025-11-28,1848641.9,206.0,589.0,4,48,11,2025,0,0,0
2025-11-29,1351484.0,195.0,398.0,5,48,11,2025,1,0,0
2025-11-30,759917.44,135.0,201.0,6,48,11,2025,1,0,0
2025-12-01,1109119.1,125.0,289.0,0,49,12,2025,0,0,0
2025-12-02,2660218.2,303.0,766.0,1,49,12,2025,0,0,0
2025-12-03,2135131.5,162.0,585.0,2,49,12,2025,0,0,0
2025-12-04,1939391.4,266.0,559.0,3,49,12,2025,0,0,0
2025-12-05,1643592.2,196.0,428.0,4,49,12,2025,0,0,0
2025-12-06,1403696.5,172.0,375.0,5,49,12,2025,1,0,0
2025-12-07,1564507.4,155.0,429.0,6,49,12,2025,1,0,0
2025-12-08,1736830.6,167.0,488.0,0,50,12,2025,0,0,0
2025-12-09,1740338.6,227.0,502.0,1,50,12,2025,0,0,0
2025-12-10,1879276.8,216.0,554.0,2,50,12,2025,0,0,0
2025-12-11,1909782.5,224.0,565.0,3,50,12,2025,0,0,0
2024-10-18,1371920.2,164.0,426.0,4,42,10,2024,0,0,0
2024-10-19,1649532.5,187.0,521.0,5,42,10,2024,1,0,0
2024-10-20,1687486.8,208.0,530.0,6,42,10,2024,1,0,0
2024-10-21,830576.5,111.0,268.0,0,43,10,2024,0,0,0
2024-10-22,403622.16,47.0,136.0,1,43,10,2024,0,0,0
2024-10-23,461285.25,42.0,151.0,2,43,10,2024,0,0,0
2024-10-24,586320.75,77.0,184.0,3,43,10,2024,0,0,0
2024-10-25,855948.44,87.0,270.0,4,43,10,2024,0,0,0
2024-10-26,1056626.2,122.0,345.0,5,43,10,2024,1,0,0
2024-10-27,1211491.0,145.0,405.0,6,43,10,2024,1,0,0
2024-10-28,1270842.6,181.0,424.0,0,44,10,2024,0,0,0
2024-10-29,1254617.1,187.0,409.0,1,44,10,2024,0,0,0
2024-10-30,731107.0,93.0,240.0,2,44,10,2024,0,0,0
2024-10-31,434375.84,51.0,143.0,3,44,10,2024,0,0,0
2024-11-01,2483331.0,331.0,697.0,4,44,11,2024,0,0,0
2024-11-02,2827643.5,295.0,759.0,5,44,11,2024,1,0,0
2024-11-03,306497.16,31.0,63.0,6,44,11,2024,1,0,0
2024-11-04,302539.97,35.0,97.0,0,45,11,2024,0,0,0
2024-11-05,289071.53,50.0,89.0,1,45,11,2024,0,0,0
2024-11-06,600116.8,80.0,180.0,2,45,11,2024,0,0,0
2024-11-07,992837.3,101.0,313.0,3,45,11,2024,0,0,0
2024-11-08,1245437.1,143.0,421.0,4,45,11,2024,0,0,0
2024-11-09,1315680.9,172.0,456.0,5,45,11,2024,1,0,0
2024-11-10,1037938.2,130.0,354.0,6,45,11,2024,1,0,0
2025-12-05,1465928.1,174.0,455.0,4,49,12,2025,0,0,0
2025-12-06,1635559.0,188.0,513.0,5,49,12,2025,1,0,0
2025-12-07,1554102.2,198.0,483.0,6,49,12,2025,1,0,0
2025-12-08,1383866.1,175.0,432.0,0,50,12,2025,0,0,0
2025-12-09,1088634.8,144.0,334.0,1,50,12,2025,0,0,0
2025-12-10,1010597.56,131.0,300.0,2,50,12,2025,0,0,0
2025-12-11,1117730.1,146.0,317.0,3,50,12,2025,0,0,0
2025-12-12,1226400.9,196.0,346.0,4,50,12,2025,0,0,0
2025-12-13,1406415.1,195.0,409.0,5,50,12,2025,1,0,0
2025-12-14,1527762.4,185.0,456.0,6,50,12,2025,1,0,0
2025-12-15,1507306.0,202.0,458.0,0,51,12,2025,0,0,0
2025-12-16,1366707.2,181.0,411.0,1,51,12,2025,0,0,0
2025-12-17,551643.56,78.0,170.0,2,51,12,2025,0,0,0
2025-12-18,2538691.0,268.0,740.0,3,51,12,2025,0,0,0
2025-12-19,2971784.0,258.0,874.0,4,51,12,2025,0,0,0
2025-12-20,1047878.0,104.0,360.0,5,51,12,2025,1,0,0
2025-12-21,2253945.8,198.0,780.0,6,51,12,2025,1,0,0
2025-12-22,2466789.8,206.0,760.0,0,52,12,2025,0,0,0
2025-12-23,2135565.8,279.0,679.0,1,52,12,2025,0,0,0
2025-12-24,2294445.0,176.0,731.0,2,52,12,2025,0,0,0
2025-12-25,2252433.0,163.0,736.0,3,52,12,2025,0,0,0
2025-12-26,2124641.8,176.0,723.0,4,52,12,2025,0,0,0
2025-12-27,2024918.4,200.0,705.0,5,52,12,2025,1,0,0
2025-12-28,2001288.8,206.0,697.0,6,52,12,2025,1,0,0
2025-03-18,1371150.2,164.0,426.0,1,12,3,2025,0,0,1
2025-03-19,1566871.9,178.0,492.0,2,12,3,2025,0,0,1
2025-03-20,1748492.0,207.0,555.0,3,12,3,2025,0,0,1
2025-03-21,926388.25,125.0,298.0,4,12,3,2025,0,0,1
2025-03-22,475435.66,59.0,158.0,5,12,3,2025,1,0,1
2025-03-23,540000.25,47.0,170.0,6,12,3,2025,1,0,1
2025-03-24,635139.2,89.0,195.0,0,13,3,2025,0,0,1
2025-03-25,878643.4,92.0,273.0,1,13,3,2025,0,0,1
2025-03-26,1072904.1,126.0,347.0,2,13,3,2025,0,0,1
2025-03-27,1219609.6,148.0,403.0,3,13,3,2025,0,0,1
2025-03-28,1300993.1,187.0,430.0,4,13,3,2025,0,0,1
2025-03-29,1368851.2,203.0,449.0,5,13,3,2025,1,0,1
2025-03-30,1360277.8,198.0,438.0,6,13,3,2025,1,0,1
2025-03-31,819898.6,109.0,266.0,0,14,3,2025,0,0,1
2025-04-01,425621.75,53.0,139.0,1,14,4,2025,0,0,0
2025-04-02,2483522.8,322.0,705.0,2,14,4,2025,0,0,0
2025-04-03,2874800.2,312.0,818.0,3,14,4,2025,0,0,0
2025-04-04,210014.97,25.0,49.0,4,14,4,2025,0,0,0
2025-04-05,1247433.5,165.0,409.0,5,14,4,2025,1,0,0
2025-04-06,1446304.5,181.0,437.0,6,14,4,2025,1,0,0
2025-04-07,1447639.0,232.0,452.0,0,15,4,2025,0,0,0
2025-04-08,1491828.4,227.0,483.0,1,15,4,2025,0,0,0
2025-04-09,1466310.6,228.0,478.0,2,15,4,2025,0,0,0
2025-04-10,1347096.1,218.0,428.0,3,15,4,2025,0,0,0
2025-05-20,1401935.6,167.0,435.0,1,21,5,2025,0,0,0
2025-05-21,1802191.9,210.0,573.0,2,21,5,2025,0,0,0
2025-05-22,1043383.56,146.0,331.0,3,21,5,2025,0,0,0
2025-05-23,1434445.2,176.0,473.0,4,21,5,2025,0,0,0
2025-05-24,1372794.1,144.0,434.0,5,21,5,2025,1,0,0
2025-05-25,1137042.5,179.0,372.0,6,21,5,2025,1,0,0
2025-05-26,1383490.2,134.0,451.0,0,22,5,2025,0,0,0
2025-05-27,1487936.0,181.0,485.0,1,22,5,2025,0,0,0
2025-05-28,1550296.5,229.0,513.0,2,22,5,2025,0,0,0
2025-05-29,1720106.9,201.0,565.0,3,22,5,2025,0,0,0
2025-05-30,1685229.9,224.0,548.0,4,22,5,2025,0,0,0
2025-05-31,1616169.0,216.0,518.0,5,22,5,2025,1,0,0
2025-06-01,1306910.8,155.0,417.0,6,22,6,2025,1,0,0
2025-06-02,592828.94,83.0,197.0,0,23,6,2025,0,0,0
2025-06-03,807423.1,56.0,261.0,1,23,6,2025,0,0,0
2025-06-04,2673153.0,294.0,784.0,2,23,6,2025,0,0,0
2025-06-05,2175617.2,131.0,572.0,3,23,6,2025,0,0,0
2025-06-06,2173844.2,303.0,593.0,4,23,6,2025,0,0,0
2025-06-07,2355299.2,289.0,608.0,5,23,6,2025,1,0,0
2025-06-08,2496110.2,202.0,662.0,6,23,6,2025,1,0,0
2025-06-09,2239023.0,233.0,593.0,0,24,6,2025,0,0,0
2025-06-10,2095280.4,215.0,588.0,1,24,6,2025,0,0,0
2025-06-11,2001353.4,225.0,579.0,2,24,6,2025,0,0,0
2025-06-12,1976856.2,229.0,574.0,3,24,6,2025,0,0,0
2026-03-10,1394740.2,166.0,433.0,1,11,3,2026,0,0,1
2026-03-11,1751936.1,202.0,556.0,2,11,3,2026,0,0,1
2026-03-12,1479178.6,186.0,460.0,3,11,3,2026,0,0,1
2026-03-13,685648.06,107.0,227.0,4,11,3,2026,0,0,1
2026-03-14,449490.9,40.0,148.0,5,11,3,2026,1,0,1
2026-03-15,476555.25,49.0,154.0,6,11,3,2026,1,0,1
2026-03-16,686538.1,83.0,217.0,0,12,3,2026,0,0,1
2026-03-17,961527.44,101.0,310.0,1,12,3,2026,0,0,1
2026-03-18,1198954.8,140.0,406.0,2,12,3,2026,0,0,1
2026-03-19,1345452.1,169.0,466.0,3,12,3,2026,0,0,1
2026-03-20,1422551.8,208.0,490.0,4,12,3,2026,0,0,1
2026-03-21,1478737.5,218.0,501.0,5,12,3,2026,1,0,1
2026-03-22,1385974.5,201.0,453.0,6,12,3,2026,1,0,1
2026-03-23,893344.2,126.0,296.0,0,13,3,2026,0,0,1
2026-03-24,466629.3,57.0,154.0,1,13,3,2026,0,0,1
2026-03-25,1657556.9,172.0,513.0,2,13,3,2026,0,0,1
2026-03-26,2534033.5,285.0,804.0,3,13,3,2026,0,0,1
2026-03-27,1507260.9,115.0,541.0,4,13,3,2026,0,0,1
2026-03-28,1905325.4,313.0,645.0,5,13,3,2026,1,0,1
2026-03-29,2284227.8,208.0,746.0,6,13,3,2026,1,0,1
2026-03-30,2126144.0,268.0,675.0,0,14,3,2026,0,0,1
2026-03-31,2216944.8,214.0,683.0,1,14,3,2026,0,0,1
2026-04-01,2176429.2,187.0,687.0,2,14,4,2026,0,0,0
2026-04-02,2083856.0,192.0,675.0,3,14,4,2026,0,0,0
2024-08-30,1419276.5,169.0,441.0,4,35,8,2024,0,0,0
2024-08-31,1791668.9,208.0,569.0,5,35,8,2024,1,0,0
2024-09-01,1156990.8,160.0,370.0,6,35,9,2024,1,0,0
2024-09-02,1254354.8,160.0,407.0,0,36,9,2024,0,0,0
2024-09-03,1038308.3,133.0,325.0,1,36,9,2024,0,0,0
2024-09-04,972770.25,118.0,303.0,2,36,9,2024,0,0,0
2024-09-05,1162658.0,128.0,353.0,3,36,9,2024,0,0,0
2024-09-06,1289600.5,194.0,395.0,4,36,9,2024,0,0,0
2024-09-07,1489305.2,201.0,474.0,5,36,9,2024,1,0,0
2024-09-08,1666388.0,188.0,539.0,6,36,9,2024,1,0,0
2024-09-09,1676367.0,218.0,545.0,0,37,9,2024,0,0,0
2024-09-10,1724005.0,221.0,557.0,1,37,9,2024,0,0,0
2024-09-11,1710349.1,219.0,543.0,2,37,9,2024,0,0,0
2024-09-12,1571736.2,210.0,488.0,3,37,9,2024,0,0,0
2024-09-13,924089.25,131.0,296.0,4,37,9,2024,0,0,0
2024-09-14,467362.94,60.0,149.0,5,37,9,2024,1,0,0
2024-09-15,2361272.2,300.0,712.0,6,37,9,2024,1,0,0
2024-09-16,2821082.5,302.0,839.0,0,38,9,2024,0,0,0
2024-09-17,625838.25,66.0,183.0,1,38,9,2024,0,0,0
2024-09-18,1962524.5,205.0,627.0,2,38,9,2024,0,0,0
2024-09-19,2147600.8,235.0,638.0,3,38,9,2024,0,0,0
2024-09-20,2180544.0,228.0,626.0,4,38,9,2024,0,0,0
2024-09-21,2117316.8,221.0,618.0,5,38,9,2024,1,0,0
2024-09-22,2090916.2,207.0,627.0,6,38,9,2024,1,0,0
2025-11-24,1387878.5,165.0,431.0,0,48,11,2025,0,0,0
2025-11-25,1650022.4,188.0,521.0,1,48,11,2025,0,0,0
2025-11-26,1793400.9,214.0,567.0,2,48,11,2025,0,0,0
2025-11-27,933984.3,128.0,297.0,3,48,11,2025,0,0,0
2025-11-28,470686.25,59.0,155.0,4,48,11,2025,0,0,0
2025-11-29,571336.9,47.0,179.0,5,48,11,2025,1,0,0
2025-11-30,694237.4,97.0,214.0,6,48,11,2025,1,0,0
2025-12-01,967296.4,102.0,308.0,0,49,12,2025,0,0,0
2025-12-02,1162119.9,132.0,388.0,1,49,12,2025,0,0,0
2025-12-03,1279603.6,162.0,435.0,2,49,12,2025,0,0,0
2025-12-04,1369922.9,198.0,464.0,3,49,12,2025,0,0,0
2025-12-05,1402608.9,210.0,467.0,4,49,12,2025,0,0,0
2025-12-06,1286666.4,181.0,411.0,5,49,12,2025,1,0,0
2025-12-07,678138.3,96.0,224.0,6,49,12,2025,1,0,0
2025-12-08,779099.7,74.0,251.0,0,50,12,2025,0,0,0
2025-12-09,2644709.0,322.0,772.0,1,50,12,2025,0,0,0
2025-12-10,2061144.1,125.0,539.0,2,50,12,2025,0,0,0
2025-12-11,2175476.0,307.0,614.0,3,50,12,2025,0,0,0
2025-12-12,2470784.5,263.0,689.0,4,50,12,2025,0,0,0
2025-12-13,2422581.0,238.0,691.0,5,50,12,2025,1,0,0
2025-12-14,2337661.2,223.0,660.0,6,50,12,2025,1,0,0
2025-12-15,2167900.8,211.0,645.0,0,51,12,2025,0,0,0
2025-12-16,2055116.6,212.0,628.0,1,51,12,2025,0,0,0
2025-12-17,1967310.5,221.0,604.0,2,51,12,2025,0,0,0
2026-03-06,1431711.2,170.0,445.0,4,10,3,2026,0,0,1
2026-03-07,1360837.5,163.0,420.0,5,10,3,2026,1,0,1
2026-03-08,1755888.8,206.0,561.0,6,10,3,2026,1,0,1
2026-03-09,1213576.0,167.0,382.0,0,11,3,2026,0,0,1
2026-03-10,849961.94,127.0,258.0,1,11,3,2026,0,0,1
2026-03-11,831861.06,114.0,241.0,2,11,3,2026,0,0,1
2026-03-12,969910.25,118.0,273.0,3,11,3,2026,0,0,1
2026-03-13,1051279.5,169.0,301.0,4,11,3,2026,0,0,1
2026-03-14,1222133.1,152.0,366.0,5,11,3,2026,1,0,1
2026-03-15,1315161.2,153.0,409.0,6,11,3,2026,1,0,1
2026-03-16,1216370.9,172.0,378.0,0,12,3,2026,0,0,1
2026-03-17,644857.7,78.0,204.0,1,12,3,2026,0,0,1
2026-03-18,501069.97,58.0,160.0,2,12,3,2026,0,0,1
2026-03-19,2518084.0,333.0,694.0,3,12,3,2026,0,0,1
2026-03-20,2173844.5,202.0,517.0,4,12,3,2026,0,0,1
2026-03-21,1545375.4,176.0,402.0,5,12,3,2026,1,0,1
2026-03-22,884766.3,96.0,230.0,6,12,3,2026,1,0,1
2026-03-23,798213.1,106.0,228.0,0,13,3,2026,0,0,1
2026-03-24,1110981.5,110.0,323.0,1,13,3,2026,0,0,1
2026-03-25,1303449.8,181.0,397.0,2,13,3,2026,0,0,1
2026-03-26,1529827.2,194.0,498.0,3,13,3,2026,0,0,1
2026-03-27,1683390.1,184.0,562.0,4,13,3,2026,0,0,1
2026-03-28,1619551.0,220.0,544.0,5,13,3,2026,1,0,1
2026-03-29,1561855.1,209.0,519.0,6,13,3,2026,1,0,1
2026-04-30,1549586.6,183.0,480.0,3,18,4,2026,0,0,0
2026-05-01,1854639.9,217.0,586.0,4,18,5,2026,0,0,0
2026-05-02,856847.9,120.0,262.0,5,18,5,2026,1,0,0
2026-05-03,2264042.5,294.0,727.0,6,18,5,2026,1,0,0
2026-05-04,2393272.0,227.0,770.0,0,19,5,2026,0,0,0
2026-05-05,2165869.2,292.0,690.0,1,19,5,2026,0,0,0
2026-05-06,2272734.2,215.0,718.0,2,19,5,2026,0,0,0
2026-05-07,2273833.5,192.0,714.0,3,19,5,2026,0,0,0
2026-05-08,2166851.0,196.0,703.0,4,19,5,2026,0,0,0
2026-05-09,2066692.8,211.0,681.0,5,19,5,2026,1,0,0
2026-05-10,2002936.4,211.0,658.0,6,19,5,2026,1,0,0
2026-05-11,1909136.1,215.0,610.0,0,20,5,2026,0,0,0
2026-05-12,1739789.5,222.0,523.0,1,20,5,2026,0,0,0
2026-05-13,1092916.0,185.0,307.0,2,20,5,2026,0,0,0
2026-05-14,655110.4,109.0,171.0,3,20,5,2026,0,0,0
2026-05-15,2316781.8,354.0,670.0,4,20,5,2026,0,0,0
2026-05-16,2868260.8,234.0,821.0,5,20,5,2026,1,0,0
2026-05-17,186792.12,21.0,49.0,6,20,5,2026,1,0,0
2026-05-18,1035185.2,140.0,361.0,0,21,5,2026,0,0,0
2026-05-19,1342292.4,141.0,409.0,1,21,5,2026,0,0,0
2026-05-20,1280147.9,188.0,422.0,2,21,5,2026,0,0,0
2026-05-21,1325005.4,187.0,451.0,3,21,5,2026,0,0,0
2026-05-22,1321174.5,194.0,444.0,4,21,5,2026,0,0,0
2026-05-23,1256718.8,195.0,407.0,5,21,5,2026,1,0,0
2025-11-07,1395499.1,166.0,434.0,4,45,11,2025,0,0,0
2025-11-08,1723355.6,198.0,546.0,5,45,11,2025,1,0,0
2025-11-09,1604235.1,207.0,494.0,6,45,11,2025,1,0,0
2025-11-10,731511.44,105.0,236.0,0,46,11,2025,0,0,0
2025-11-11,386768.9,40.0,129.0,1,46,11,2025,0,0,0
2025-11-12,439929.12,43.0,145.0,2,46,11,2025,0,0,0
2025-11-13,615465.6,77.0,196.0,3,46,11,2025,0,0,0
2025-11-14,907601.5,92.0,291.0,4,46,11,2025,0,0,0
2025-11-15,1139123.1,133.0,382.0,5,46,11,2025,1,0,0
2025-11-16,1306185.8,157.0,449.0,6,46,11,2025,1,0,0
2025-11-17,1394161.0,201.0,479.0,0,47,11,2025,0,0,0
2025-11-18,1476678.4,217.0,500.0,1,47,11,2025,0,0,0
2025-11-19,1533651.4,222.0,511.0,2,47,11,2025,0,0,0
2025-11-20,1540731.8,225.0,503.0,3,47,11,2025,0,0,0
2025-11-21,1481156.5,217.0,473.0,4,47,11,2025,0,0,0
2025-11-22,1193571.0,161.0,371.0,5,47,11,2025,1,0,0
2025-11-23,770634.7,121.0,233.0,6,47,11,2025,1,0,0
2025-11-24,471101.2,59.0,132.0,0,48,11,2025,0,0,0
2025-11-25,2415943.2,352.0,634.0,1,48,11,2025,0,0,0
2025-11-26,2713550.5,325.0,761.0,2,48,11,2025,0,0,0
2025-11-27,724880.75,93.0,192.0,3,48,11,2025,0,0,0
2025-11-28,2183891.5,219.0,660.0,4,48,11,2025,0,0,0
2025-11-29,2288037.2,249.0,678.0,5,48,11,2025,1,0,0
2025-11-30,2208764.2,262.0,636.0,6,48,11,2025,1,0,0
2024-09-13,1416437.2,168.0,440.0,4,37,9,2024,0,0,0
2024-09-14,1740879.1,201.0,552.0,5,37,9,2024,1,0,0
2024-09-15,1465011.1,183.0,456.0,6,37,9,2024,1,0,0
2024-09-16,719804.6,110.0,239.0,0,38,9,2024,0,0,0
2024-09-17,466667.53,43.0,154.0,1,38,9,2024,0,0,0
2024-09-18,468265.25,49.0,150.0,2,38,9,2024,0,0,0
2024-09-19,653557.3,82.0,205.0,3,38,9,2024,0,0,0
2024-09-20,935725.75,98.0,298.0,4,38,9,2024,0,0,0
2024-09-21,1170517.0,137.0,392.0,5,38,9,2024,1,0,0
2024-09-22,1332804.2,164.0,457.0,6,38,9,2024,1,0,0
2024-09-23,1417211.4,206.0,486.0,0,39,9,2024,0,0,0
2024-09-24,1515363.2,221.0,512.0,1,39,9,2024,0,0,0
2024-09-25,1569803.0,227.0,520.0,2,39,9,2024,0,0,0
2024-09-26,1560961.6,229.0,507.0,3,39,9,2024,0,0,0
2024-09-27,1468194.2,212.0,464.0,4,39,9,2024,0,0,0
2024-09-28,916572.6,132.0,295.0,5,39,9,2024,1,0,0
2024-09-29,453842.88,59.0,146.0,6,39,9,2024,1,0,0
2024-09-30,2466213.5,310.0,723.0,0,40,9,2024,0,0,0
2024-10-01,2874337.0,283.0,802.0,1,40,10,2024,0,0,0
2024-10-02,368634.4,36.0,87.0,2,40,10,2024,0,0,0
2024-10-03,170711.23,25.0,53.0,3,40,10,2024,0,0,0
2024-10-04,263236.34,51.0,82.0,4,40,10,2024,0,0,0
2024-10-05,613065.4,84.0,184.0,5,40,10,2024,1,0,0
2024-10-06,1022950.75,105.0,322.0,6,40,10,2024,1,0,0
2024-10-28,1384348.4,165.0,430.0,0,44,10,2024,0,0,0
2024-10-29,794831.3,100.0,263.0,1,44,10,2024,0,0,0
2024-10-30,2229624.2,281.0,676.0,2,44,10,2024,0,0,0
2024-10-31,2448927.0,206.0,736.0,3,44,10,2024,0,0,0
2024-11-01,2264065.0,206.0,669.0,4,44,11,2024,0,0,0
2024-11-02,2032465.8,211.0,603.0,5,44,11,2024,1,0,0
2024-11-03,1961894.6,179.0,599.0,6,44,11,2024,1,0,0
2024-11-04,1887522.0,174.0,586.0,0,45,11,2024,0,0,0
2024-11-05,1810693.4,188.0,562.0,1,45,11,2024,0,0,0
2024-11-06,1635656.9,190.0,499.0,2,45,11,2024,0,0,0
2024-11-07,755547.06,113.0,238.0,3,45,11,2024,0,0,0
2024-11-08,1124115.2,101.0,351.0,4,45,11,2024,0,0,0
2024-11-09,2655437.0,304.0,804.0,5,45,11,2024,1,0,0
2024-11-10,2256404.5,221.0,636.0,6,45,11,2024,1,0,0
2024-11-11,1429455.2,156.0,415.0,0,46,11,2024,0,0,0
2024-11-12,456178.6,58.0,136.0,1,46,11,2024,0,0,0
2024-11-13,484677.8,47.0,148.0,2,46,11,2024,0,0,0
2024-11-14,776130.06,73.0,239.0,3,46,11,2024,0,0,0
2024-11-15,1032599.94,118.0,339.0,4,46,11,2024,0,0,0
2024-11-16,1279025.0,152.0,448.0,5,46,11,2024,1,0,0
2024-11-17,1384132.0,173.0,495.0,6,46,11,2024,1,0,0
2024-11-18,1299519.0,186.0,451.0,0,47,11,2024,0,0,0
2024-11-19,769588.1,97.0,270.0,1,47,11,2024,0,0,0
2024-11-20,389489.38,40.0,135.0,2,47,11,2024,0,0,0
2025-09-30,1341362.8,160.0,417.0,1,40,9,2025,0,0,0
2025-10-01,1531115.4,173.0,481.0,2,40,10,2025,0,0,0
2025-10-02,1813649.0,210.0,579.0,3,40,10,2025,0,0,0
2025-10-03,1015865.2,139.0,324.0,4,40,10,2025,0,0,0
2025-10-04,563639.06,72.0,183.0,5,40,10,2025,1,0,0
2025-10-05,633568.4,56.0,193.0,6,40,10,2025,1,0,0
2025-10-06,731317.6,104.0,222.0,0,41,10,2025,0,0,0
2025-10-07,952469.4,110.0,298.0,1,41,10,2025,0,0,0
2025-10-08,1142658.9,130.0,373.0,2,41,10,2025,0,0,0
2025-10-09,1247892.4,161.0,414.0,3,41,10,2025,0,0,0
2025-10-10,1318678.6,192.0,436.0,4,41,10,2025,0,0,0
2025-10-11,1390850.2,204.0,456.0,5,41,10,2025,1,0,0
2025-10-12,1367234.2,201.0,439.0,6,41,10,2025,1,0,0
2025-10-13,1118672.2,150.0,348.0,0,42,10,2025,0,0,0
2025-10-14,588046.5,88.0,188.0,1,42,10,2025,0,0,0
2025-10-15,1539192.9,149.0,466.0,2,42,10,2025,0,0,0
2025-10-16,2640592.8,274.0,815.0,3,42,10,2025,0,0,0
2025-10-17,1592345.4,111.0,511.0,4,42,10,2025,0,0,0
2025-10-18,1929367.5,312.0,639.0,5,42,10,2025,1,0,0
2025-10-19,2255584.5,210.0,739.0,6,42,10,2025,1,0,0
2025-10-20,2133032.5,255.0,690.0,0,43,10,2025,0,0,0
2025-10-21,2195930.8,214.0,680.0,1,43,10,2025,0,0,0
2025-10-22,2153588.2,186.0,683.0,2,43,10,2025,0,0,0
2025-10-23,2068739.4,189.0,671.0,3,43,10,2025,0,0,0
2024-11-26,1377998.9,164.0,428.0,1,48,11,2024,0,0,0
2024-11-27,1711742.6,196.0,543.0,2,48,11,2024,0,0,0
2024-11-28,1493026.2,189.0,461.0,3,48,11,2024,0,0,0
2024-11-29,719198.25,109.0,237.0,4,48,11,2024,0,0,0
2024-11-30,435667.03,40.0,144.0,5,48,11,2024,1,0,0
2024-12-01,443680.1,46.0,144.0,6,48,12,2024,1,0,0
2024-12-02,617922.8,77.0,194.0,0,49,12,2024,0,0,0
2024-12-03,904078.25,94.0,287.0,1,49,12,2024,0,0,0
2024-12-04,1135215.9,134.0,377.0,2,49,12,2024,0,0,0
2024-12-05,1304661.5,157.0,446.0,3,49,12,2024,0,0,0
2024-12-06,1391159.1,200.0,476.0,4,49,12,2024,0,0,0
2024-12-07,1456813.5,216.0,492.0,5,49,12,2024,1,0,0
2024-12-08,1422628.9,209.0,469.0,6,49,12,2024,1,0,0
2024-12-09,1070194.0,142.0,348.0,0,50,12,2024,0,0,0
2024-12-10,608216.6,89.0,195.0,1,50,12,2024,0,0,0
2024-12-11,470647.34,51.0,139.0,2,50,12,2024,0,0,0
2024-12-12,2471254.0,354.0,661.0,3,50,12,2024,0,0,0
2024-12-13,2786104.5,308.0,763.0,4,50,12,2024,0,0,0
2024-12-14,180664.38,23.0,37.0,5,50,12,2024,1,0,0
2024-12-15,717862.56,77.0,217.0,6,50,12,2024,1,0,0
2024-12-16,814475.06,105.0,221.0,0,51,12,2024,0,0,0
2024-12-17,914718.44,153.0,261.0,1,51,12,2024,0,0,0
2024-12-18,1137875.1,145.0,352.0,2,51,12,2024,0,0,0
2024-12-19,1168894.8,149.0,367.0,3,51,12,2024,0,0,0
2025-12-11,1364395.9,163.0,424.0,3,50,12,2025,0,0,0
2025-12-12,1663645.4,189.0,526.0,4,50,12,2025,0,0,0
2025-12-13,1782854.5,214.0,562.0,5,50,12,2025,1,0,0
2025-12-14,918423.3,126.0,291.0,6,50,12,2025,1,0,0
2025-12-15,466556.8,58.0,154.0,0,51,12,2025,0,0,0
2025-12-16,601841.94,47.0,188.0,1,51,12,2025,0,0,0
2025-12-17,721800.3,103.0,223.0,2,51,12,2025,0,0,0
2025-12-18,1000871.06,108.0,322.0,3,51,12,2025,0,0,0
2025-12-19,1183092.1,133.0,398.0,4,51,12,2025,0,0,0
2025-12-20,1223553.0,161.0,415.0,5,51,12,2025,1,0,0
2025-12-21,1104625.6,153.0,357.0,6,51,12,2025,1,0,0
2025-12-22,575775.9,72.0,189.0,0,52,12,2025,0,0,0
2025-12-23,480988.2,50.0,158.0,1,52,12,2025,0,0,0
2025-12-24,2465737.2,336.0,685.0,2,52,12,2025,0,0,0
2025-12-25,2713399.0,284.0,703.0,3,52,12,2025,0,0,0
2025-12-26,763431.4,62.0,163.0,4,52,12,2025,0,0,0
2025-12-27,144624.78,17.0,43.0,5,52,12,2025,1,0,0
2025-12-28,242831.52,43.0,75.0,6,52,12,2025,1,0,0
2025-12-29,543163.75,78.0,164.0,0,1,12,2025,0,0,0
2025-12-30,1009129.25,98.0,319.0,1,1,12,2025,0,0,0
2025-12-31,1290907.4,148.0,440.0,2,1,12,2025,0,0,0
2026-01-01,1396600.8,181.0,494.0,3,1,1,2026,0,1,0
2026-01-02,1379600.0,207.0,480.0,4,1,1,2026,0,1,0
2026-01-03,1042729.25,135.0,358.0,5,1,1,2026,1,1,0
2026-02-12,1460030.8,173.0,453.0,3,7,2,2026,0,0,0
2026-02-13,1798075.6,209.0,570.0,4,7,2,2026,0,0,0
2026-02-14,704131.56,100.0,211.0,5,7,2,2026,1,0,0
2026-02-15,2120936.0,252.0,692.0,6,7,2,2026,1,0,0
2026-02-16,2109588.5,239.0,690.0,0,8,2,2026,0,0,0
2026-02-17,1999389.8,263.0,637.0,1,8,2,2026,0,0,0
2026-02-18,2085775.1,215.0,632.0,2,8,2,2026,0,0,0
2026-02-19,2126606.2,193.0,646.0,3,8,2,2026,0,0,0
2026-02-20,2096598.6,196.0,653.0,4,8,2,2026,0,0,0
2026-02-21,2013902.6,213.0,640.0,5,8,2,2026,1,0,0
2026-02-22,1977091.1,219.0,631.0,6,8,2,2026,1,0,0
2026-02-23,1912981.1,219.0,603.0,0,9,2,2026,0,0,0
2026-02-24,1645068.4,194.0,501.0,1,9,2,2026,0,0,0
2026-02-25,874475.0,172.0,247.0,2,9,2,2026,0,0,0
2026-02-26,652131.2,87.0,174.0,3,9,2,2026,0,0,0
2026-02-27,2212526.2,314.0,650.0,4,9,2,2026,0,0,0
2026-02-28,2748276.0,261.0,816.0,5,9,2,2026,1,0,0
2026-03-01,1187665.8,115.0,369.0,6,9,3,2026,1,0,1
2026-03-02,2141898.8,248.0,707.0,0,10,3,2026,0,0,1
2026-03-03,2384587.5,215.0,748.0,1,10,3,2026,0,0,1
2026-03-04,2171191.8,275.0,683.0,2,10,3,2026,0,0,1
2026-03-05,2233297.0,208.0,693.0,3,10,3,2026,0,0,1
2026-03-06,2210575.5,173.0,699.0,4,10,3,2026,0,0,1
2026-03-07,2090760.1,180.0,684.0,5,10,3,2026,1,0,1
2024-11-11,1678698.0,199.0,519.0,0,46,11,2024,0,0,0
2024-11-12,1963794.2,234.0,619.0,1,46,11,2024,0,0,0
2024-11-13,1164491.6,156.0,367.0,2,46,11,2024,0,0,0
2024-11-14,2098915.5,273.0,700.0,3,46,11,2024,0,0,0
2024-11-15,2169583.5,240.0,703.0,4,46,11,2024,0,0,0
2024-11-16,2085304.1,244.0,664.0,5,46,11,2024,1,0,0
2024-11-17,2080501.8,209.0,631.0,6,46,11,2024,1,0,0
2024-11-18,2066270.4,184.0,629.0,0,47,11,2024,0,0,0
2024-11-19,1999267.9,190.0,616.0,1,47,11,2024,0,0,0
2024-11-20,1916342.8,210.0,586.0,2,47,11,2024,0,0,0
2024-11-21,1803056.9,213.0,537.0,3,47,11,2024,0,0,0
2024-11-22,1233231.4,173.0,361.0,4,47,11,2024,0,0,0
2024-11-23,548445.2,94.0,156.0,5,47,11,2024,1,0,0
2024-11-24,2158460.2,313.0,675.0,6,47,11,2024,1,0,0
2024-11-25,2798023.5,267.0,849.0,0,48,11,2024,0,0,0
2024-11-26,973601.75,102.0,331.0,1,48,11,2024,0,0,0
2024-11-27,2083405.4,211.0,723.0,2,48,11,2024,0,0,0
2024-11-28,2301223.2,194.0,727.0,3,48,11,2024,0,0,0
2024-11-29,2054346.4,246.0,651.0,4,48,11,2024,0,0,0
2024-11-30,2073984.1,171.0,646.0,5,48,11,2024,1,0,0
2024-12-01,1841932.6,138.0,588.0,6,48,12,2024,1,0,0
2024-12-02,1179332.6,121.0,388.0,0,49,12,2024,0,0,0
2024-12-03,708287.06,71.0,227.0,1,49,12,2024,0,0,0
2024-12-04,2414756.8,321.0,727.0,2,49,12,2024,0,0,0
2025-03-11,1506650.1,178.0,467.0,1,11,3,2025,0,0,1
2025-03-12,1837217.8,215.0,582.0,2,11,3,2025,0,0,1
2025-03-13,846800.75,119.0,259.0,3,11,3,2025,0,0,1
2025-03-14,2281612.8,292.0,729.0,4,11,3,2025,0,0,1
2025-03-15,2388180.5,230.0,764.0,5,11,3,2025,1,0,1
2025-03-16,2174474.8,290.0,688.0,6,11,3,2025,1,0,1
2025-03-17,2274700.5,217.0,715.0,0,12,3,2025,0,0,1
2025-03-18,2286390.8,193.0,716.0,1,12,3,2025,0,0,1
2025-03-19,2181713.8,195.0,708.0,2,12,3,2025,0,0,1
2025-03-20,2091619.6,213.0,690.0,3,12,3,2025,0,0,1
2025-03-21,2063875.9,216.0,682.0,4,12,3,2025,0,0,1
2025-03-22,2031060.8,215.0,666.0,5,12,3,2025,1,0,1
2025-03-23,1976981.4,220.0,635.0,6,12,3,2025,1,0,1
2025-03-24,1858699.0,221.0,576.0,0,13,3,2025,0,0,1
2025-03-25,1463952.8,198.0,424.0,1,13,3,2025,0,0,1
2025-03-26,923099.56,173.0,229.0,2,13,3,2025,0,0,1
2025-03-27,669526.8,108.0,166.0,3,13,3,2025,0,0,1
2025-03-28,2245047.0,337.0,630.0,4,13,3,2025,0,0,1
2025-03-29,2837000.0,253.0,807.0,5,13,3,2025,1,0,1
2025-03-30,1020371.75,109.0,300.0,6,13,3,2025,1,0,1
2025-03-31,2168573.8,247.0,698.0,0,14,3,2025,0,0,1
2025-04-01,2396326.0,214.0,744.0,1,14,4,2025,0,0,0
2025-04-02,2150232.2,275.0,681.0,2,14,4,2025,0,0,0
2025-04-03,2213014.5,216.0,684.0,3,14,4,2025,0,0,0
2025-11-28,1354996.1,162.0,421.0,4,48,11,2025,0,0,0
2025-11-29,396041.62,51.0,133.0,5,48,11,2025,1,0,0
2025-11-30,2328062.0,273.0,663.0,6,48,11,2025,1,0,0
2025-12-01,2676688.0,309.0,735.0,0,49,12,2025,0,0,0
2025-12-02,2619369.8,301.0,682.0,1,49,12,2025,0,0,0
2025-12-03,2449097.5,284.0,638.0,2,49,12,2025,0,0,0
2025-12-04,2385747.8,233.0,642.0,3,49,12,2025,0,0,0
2025-12-05,2088413.9,218.0,589.0,4,49,12,2025,0,0,0
2025-12-06,1522465.1,196.0,428.0,5,49,12,2025,1,0,0
2025-12-07,792745.1,136.0,216.0,6,49,12,2025,1,0,0
2025-12-08,847623.1,85.0,229.0,0,50,12,2025,0,0,0
2025-12-09,2584770.5,320.0,758.0,1,50,12,2025,0,0,0
2025-12-10,2318134.2,185.0,615.0,2,50,12,2025,0,0,0
2025-12-11,1653606.1,201.0,452.0,3,50,12,2025,0,0,0
2025-12-12,894607.06,127.0,236.0,4,50,12,2025,0,0,0
2025-12-13,842359.2,100.0,237.0,5,50,12,2025,1,0,0
2025-12-14,1217367.6,101.0,334.0,6,50,12,2025,1,0,0
2025-12-15,1318570.5,204.0,382.0,0,51,12,2025,0,0,0
2025-12-16,1551093.1,188.0,486.0,1,51,12,2025,0,0,0
2025-12-17,1649930.1,168.0,537.0,2,51,12,2025,0,0,0
2025-12-18,1314909.0,164.0,430.0,3,51,12,2025,0,0,0
2025-12-19,612004.75,75.0,212.0,4,51,12,2025,0,0,0
2025-12-20,604417.4,45.0,207.0,5,51,12,2025,1,0,0
2025-12-21,2584390.8,318.0,742.0,6,51,12,2025,1,0,0
2025-12-11,1352077.9,162.0,420.0,3,50,12,2025,0,0,0
2025-12-12,747339.6,92.0,248.0,4,50,12,2025,0,0,0
2025-12-13,2306954.0,290.0,686.0,5,50,12,2025,1,0,0
2025-12-14,2579870.8,209.0,764.0,6,50,12,2025,1,0,0
2025-12-15,2350773.0,237.0,678.0,0,51,12,2025,0,0,0
2025-12-16,2186382.0,213.0,649.0,1,51,12,2025,0,0,0
2025-12-17,2064533.0,189.0,630.0,2,51,12,2025,0,0,0
2025-12-18,1940962.0,187.0,606.0,3,51,12,2025,0,0,0
2025-12-19,1807924.5,203.0,561.0,4,51,12,2025,0,0,0
2025-12-20,1624426.4,202.0,485.0,5,51,12,2025,1,0,0
2025-12-21,839019.0,137.0,254.0,6,51,12,2025,1,0,0
2025-12-22,517045.4,66.0,153.0,0,52,12,2025,0,0,0
2025-12-23,2328197.5,301.0,707.0,1,52,12,2025,0,0,0
2025-12-24,2780512.0,286.0,821.0,2,52,12,2025,0,0,0
2025-12-25,383513.0,39.0,104.0,3,52,12,2025,0,0,0
2025-12-26,1985889.8,210.0,609.0,4,52,12,2025,0,0,0
2025-12-27,2082610.4,297.0,592.0,5,52,12,2025,1,0,0
2025-12-28,2250479.5,258.0,598.0,6,52,12,2025,1,0,0
2025-12-29,2128480.5,254.0,575.0,0,1,12,2025,0,0,0
2025-12-30,2132636.8,238.0,583.0,1,1,12,2025,0,0,0
2025-12-31,2092943.8,239.0,592.0,2,1,12,2025,0,0,0
2026-01-01,2052897.8,246.0,598.0,3,1,1,2026,0,1,0
2026-01-02,2039242.6,248.0,606.0,4,1,1,2026,0,1,0
2026-01-03,2031031.0,246.0,612.0,5,1,1,2026,1,1,0
2025-12-19,1429353.1,170.0,444.0,4,51,12,2025,0,0,0
2025-12-20,1819975.9,213.0,579.0,5,51,12,2025,1,0,0
2025-12-21,992293.9,139.0,312.0,6,51,12,2025,1,0,0
2025-12-22,1637139.6,184.0,540.0,0,52,12,2025,0,0,0
2025-12-23,1603831.2,185.0,497.0,1,52,12,2025,0,0,0
2025-12-24,1307657.8,220.0,409.0,2,52,12,2025,0,0,0
2025-12-25,1538296.2,160.0,483.0,3,52,12,2025,0,0,0
2025-12-26,1630605.9,181.0,518.0,4,52,12,2025,0,0,0
2025-12-27,1670037.9,221.0,537.0,5,52,12,2025,1,0,0
2025-12-28,1792357.9,205.0,574.0,6,52,12,2025,1,0,0
2025-12-29,1760278.1,230.0,558.0,0,1,12,2025,0,0,0
2025-12-30,1718800.5,224.0,534.0,1,1,12,2025,0,0,0
2025-12-31,1270488.9,159.0,399.0,2,1,12,2025,0,0,0
2026-01-01,608031.3,90.0,194.0,3,1,1,2026,0,1,0
2026-01-02,791387.5,59.0,242.0,4,1,1,2026,0,1,0
2026-01-03,2674075.5,303.0,769.0,5,1,1,2026,1,1,0
2026-01-04,2701344.5,242.0,724.0,6,1,1,2026,1,1,0
2026-01-05,747843.25,49.0,186.0,0,2,1,2026,0,1,0
2026-01-06,131014.67,18.0,39.0,1,2,1,2026,0,1,0
2026-01-07,207400.5,39.0,63.0,2,2,1,2026,0,1,0
2026-01-08,452578.56,74.0,135.0,3,2,1,2026,0,1,0
2026-01-09,842614.94,90.0,255.0,4,2,1,2026,0,1,0
2026-01-10,1097574.6,131.0,353.0,5,2,1,2026,1,1,0
2026-01-11,1095284.5,133.0,355.0,6,2,1,2026,1,1,0
2025-06-11,1410962.2,168.0,438.0,2,24,6,2025,0,0,0
2025-06-12,1442693.4,168.0,448.0,3,24,6,2025,0,0,0
2025-06-13,1847254.5,214.0,592.0,4,24,6,2025,0,0,0
2025-06-14,1144537.4,162.0,363.0,5,24,6,2025,1,0,0
2025-06-15,720556.94,98.0,224.0,6,24,6,2025,1,0,0
2025-06-16,711705.9,83.0,208.0,0,25,6,2025,0,0,0
2025-06-17,786235.94,104.0,228.0,1,25,6,2025,0,0,0
2025-06-18,904358.7,127.0,270.0,2,25,6,2025,0,0,0
2025-06-19,1074911.4,124.0,334.0,3,25,6,2025,0,0,0
2025-06-20,1091019.5,140.0,341.0,4,25,6,2025,0,0,0
2025-06-21,690770.25,83.0,212.0,5,25,6,2025,1,0,0
2025-06-22,323794.66,44.0,102.0,6,25,6,2025,1,0,0
2025-06-23,2335983.2,340.0,641.0,0,26,6,2025,0,0,0
2025-06-24,2546378.2,267.0,619.0,1,26,6,2025,0,0,0
2025-06-25,797019.0,55.0,160.0,2,26,6,2025,0,0,0
2025-06-26,133290.84,15.0,39.0,3,26,6,2025,0,0,0
2025-06-27,217619.33,39.0,67.0,4,26,6,2025,0,0,0
2025-06-28,468422.62,74.0,140.0,5,26,6,2025,1,0,0
2025-06-29,933820.5,92.0,289.0,6,26,6,2025,1,0,0
2025-06-30,1267050.0,146.0,426.0,0,27,6,2025,0,0,0
2025-07-01,1438409.0,179.0,508.0,1,27,7,2025,0,1,0
2025-07-02,1436734.2,214.0,503.0,2,27,7,2025,0,1,0
2025-07-03,1383874.9,204.0,468.0,3,27,7,2025,0,1,0
2025-07-04,793751.56,110.0,274.0,4,27,7,2025,0,1,0
2025-09-19,1419473.1,169.0,441.0,4,38,9,2025,0,0,0
2025-09-20,1202561.0,151.0,368.0,5,38,9,2025,1,0,0
2025-09-21,1884958.1,226.0,592.0,6,38,9,2025,1,0,0
2025-09-22,1434758.4,199.0,445.0,0,39,9,2025,0,0,0
2025-09-23,1026993.44,167.0,311.0,1,39,9,2025,0,0,0
2025-09-24,1001472.56,139.0,297.0,2,39,9,2025,0,0,0
2025-09-25,1136102.9,126.0,326.0,3,39,9,2025,0,0,0
2025-09-26,1170613.4,185.0,334.0,4,39,9,2025,0,0,0
2025-09-27,1319091.6,181.0,389.0,5,39,9,2025,1,0,0
2025-09-28,1467886.8,169.0,444.0,6,39,9,2025,1,0,0
2025-09-29,1454534.8,198.0,448.0,0,40,9,2025,0,0,0
2025-09-30,1449726.8,196.0,451.0,1,40,9,2025,0,0,0
2025-10-01,1319906.4,174.0,402.0,2,40,10,2025,0,0,0
2025-10-02,657454.06,91.0,204.0,3,40,10,2025,0,0,0
2025-10-03,468962.47,50.0,150.0,4,40,10,2025,0,0,0
2025-10-04,2525897.8,330.0,705.0,5,40,10,2025,1,0,0
2025-10-05,2100898.0,158.0,491.0,6,40,10,2025,1,0,0
2025-10-06,2138328.0,271.0,536.0,0,41,10,2025,0,0,0
2025-10-07,2201591.8,257.0,519.0,1,41,10,2025,0,0,0
2025-10-08,2220654.2,191.0,529.0,2,41,10,2025,0,0,0
2025-10-09,1978569.4,231.0,485.0,3,41,10,2025,0,0,0
2025-10-10,1972921.1,210.0,512.0,4,41,10,2025,0,0,0
2025-10-11,1918875.8,227.0,511.0,5,41,10,2025,1,0,0
2025-10-12,1866279.5,228.0,497.0,6,41,10,2025,1,0,0
2024-10-10,1437543.5,171.0,446.0,3,41,10,2024,0,0,0
2024-10-11,1821225.9,213.0,579.0,4,41,10,2024,0,0,0
2024-10-12,1007547.0,141.0,318.0,5,41,10,2024,1,0,0
2024-10-13,2226120.0,275.0,718.0,6,41,10,2024,1,0,0
2024-10-14,2262635.2,237.0,723.0,0,42,10,2024,0,0,0
2024-10-15,2138645.2,254.0,673.0,1,42,10,2024,0,0,0
2024-10-16,2153857.5,210.0,659.0,2,42,10,2024,0,0,0
2024-10-17,2147837.8,188.0,662.0,3,42,10,2024,0,0,0
2024-10-18,2079106.5,192.0,658.0,4,42,10,2024,0,0,0
2024-10-19,1988050.8,212.0,634.0,5,42,10,2024,1,0,0
2024-10-20,1893924.9,214.0,598.0,6,42,10,2024,1,0,0
2024-10-21,1478031.2,185.0,449.0,0,43,10,2024,0,0,0
2024-10-22,743890.7,144.0,207.0,1,43,10,2024,0,0,0
2024-10-23,650733.7,76.0,177.0,2,43,10,2024,0,0,0
2024-10-24,2418583.5,305.0,717.0,3,43,10,2024,0,0,0
2024-10-25,2841821.8,258.0,830.0,4,43,10,2024,0,0,0
2024-10-26,186374.2,18.0,47.0,5,43,10,2024,1,0,0
2024-10-27,1070379.4,155.0,364.0,6,43,10,2024,1,0,0
2024-10-28,1276407.1,161.0,379.0,0,44,10,2024,0,0,0
2024-10-29,1296720.6,224.0,415.0,1,44,10,2024,0,0,0
2024-10-30,1401400.6,215.0,462.0,2,44,10,2024,0,0,0
2024-10-31,1423831.0,216.0,470.0,3,44,10,2024,0,0,0
2024-11-01,1355202.8,222.0,437.0,4,44,11,2024,0,0,0
2024-11-02,952357.25,139.0,306.0,5,44,11,2024,1,0,0
2024-10-20,1353561.4,162.0,421.0,6,42,10,2024,1,0,0
2024-10-21,1060318.5,137.0,325.0,0,43,10,2024,0,0,0
2024-10-22,2095584.2,252.0,633.0,1,43,10,2024,0,0,0
2024-10-23,1928777.0,232.0,578.0,2,43,10,2024,0,0,0
2024-10-24,1764034.1,166.0,516.0,3,43,10,2024,0,0,0
2024-10-25,1493185.5,185.0,439.0,4,43,10,2024,0,0,0
2024-10-26,1508187.1,157.0,457.0,5,43,10,2024,1,0,0
2024-10-27,1545574.5,173.0,468.0,6,43,10,2024,1,0,0
2024-10-28,1516837.2,215.0,464.0,0,44,10,2024,0,0,0
2024-10-29,1600503.2,199.0,495.0,1,44,10,2024,0,0,0
2024-10-30,1579862.4,204.0,489.0,2,44,10,2024,0,0,0
2024-10-31,1408849.8,194.0,429.0,3,44,10,2024,0,0,0
2024-11-01,664390.75,90.0,208.0,4,44,11,2024,0,0,0
2024-11-02,445254.9,43.0,146.0,5,44,11,2024,1,0,0
2024-11-03,2472623.2,323.0,706.0,6,44,11,2024,1,0,0
2024-11-04,2683552.2,262.0,672.0,0,45,11,2024,0,0,0
2024-11-05,548874.4,34.0,118.0,1,45,11,2024,0,0,0
2024-11-06,137406.16,17.0,42.0,2,45,11,2024,0,0,0
2024-11-07,208701.75,39.0,64.0,3,45,11,2024,0,0,0
2024-11-08,447200.62,73.0,134.0,4,45,11,2024,0,0,0
2024-11-09,911045.5,92.0,280.0,5,45,11,2024,1,0,0
2024-11-10,1201496.0,140.0,397.0,6,45,11,2024,1,0,0
2024-11-11,1294344.2,161.0,446.0,0,46,11,2024,0,0,0
2024-11-12,1136185.6,153.0,379.0,1,46,11,2024,0,0,0
2024-09-11,1633714.9,194.0,506.0,2,37,9,2024,0,0,0
2024-09-12,1911740.9,226.0,603.0,3,37,9,2024,0,0,0
2024-09-13,758224.3,102.0,224.0,4,37,9,2024,0,0,0
2024-09-14,2216735.5,286.0,716.0,5,37,9,2024,1,0,0
2024-09-15,2315351.5,240.0,757.0,6,37,9,2024,1,0,0
2024-09-16,2121177.2,301.0,683.0,0,38,9,2024,0,0,0
2024-09-17,2236945.2,223.0,708.0,1,38,9,2024,0,0,0
2024-09-18,2276186.0,196.0,713.0,2,38,9,2024,0,0,0
2024-09-19,2185299.2,196.0,707.0,3,38,9,2024,0,0,0
2024-09-20,2087383.6,212.0,688.0,4,38,9,2024,0,0,0
2024-09-21,2035686.6,215.0,670.0,5,38,9,2024,1,0,0
2024-09-22,1911843.8,205.0,616.0,6,38,9,2024,1,0,0
2024-09-23,1364513.8,193.0,410.0,0,39,9,2024,0,0,0
2024-09-24,766779.25,137.0,203.0,1,39,9,2024,0,0,0
2024-09-25,1264826.4,151.0,341.0,2,39,9,2024,0,0,0
2024-09-26,2665795.0,276.0,779.0,3,39,9,2024,0,0,0
2024-09-27,1547752.9,88.0,420.0,4,39,9,2024,0,0,0
2024-09-28,2046093.9,292.0,652.0,5,39,9,2024,1,0,0
2024-09-29,2226702.0,225.0,736.0,6,39,9,2024,1,0,0
2024-09-30,2146498.0,263.0,701.0,0,40,9,2024,0,0,0
2024-10-01,2243800.8,211.0,704.0,1,40,10,2024,0,0,0
2024-10-02,2215041.8,180.0,709.0,2,40,10,2024,0,0,0
2024-10-03,2094702.0,188.0,686.0,3,40,10,2024,0,0,0
2024-10-04,1992592.5,210.0,658.0,4,40,10,2024,0,0,0
2025-08-28,1590948.1,188.0,493.0,3,35,8,2025,0,0,0
2025-08-29,1892581.1,224.0,598.0,4,35,8,2025,0,0,0
2025-08-30,1149285.2,159.0,365.0,5,35,8,2025,1,0,0
2025-08-31,2114573.8,254.0,696.0,6,35,8,2025,1,0,0
2025-09-01,2091860.0,249.0,668.0,0,36,9,2025,0,0,0
2025-09-02,2040231.8,217.0,636.0,1,36,9,2025,0,0,0
2025-09-03,1935794.8,215.0,567.0,2,36,9,2025,0,0,0
2025-09-04,1965639.2,183.0,581.0,3,36,9,2025,0,0,0
2025-09-05,1957023.6,188.0,583.0,4,36,9,2025,0,0,0
2025-09-06,1914197.5,204.0,568.0,5,36,9,2025,1,0,0
2025-09-07,1874496.4,211.0,551.0,6,36,9,2025,1,0,0
2025-09-08,1788696.8,215.0,514.0,0,37,9,2025,0,0,0
2025-09-09,1489389.2,181.0,420.0,1,37,9,2025,0,0,0
2025-09-10,650896.7,117.0,190.0,2,37,9,2025,0,0,0
2025-09-11,989380.6,79.0,283.0,3,37,9,2025,0,0,0
2025-09-12,2642147.5,302.0,790.0,4,37,9,2025,0,0,0
2025-09-13,2045320.5,121.0,551.0,5,37,9,2025,1,0,0
2025-09-14,2137968.2,308.0,620.0,6,37,9,2025,1,0,0
2025-09-15,2406528.8,260.0,691.0,0,38,9,2025,0,0,0
2025-09-16,2379103.5,235.0,696.0,1,38,9,2025,0,0,0
2025-09-17,2309264.8,221.0,663.0,2,38,9,2025,0,0,0
2025-09-18,2150260.0,209.0,647.0,3,38,9,2025,0,0,0
2025-09-19,2034665.9,208.0,626.0,4,38,9,2025,0,0,0
2025-09-20,1913453.5,216.0,586.0,5,38,9,2025,1,0,0
2025-10-10,1421462.1,169.0,442.0,4,41,10,2025,0,0,0
2025-10-11,1802277.4,210.0,573.0,5,41,10,2025,1,0,0
2025-10-12,952471.25,134.0,299.0,6,41,10,2025,1,0,0
2025-10-13,1866044.6,198.0,620.0,0,42,10,2025,0,0,0
2025-10-14,1793574.6,233.0,575.0,1,42,10,2025,0,0,0
2025-10-15,1695698.0,213.0,525.0,2,42,10,2025,0,0,0
2025-10-16,1757560.6,201.0,525.0,3,42,10,2025,0,0,0
2025-10-17,1857726.2,181.0,565.0,4,42,10,2025,0,0,0
2025-10-18,1896995.9,192.0,583.0,5,42,10,2025,1,0,0
2025-10-19,1909328.5,213.0,589.0,6,42,10,2025,1,0,0
2025-10-20,1907533.5,224.0,584.0,0,43,10,2025,0,0,0
2025-10-21,1878861.5,228.0,565.0,1,43,10,2025,0,0,0
2025-10-22,1762247.2,211.0,515.0,2,43,10,2025,0,0,0
2025-10-23,1269651.2,179.0,363.0,3,43,10,2025,0,0,0
2025-10-24,696743.25,118.0,190.0,4,43,10,2025,0,0,0
2025-10-25,681865.56,80.0,180.0,5,43,10,2025,1,0,0
2025-10-26,2637890.2,335.0,725.0,6,43,10,2025,1,0,0
2025-10-27,2797251.8,241.0,753.0,0,44,10,2025,0,0,0
2025-10-28,747672.44,60.0,183.0,1,44,10,2025,0,0,0
2025-10-29,133729.75,18.0,40.0,2,44,10,2025,0,0,0
2025-10-30,233578.34,44.0,71.0,3,44,10,2025,0,0,0
2025-10-31,525070.5,82.0,156.0,4,44,10,2025,0,0,0
2025-11-01,980141.94,98.0,305.0,5,44,11,2025,1,0,0
2025-11-02,1282881.6,147.0,432.0,6,44,11,2025,1,0,0
2026-02-18,1366314.4,163.0,425.0,2,8,2,2026,0,0,0
2026-02-19,1234297.8,151.0,379.0,3,8,2,2026,0,0,0
2026-02-20,1816289.2,216.0,576.0,4,8,2,2026,0,0,0
2026-02-21,1280499.1,182.0,398.0,5,8,2,2026,1,0,0
2026-02-22,877570.94,135.0,266.0,6,8,2,2026,1,0,0
2026-02-23,850686.44,120.0,248.0,0,9,2,2026,0,0,0
2026-02-24,1001676.94,115.0,283.0,1,9,2,2026,0,0,0
2026-02-25,1069774.2,173.0,304.0,2,9,2,2026,0,0,0
2026-02-26,1259005.0,162.0,376.0,3,9,2,2026,0,0,0
2026-02-27,1394826.4,157.0,432.0,4,9,2,2026,0,0,0
2026-02-28,1388401.4,190.0,439.0,5,9,2,2026,1,0,0
2026-03-01,1396114.1,191.0,445.0,6,9,3,2026,1,0,1
2026-03-02,1047876.7,128.0,332.0,0,10,3,2026,0,0,1
2026-03-03,388173.3,50.0,127.0,1,10,3,2026,0,0,1
2026-03-04,2467408.5,289.0,715.0,2,10,3,2026,0,0,1
2026-03-05,2938155.0,309.0,840.0,3,10,3,2026,0,0,1
2026-03-06,489933.12,54.0,129.0,4,10,3,2026,0,0,1
2026-03-07,1822834.5,199.0,581.0,5,10,3,2026,1,0,1
2026-03-08,2015501.2,226.0,598.0,6,10,3,2026,1,0,1
2026-03-09,2041401.1,230.0,587.0,0,11,3,2026,0,0,1
2026-03-10,1984941.1,218.0,576.0,1,11,3,2026,0,0,1
2026-03-11,1937501.6,221.0,571.0,2,11,3,2026,0,0,1
2026-03-12,1913363.5,230.0,572.0,3,11,3,2026,0,0,1
2026-03-13,1870536.2,236.0,558.0,4,11,3,2026,0,0,1
2025-02-25,1487799.5,176.0,462.0,1,9,2,2025,0,0,0
2025-02-26,1840817.8,216.0,584.0,2,9,2,2025,0,0,0
2025-02-27,809974.3,113.0,245.0,3,9,2,2025,0,0,0
2025-02-28,1948931.4,232.0,658.0,4,9,2,2025,0,0,0
2025-03-01,1897412.2,246.0,628.0,5,9,3,2025,1,0,1
2025-03-02,1863918.4,236.0,593.0,6,9,3,2025,1,0,1
2025-03-03,1939744.5,202.0,574.0,0,10,3,2025,0,0,1
2025-03-04,1990394.5,180.0,595.0,1,10,3,2025,0,0,1
2025-03-05,1967243.0,188.0,596.0,2,10,3,2025,0,0,1
2025-03-06,1851934.8,204.0,560.0,3,10,3,2025,0,0,1
2025-03-07,1481099.9,172.0,450.0,4,10,3,2025,0,0,1
2025-03-08,696407.9,120.0,210.0,5,10,3,2025,1,0,1
2025-03-09,1093185.6,95.0,324.0,6,10,3,2025,1,0,1
2025-03-10,2650429.0,292.0,797.0,0,11,3,2025,0,0,1
2025-03-11,1876172.4,108.0,508.0,1,11,3,2025,0,0,1
2025-03-12,2088528.1,301.0,637.0,2,11,3,2025,0,0,1
2025-03-13,2359649.8,232.0,728.0,3,11,3,2025,0,0,1
2025-03-14,2262359.0,251.0,700.0,4,11,3,2025,0,0,1
2025-03-15,2284611.0,217.0,687.0,5,11,3,2025,1,0,1
2025-03-16,2183609.0,194.0,680.0,6,11,3,2025,1,0,1
2025-03-17,2062883.4,197.0,656.0,0,12,3,2025,0,0,1
2025-03-18,1959937.9,215.0,625.0,1,12,3,2025,0,0,1
2025-03-19,1850288.6,218.0,577.0,2,12,3,2025,0,0,1
2025-03-20,1417058.9,186.0,423.0,3,12,3,2025,0,0,1
2026-05-04,1351342.9,161.0,420.0,0,19,5,2026,0,0,0
2026-05-05,1593031.0,180.0,502.0,1,19,5,2026,0,0,0
2026-05-06,1572187.1,199.0,493.0,2,19,5,2026,0,0,0
2026-05-07,811805.6,101.0,267.0,3,19,5,2026,0,0,0
2026-05-08,401985.53,44.0,136.0,4,19,5,2026,0,0,0
2026-05-09,427739.75,42.0,141.0,5,19,5,2026,1,0,0
2026-05-10,539026.2,71.0,170.0,6,19,5,2026,1,0,0
2026-05-11,804619.8,86.0,251.0,0,20,5,2026,0,0,0
2026-05-12,1026647.06,119.0,331.0,1,20,5,2026,0,0,0
2026-05-13,1179611.6,140.0,392.0,2,20,5,2026,0,0,0
2026-05-14,1247470.2,172.0,415.0,3,20,5,2026,0,0,0
2026-05-15,1270952.0,188.0,417.0,4,20,5,2026,0,0,0
2026-05-16,1010897.7,129.0,321.0,5,20,5,2026,1,0,0
2026-05-17,396514.38,50.0,131.0,6,20,5,2026,1,0,0
2026-05-18,2567505.2,295.0,735.0,0,21,5,2026,0,0,0
2026-05-19,3013413.0,287.0,813.0,1,21,5,2026,0,0,0
2026-05-20,218604.45,21.0,49.0,2,21,5,2026,0,0,0
2026-05-21,324326.75,44.0,107.0,3,21,5,2026,0,0,0
2026-05-22,358977.28,61.0,110.0,4,21,5,2026,0,0,0
2026-05-23,735837.75,86.0,221.0,5,21,5,2026,1,0,0
2026-05-24,1052311.0,116.0,335.0,6,21,5,2026,1,0,0
2026-05-25,1272313.9,146.0,431.0,0,22,5,2026,0,0,0
2026-05-26,1379031.1,190.0,476.0,1,22,5,2026,0,0,0
2026-05-27,1409426.0,211.0,481.0,2,22,5,2026,0,0,0
2024-12-02,1382221.9,165.0,430.0,0,49,12,2024,0,0,0
2024-12-03,996573.2,129.0,312.0,1,49,12,2024,0,0,0
2024-12-04,2044199.8,244.0,627.0,2,49,12,2024,0,0,0
2024-12-05,1931459.0,216.0,579.0,3,49,12,2024,0,0,0
2024-12-06,1685780.4,164.0,502.0,4,49,12,2024,0,0,0
2024-12-07,1413335.6,180.0,424.0,5,49,12,2024,1,0,0
2024-12-08,1430689.1,150.0,440.0,6,49,12,2024,1,0,0
2024-12-09,1460865.0,166.0,446.0,0,50,12,2024,0,0,0
2024-12-10,1445459.4,208.0,447.0,1,50,12,2024,0,0,0
2024-12-11,1551633.8,194.0,485.0,2,50,12,2024,0,0,0
2024-12-12,1563687.8,202.0,490.0,3,50,12,2024,0,0,0
2024-12-13,1484621.9,208.0,464.0,4,50,12,2024,0,0,0
2024-12-14,1204600.6,145.0,370.0,5,50,12,2024,1,0,0
2024-12-15,484534.8,61.0,156.0,6,50,12,2024,1,0,0
2024-12-16,1187190.8,88.0,371.0,0,51,12,2024,0,0,0
2024-12-17,2821071.5,263.0,827.0,1,51,12,2024,0,0,0
2024-12-18,2338124.2,224.0,679.0,2,51,12,2024,0,0,0
2024-12-19,1366013.0,167.0,422.0,3,51,12,2024,0,0,0
2024-12-20,507622.03,55.0,162.0,4,51,12,2024,0,0,0
2024-12-21,507733.6,54.0,161.0,5,51,12,2024,1,0,0
2024-12-22,870777.6,74.0,279.0,6,51,12,2024,1,0,0
2024-12-23,1126655.6,134.0,386.0,0,52,12,2024,0,0,0
2024-12-24,1376399.4,162.0,496.0,1,52,12,2024,0,0,0
2024-12-25,1505413.4,195.0,548.0,2,52,12,2024,0,0,0
2025-09-18,1570363.8,186.0,487.0,3,38,9,2025,0,0,0
2025-09-19,1881933.6,222.0,595.0,4,38,9,2025,0,0,0
2025-09-20,1120379.6,156.0,355.0,5,38,9,2025,1,0,0
2025-09-21,1863295.9,205.0,612.0,6,38,9,2025,1,0,0
2025-09-22,1744262.1,231.0,547.0,0,39,9,2025,0,0,0
2025-09-23,1560614.5,209.0,463.0,1,39,9,2025,0,0,0
2025-09-24,1552829.1,198.0,453.0,2,39,9,2025,0,0,0
2025-09-25,1654897.5,177.0,490.0,3,39,9,2025,0,0,0
2025-09-26,1692959.9,187.0,509.0,4,39,9,2025,0,0,0
2025-09-27,1620418.0,200.0,492.0,5,39,9,2025,1,0,0
2025-09-28,1139061.4,136.0,356.0,6,39,9,2025,1,0,0
2025-09-29,469079.3,63.0,153.0,0,40,9,2025,0,0,0
2025-09-30,2376223.0,279.0,724.0,1,40,9,2025,0,0,0
2025-10-01,2860311.5,301.0,844.0,2,40,10,2025,0,0,0
2025-10-02,320293.12,34.0,87.0,3,40,10,2025,0,0,0
2025-10-03,1557153.0,200.0,506.0,4,40,10,2025,0,0,0
2025-10-04,1805189.8,218.0,535.0,5,40,10,2025,1,0,0
2025-10-05,1876142.2,238.0,541.0,6,40,10,2025,1,0,0
2025-10-06,1830321.4,237.0,538.0,0,41,10,2025,0,0,0
2025-10-07,1771948.8,243.0,530.0,1,41,10,2025,0,0,0
2025-10-08,1673853.0,247.0,500.0,2,41,10,2025,0,0,0
2025-10-09,1276131.4,184.0,381.0,3,41,10,2025,0,0,0
2025-10-10,579677.7,96.0,183.0,4,41,10,2025,0,0,0
2025-10-11,2248154.8,307.0,719.0,5,41,10,2025,1,0,0
2024-10-31,1426652.2,169.0,443.0,3,44,10,2024,0,0,0
2024-11-01,1804529.6,210.0,574.0,4,44,11,2024,0,0,0
2024-11-02,1099028.0,154.0,351.0,5,44,11,2024,1,0,0
2024-11-03,861552.25,104.0,271.0,6,44,11,2024,1,0,0
2024-11-04,721709.9,90.0,215.0,0,45,11,2024,0,0,0
2024-11-05,784002.4,105.0,227.0,1,45,11,2024,0,0,0
2024-11-06,1012432.0,138.0,304.0,2,45,11,2024,0,0,0
2024-11-07,1296279.2,150.0,413.0,3,45,11,2024,0,0,0
2024-11-08,1459755.0,184.0,486.0,4,45,11,2024,0,0,0
2024-11-09,1551118.5,211.0,523.0,5,45,11,2024,1,0,0
2024-11-10,1608536.0,221.0,539.0,6,45,11,2024,1,0,0
2024-11-11,1577655.1,224.0,519.0,0,46,11,2024,0,0,0
2024-11-12,1323845.2,171.0,425.0,1,46,11,2024,0,0,0
2024-11-13,603518.1,87.0,204.0,2,46,11,2024,0,0,0
2024-11-14,1040262.4,78.0,340.0,3,46,11,2024,0,0,0
2024-11-15,2659462.0,285.0,811.0,4,46,11,2024,0,0,0
2024-11-16,2240428.5,180.0,639.0,5,46,11,2024,1,0,0
2024-11-17,1702992.8,245.0,506.0,6,46,11,2024,1,0,0
2024-11-18,1148930.0,156.0,311.0,0,47,11,2024,0,0,0
2024-11-19,995723.6,123.0,285.0,1,47,11,2024,0,0,0
2024-11-20,1242274.6,137.0,352.0,2,47,11,2024,0,0,0
2024-11-21,1432490.5,191.0,414.0,3,47,11,2024,0,0,0
2024-11-22,1578430.6,208.0,477.0,4,47,11,2024,0,0,0
2024-11-23,1656106.5,190.0,515.0,5,47,11,2024,1,0,0
2024-11-25,1495751.9,177.0,464.0,0,48,11,2024,0,0,0
2024-11-26,1867733.5,220.0,593.0,1,48,11,2024,0,0,0
2024-11-27,1091725.1,152.0,346.0,2,48,11,2024,0,0,0
2024-11-28,2146913.0,261.0,703.0,3,48,11,2024,0,0,0
2024-11-29,2140114.5,246.0,686.0,4,48,11,2024,0,0,0
2024-11-30,2076908.1,232.0,650.0,5,48,11,2024,1,0,0
2024-12-01,2034060.4,212.0,604.0,6,48,12,2024,1,0,0
2024-12-02,2047510.6,186.0,613.0,0,49,12,2024,0,0,0
2024-12-03,2023287.9,193.0,614.0,1,49,12,2024,0,0,0
2024-12-04,1977229.4,212.0,600.0,2,49,12,2024,0,0,0
2024-12-05,1937846.4,220.0,584.0,3,49,12,2024,0,0,0
2024-12-06,1871461.9,220.0,553.0,4,49,12,2024,0,0,0
2024-12-07,1704724.6,209.0,482.0,5,49,12,2024,1,0,0
2024-12-08,1075604.0,177.0,294.0,6,49,12,2024,1,0,0
2024-12-09,583919.06,98.0,155.0,0,50,12,2024,0,0,0
2024-12-10,2153620.5,326.0,627.0,1,50,12,2024,0,0,0
2024-12-11,2807709.5,268.0,830.0,2,50,12,2024,0,0,0
2024-12-12,1380877.6,144.0,432.0,3,50,12,2024,0,0,0
2024-12-13,2202843.5,257.0,726.0,4,50,12,2024,0,0,0
2024-12-14,2510131.5,210.0,770.0,5,50,12,2024,1,0,0
2024-12-15,2239173.0,285.0,695.0,6,50,12,2024,1,0,0
2024-12-16,2307322.5,219.0,713.0,0,51,12,2024,0,0,0
2024-12-17,2281943.2,182.0,718.0,1,51,12,2024,0,0,0
2024-12-18,2151149.0,187.0,702.0,2,51,12,2024,0,0,0
2025-05-23,1433836.9,170.0,445.0,4,21,5,2025,0,0,0
2025-05-24,1817443.4,212.0,578.0,5,21,5,2025,1,0,0
2025-05-25,1062500.8,149.0,338.0,6,21,5,2025,1,0,0
2025-05-26,2193284.5,260.0,710.0,0,22,5,2025,0,0,0
2025-05-27,2190178.2,242.0,700.0,1,22,5,2025,0,0,0
2025-05-28,2110543.8,235.0,663.0,2,22,5,2025,0,0,0
2025-05-29,2078016.9,213.0,625.0,3,22,5,2025,0,0,0
2025-05-30,2089592.4,188.0,636.0,4,22,5,2025,0,0,0
2025-05-31,2052892.6,193.0,636.0,5,22,5,2025,1,0,0
2025-06-01,1997089.9,212.0,623.0,6,22,6,2025,1,0,0
2025-06-02,1967600.9,221.0,613.0,0,23,6,2025,0,0,0
2025-06-03,1933411.2,220.0,596.0,1,23,6,2025,0,0,0
2025-06-04,1843058.5,215.0,552.0,2,23,6,2025,0,0,0
2025-06-05,1454431.6,194.0,416.0,3,23,6,2025,0,0,0
2025-06-06,677172.7,138.0,185.0,4,23,6,2025,0,0,0
2025-06-07,766898.5,78.0,204.0,5,23,6,2025,1,0,0
2025-06-08,2552118.2,308.0,757.0,6,23,6,2025,1,0,0
2025-06-09,2856687.2,228.0,817.0,0,24,6,2025,0,0,0
2025-06-10,586691.94,46.0,163.0,1,24,6,2025,0,0,0
2025-06-11,148781.86,22.0,46.0,2,24,6,2025,0,0,0
2025-06-12,246595.33,47.0,76.0,3,24,6,2025,0,0,0
2025-06-13,577895.5,84.0,173.0,4,24,6,2025,0,0,0
2025-06-14,997274.75,101.0,312.0,5,24,6,2025,1,0,0
2025-06-15,1276377.5,148.0,432.0,6,24,6,2025,1,0,0
2026-05-04,1355976.8,162.0,422.0,0,19,5,2026,0,0,0
2026-05-05,1137226.8,144.0,348.0,1,19,5,2026,0,0,0
2026-05-06,1993417.1,239.0,612.0,2,19,5,2026,0,0,0
2026-05-07,1658601.9,221.0,507.0,3,19,5,2026,0,0,0
2026-05-08,1317831.4,182.0,395.0,4,19,5,2026,0,0,0
2026-05-09,1239325.5,159.0,370.0,5,19,5,2026,1,0,0
2026-05-10,1308139.2,145.0,389.0,6,19,5,2026,1,0,0
2026-05-11,1348400.9,184.0,400.0,0,20,5,2026,0,0,0
2026-05-12,1434665.0,203.0,434.0,1,20,5,2026,0,0,0
2026-05-13,1559125.8,193.0,478.0,2,20,5,2026,0,0,0
2026-05-14,1582838.0,210.0,489.0,3,20,5,2026,0,0,0
2026-05-15,1587411.8,215.0,491.0,4,20,5,2026,0,0,0
2026-05-16,1550861.8,208.0,477.0,5,20,5,2026,1,0,0
2026-05-17,1304330.5,170.0,390.0,6,20,5,2026,1,0,0
2026-05-18,567849.8,81.0,179.0,0,21,5,2026,0,0,0
2026-05-19,1272262.6,109.0,395.0,1,21,5,2026,0,0,0
2026-05-20,2777122.2,270.0,832.0,2,21,5,2026,0,0,0
2026-05-21,1702048.2,89.0,488.0,3,21,5,2026,0,0,0
2026-05-22,2018039.9,287.0,643.0,4,21,5,2026,0,0,0
2026-05-23,2294833.2,221.0,739.0,5,21,5,2026,1,0,0
2026-05-24,2154272.2,264.0,683.0,6,21,5,2026,1,0,0
2026-05-25,2225412.8,205.0,681.0,0,22,5,2026,0,0,0
2026-05-26,2108640.8,180.0,661.0,1,22,5,2026,0,0,0
2026-05-27,1982704.5,191.0,630.0,2,22,5,2026,0,0,0
2024-10-09,1393662.4,166.0,433.0,2,41,10,2024,0,0,0
2024-10-10,1786884.9,208.0,568.0,3,41,10,2024,0,0,0
2024-10-11,1285863.9,174.0,410.0,4,41,10,2024,0,0,0
2024-10-12,656292.94,95.0,212.0,5,41,10,2024,1,0,0
2024-10-13,532872.7,53.0,167.0,6,41,10,2024,1,0,0
2024-10-14,630267.9,70.0,192.0,0,42,10,2024,0,0,0
2024-10-15,868628.0,111.0,271.0,1,42,10,2024,0,0,0
2024-10-16,1171415.2,142.0,387.0,2,42,10,2024,0,0,0
2024-10-17,1372161.4,161.0,471.0,3,42,10,2024,0,0,0
2024-10-18,1395147.0,203.0,481.0,4,42,10,2024,0,0,0
2024-10-19,1371854.6,201.0,463.0,5,42,10,2024,1,0,0
2024-10-20,797139.9,103.0,273.0,6,42,10,2024,1,0,0
2024-10-21,1041371.9,120.0,348.0,0,43,10,2024,0,0,0
2024-10-22,2612018.8,312.0,797.0,1,43,10,2024,0,0,0
2024-10-23,1656784.6,101.0,455.0,2,43,10,2024,0,0,0
2024-10-24,2097878.0,283.0,674.0,3,43,10,2024,0,0,0
2024-10-25,2343413.5,219.0,753.0,4,43,10,2024,0,0,0
2024-10-26,2183701.0,272.0,696.0,5,43,10,2024,1,0,0
2024-10-27,2285356.8,214.0,708.0,6,43,10,2024,1,0,0
2024-10-28,2229139.8,184.0,707.0,0,44,10,2024,0,0,0
2024-10-29,2105139.0,194.0,683.0,1,44,10,2024,0,0,0
2024-10-30,2010876.1,213.0,661.0,2,44,10,2024,0,0,0
2024-10-31,1960946.4,216.0,642.0,3,44,10,2024,0,0,0
2024-11-01,1895682.8,214.0,606.0,4,44,11,2024,0,0,0
2025-04-11,1348102.5,161.0,419.0,4,15,4,2025,0,0,0
2025-04-12,294831.12,39.0,97.0,5,15,4,2025,1,0,0
2025-04-13,2290580.5,277.0,652.0,6,15,4,2025,1,0,0
2025-04-14,2641071.0,321.0,719.0,0,16,4,2025,0,0,0
2025-04-15,2645160.8,300.0,678.0,1,16,4,2025,0,0,0
2025-04-16,2433056.8,300.0,618.0,2,16,4,2025,0,0,0
2025-04-17,2428680.0,244.0,639.0,3,16,4,2025,0,0,0
2025-04-18,2242943.5,243.0,621.0,4,16,4,2025,0,0,0
2025-04-19,2064766.1,246.0,594.0,5,16,4,2025,1,0,0
2025-04-20,1937365.4,249.0,561.0,6,16,4,2025,1,0,0
2025-04-21,1759565.0,233.0,500.0,0,17,4,2025,0,0,0
2025-04-22,1327119.0,212.0,352.0,1,17,4,2025,0,0,0
2025-04-23,875792.9,164.0,213.0,2,17,4,2025,0,0,0
2025-04-24,647832.44,108.0,160.0,3,17,4,2025,0,0,0
2025-04-25,2026646.4,312.0,550.0,4,17,4,2025,0,0,0
2025-04-26,2642367.2,282.0,778.0,5,17,4,2025,1,0,0
2025-04-27,1288001.6,129.0,396.0,6,17,4,2025,1,0,0
2025-04-28,2082448.5,286.0,676.0,0,18,4,2025,0,0,0
2025-04-29,2464600.8,211.0,769.0,1,18,4,2025,0,0,0
2025-04-30,2232707.2,270.0,713.0,2,18,4,2025,0,0,0
2025-05-01,2256991.5,231.0,698.0,3,18,5,2025,0,0,0
2025-05-02,2259315.5,180.0,720.0,4,18,5,2025,0,0,0
2025-05-03,2162461.5,182.0,708.0,5,18,5,2025,1,0,0
2025-05-04,2040709.2,204.0,683.0,6,18,5,2025,1,0,0
2024-10-30,1340599.0,160.0,417.0,2,44,10,2024,0,0,0
2024-10-31,592010.3,73.0,200.0,3,44,10,2024,0,0,0
2024-11-01,2371568.8,281.0,685.0,4,44,11,2024,0,0,0
2024-11-02,2665742.2,255.0,765.0,5,44,11,2024,1,0,0
2024-11-03,2513646.0,281.0,689.0,6,44,11,2024,1,0,0
2024-11-04,2369698.2,260.0,665.0,0,45,11,2024,0,0,0
2024-11-05,2293136.8,228.0,659.0,1,45,11,2024,0,0,0
2024-11-06,2128277.5,228.0,633.0,2,45,11,2024,0,0,0
2024-11-07,1954419.1,228.0,591.0,3,45,11,2024,0,0,0
2024-11-08,1669842.4,209.0,493.0,4,45,11,2024,0,0,0
2024-11-09,919965.1,175.0,259.0,5,45,11,2024,1,0,0
2024-11-10,610836.0,86.0,165.0,6,45,11,2024,1,0,0
2024-11-11,2241434.8,327.0,655.0,0,46,11,2024,0,0,0
2024-11-12,2793489.8,268.0,816.0,1,46,11,2024,0,0,0
2024-11-13,1015000.0,102.0,312.0,2,46,11,2024,0,0,0
2024-11-14,2067128.8,225.0,691.0,3,46,11,2024,0,0,0
2024-11-15,2261894.0,202.0,719.0,4,46,11,2024,0,0,0
2024-11-16,2068487.6,247.0,657.0,5,46,11,2024,1,0,0
2024-11-17,2088725.6,192.0,646.0,6,46,11,2024,1,0,0
2024-11-18,2016856.5,154.0,636.0,0,47,11,2024,0,0,0
2024-11-19,1708683.9,151.0,550.0,1,47,11,2024,0,0,0
2024-11-20,914133.5,121.0,297.0,2,47,11,2024,0,0,0
2024-11-21,1582587.9,182.0,520.0,3,47,11,2024,0,0,0
2024-11-22,2473588.2,230.0,810.0,4,47,11,2024,0,0,0
2026-05-06,1356821.6,162.0,422.0,2,19,5,2026,0,0,0
2026-05-07,942527.1,122.0,298.0,3,19,5,2026,0,0,0
2026-05-08,2151724.0,263.0,656.0,4,19,5,2026,0,0,0
2026-05-09,2203270.8,222.0,657.0,5,19,5,2026,1,0,0
2026-05-10,2107013.0,154.0,617.0,6,19,5,2026,1,0,0
2026-05-11,1685978.2,210.0,492.0,0,20,5,2026,0,0,0
2026-05-12,1683899.5,165.0,513.0,1,20,5,2026,0,0,0
2026-05-13,1683905.4,168.0,514.0,2,20,5,2026,0,0,0
2026-05-14,1633228.0,203.0,504.0,3,20,5,2026,0,0,0
2026-05-15,1674726.9,196.0,520.0,4,20,5,2026,0,0,0
2026-05-16,1565956.4,202.0,486.0,5,20,5,2026,1,0,0
2026-05-17,1147166.4,139.0,356.0,6,20,5,2026,1,0,0
2026-05-18,446025.66,53.0,145.0,0,21,5,2026,0,0,0
2026-05-19,2250401.0,266.0,676.0,1,21,5,2026,0,0,0
2026-05-20,2719708.8,312.0,825.0,2,21,5,2026,0,0,0
2026-05-21,1454981.6,153.0,425.0,3,21,5,2026,0,0,0
2026-05-22,2282622.8,257.0,721.0,4,21,5,2026,0,0,0
2026-05-23,2536914.5,221.0,758.0,5,21,5,2026,1,0,0
2026-05-24,2266184.2,285.0,685.0,6,21,5,2026,1,0,0
2026-05-25,2357911.5,206.0,722.0,0,22,5,2026,0,0,0
2026-05-26,2297675.0,182.0,720.0,1,22,5,2026,0,0,0
2026-05-27,2142983.5,190.0,701.0,2,22,5,2026,0,0,0
2026-05-28,2025914.0,211.0,675.0,3,22,5,2026,0,0,0
2026-05-29,1976118.0,215.0,657.0,4,22,5,2026,0,0,0
2025-05-15,1425484.5,169.0,443.0,3,20,5,2025,0,0,0
2025-05-16,1786726.1,208.0,567.0,4,20,5,2025,0,0,0
2025-05-17,1602426.5,204.0,491.0,5,20,5,2025,1,0,0
2025-05-18,675095.44,112.0,216.0,6,20,5,2025,1,0,0
2025-05-19,404409.9,39.0,132.0,0,21,5,2025,0,0,0
2025-05-20,464946.84,46.0,151.0,1,21,5,2025,0,0,0
2025-05-21,652924.7,81.0,207.0,2,21,5,2025,0,0,0
2025-05-22,898926.5,93.0,286.0,3,21,5,2025,0,0,0
2025-05-23,1097305.4,131.0,363.0,4,21,5,2025,0,0,0
2025-05-24,1152745.1,143.0,383.0,5,21,5,2025,1,0,0
2025-05-25,844482.3,101.0,274.0,6,21,5,2025,1,0,0
2025-05-26,347781.12,46.0,113.0,0,22,5,2025,0,0,0
2025-05-27,1805054.5,191.0,533.0,1,22,5,2025,0,0,0
2025-05-28,2381531.8,301.0,763.0,2,22,5,2025,0,0,0
2025-05-29,1357688.4,105.0,476.0,3,22,5,2025,0,0,0
2025-05-30,2140131.5,298.0,684.0,4,22,5,2025,0,0,0
2025-05-31,2359455.8,226.0,753.0,5,22,5,2025,1,0,0
2025-06-01,2147521.2,289.0,673.0,6,22,6,2025,1,0,0
2025-06-02,2285269.5,203.0,710.0,0,23,6,2025,0,0,0
2025-06-03,2235162.5,181.0,706.0,1,23,6,2025,0,0,0
2025-06-04,2106115.8,189.0,688.0,2,23,6,2025,0,0,0
2025-06-05,1997130.1,212.0,664.0,3,23,6,2025,0,0,0
2025-06-06,1962419.5,217.0,651.0,4,23,6,2025,0,0,0
2025-06-07,1888965.5,212.0,614.0,5,23,6,2025,1,0,0
2025-12-11,1375659.2,164.0,428.0,3,50,12,2025,0,0,0
2025-12-12,1166818.9,147.0,357.0,4,50,12,2025,0,0,0
2025-12-13,2116981.8,251.0,644.0,5,50,12,2025,1,0,0
2025-12-14,1879519.0,237.0,574.0,6,50,12,2025,1,0,0
2025-12-15,1699336.4,174.0,501.0,0,51,12,2025,0,0,0
2025-12-16,1451946.5,183.0,427.0,1,51,12,2025,0,0,0
2025-12-17,1449836.6,156.0,436.0,2,51,12,2025,0,0,0
2025-12-18,1471438.4,170.0,440.0,3,51,12,2025,0,0,0
2025-12-19,1394468.9,205.0,420.0,4,51,12,2025,0,0,0
2025-12-20,972831.94,107.0,294.0,5,51,12,2025,1,0,0
2025-12-21,504381.1,69.0,156.0,6,51,12,2025,1,0,0
2025-12-22,2541583.0,325.0,713.0,0,52,12,2025,0,0,0
2025-12-23,2315753.2,200.0,569.0,1,52,12,2025,0,0,0
2025-12-24,1421966.0,136.0,376.0,2,52,12,2025,0,0,0
2025-12-25,544466.25,60.0,154.0,3,52,12,2025,0,0,0
2025-12-26,564690.2,77.0,163.0,4,52,12,2025,0,0,0
2025-12-27,881301.9,92.0,264.0,5,52,12,2025,1,0,0
2025-12-28,1136839.8,134.0,367.0,6,52,12,2025,1,0,0
2025-12-29,1359644.4,158.0,467.0,0,1,12,2025,0,0,0
2025-12-30,1405225.1,194.0,488.0,1,1,12,2025,0,0,0
2025-12-31,1360598.4,199.0,464.0,2,1,12,2025,0,0,0
2026-01-01,1066282.2,135.0,358.0,3,1,1,2026,0,1,0
2026-01-02,443503.25,51.0,152.0,4,1,1,2026,0,1,0
2026-01-03,2405727.0,281.0,708.0,5,1,1,2026,1,1,0
2025-10-15,1599031.8,189.0,495.0,2,42,10,2025,0,0,0
2025-10-16,1914836.1,227.0,606.0,3,42,10,2025,0,0,0
2025-10-17,821602.06,110.0,246.0,4,42,10,2025,0,0,0
2025-10-18,2103972.8,276.0,697.0,5,42,10,2025,1,0,0
2025-10-19,2134801.2,246.0,704.0,6,42,10,2025,1,0,0
2025-10-20,2050909.2,273.0,656.0,0,43,10,2025,0,0,0
2025-10-21,2141044.2,214.0,658.0,1,43,10,2025,0,0,0
2025-10-22,2162389.8,187.0,665.0,2,43,10,2025,0,0,0
2025-10-23,2085795.6,192.0,658.0,3,43,10,2025,0,0,0
2025-10-24,1971448.6,212.0,627.0,4,43,10,2025,0,0,0
2025-10-25,1818371.0,206.0,568.0,5,43,10,2025,1,0,0
2025-10-26,1239019.9,187.0,364.0,6,43,10,2025,1,0,0
2025-10-27,704703.9,123.0,187.0,0,44,10,2025,0,0,0
2025-10-28,1523087.4,206.0,426.0,1,44,10,2025,0,0,0
2025-10-29,2542698.2,266.0,777.0,2,44,10,2025,0,0,0
2025-10-30,1351257.4,93.0,419.0,3,44,10,2025,0,0,0
2025-10-31,1937833.5,306.0,640.0,4,44,10,2025,0,0,0
2025-11-01,2202585.0,214.0,743.0,5,44,11,2025,1,0,0
2025-11-02,2100768.0,262.0,700.0,6,44,11,2025,1,0,0
2025-11-03,2197151.0,216.0,695.0,0,45,11,2025,0,0,0
2025-11-04,2193685.0,179.0,706.0,1,45,11,2025,0,0,0
2025-11-05,2093973.4,185.0,687.0,2,45,11,2025,0,0,0
2025-11-06,1984531.9,208.0,657.0,3,45,11,2025,0,0,0
2025-11-07,1920416.1,215.0,631.0,4,45,11,2025,0,0,0
2025-12-03,1340511.1,160.0,417.0,2,49,12,2025,0,0,0
2025-12-04,1208729.5,148.0,371.0,3,49,12,2025,0,0,0
2025-12-05,2079281.5,245.0,641.0,4,49,12,2025,0,0,0
2025-12-06,1769346.8,235.0,550.0,5,49,12,2025,1,0,0
2025-12-07,1540332.1,189.0,460.0,6,49,12,2025,1,0,0
2025-12-08,1417232.8,179.0,421.0,0,50,12,2025,0,0,0
2025-12-09,1454051.5,163.0,437.0,1,50,12,2025,0,0,0
2025-12-10,1500468.0,185.0,451.0,2,50,12,2025,0,0,0
2025-12-11,1532043.0,215.0,466.0,3,50,12,2025,0,0,0
2025-12-12,1576694.9,205.0,482.0,4,50,12,2025,0,0,0
2025-12-13,1480427.6,198.0,451.0,5,50,12,2025,1,0,0
2025-12-14,1101034.8,141.0,333.0,6,50,12,2025,1,0,0
2025-12-15,441889.34,56.0,140.0,0,51,12,2025,0,0,0
2025-12-16,2585456.0,290.0,750.0,1,51,12,2025,0,0,0
2025-12-17,3040093.5,297.0,858.0,2,51,12,2025,0,0,0
2025-12-18,189195.33,20.0,45.0,3,51,12,2025,0,0,0
2025-12-19,1029037.56,133.0,339.0,4,51,12,2025,0,0,0
2025-12-20,1185868.9,142.0,342.0,5,51,12,2025,1,0,0
2025-12-21,1203876.2,205.0,380.0,6,51,12,2025,1,0,0
2025-12-22,1352046.5,197.0,445.0,0,52,12,2025,0,0,0
2025-12-23,1409079.6,208.0,466.0,1,52,12,2025,0,0,0
2025-12-24,1388134.1,224.0,451.0,2,52,12,2025,0,0,0
2025-12-25,1154784.0,165.0,361.0,3,52,12,2025,0,0,0
2025-12-26,538092.5,74.0,180.0,4,52,12,2025,0,0,0
2026-04-30,1654455.9,196.0,512.0,3,18,4,2026,0,0,0
2026-05-01,1935682.8,230.0,610.0,4,18,5,2026,0,0,0
2026-05-02,808802.75,107.0,240.0,5,18,5,2026,1,0,0
2026-05-03,2177881.2,288.0,712.0,6,18,5,2026,1,0,0
2026-05-04,2278204.5,240.0,752.0,0,19,5,2026,0,0,0
2026-05-05,2104012.5,297.0,683.0,1,19,5,2026,0,0,0
2026-05-06,2223407.2,219.0,706.0,2,19,5,2026,0,0,0
2026-05-07,2248482.5,191.0,706.0,3,19,5,2026,0,0,0
2026-05-08,2134396.5,192.0,690.0,4,19,5,2026,0,0,0
2026-05-09,1909559.9,191.0,618.0,5,19,5,2026,1,0,0
2026-05-10,1029110.94,171.0,314.0,6,19,5,2026,1,0,0
2026-05-11,777197.5,95.0,216.0,0,20,5,2026,0,0,0
2026-05-12,2437305.2,348.0,716.0,1,20,5,2026,0,0,0
2026-05-13,2863980.8,226.0,813.0,2,20,5,2026,0,0,0
2026-05-14,199268.88,23.0,50.0,3,20,5,2026,0,0,0
2026-05-15,474859.22,62.0,163.0,4,20,5,2026,0,0,0
2026-05-16,535690.9,79.0,157.0,5,20,5,2026,1,0,0
2026-05-17,819071.75,104.0,240.0,6,20,5,2026,1,0,0
2026-05-18,1129488.5,138.0,363.0,0,21,5,2026,0,0,0
2026-05-19,1356576.5,156.0,456.0,1,21,5,2026,0,0,0
2026-05-20,1435478.6,212.0,488.0,2,21,5,2026,0,0,0
2026-05-21,1479026.0,219.0,496.0,3,21,5,2026,0,0,0
2026-05-22,1250429.2,159.0,409.0,4,21,5,2026,0,0,0
2026-05-23,567417.2,76.0,196.0,5,21,5,2026,1,0,0
2025-05-02,1482708.0,176.0,460.0,4,18,5,2025,0,0,0
2025-05-03,1825932.6,213.0,579.0,5,18,5,2025,1,0,0
2025-05-04,754138.0,106.0,227.0,6,18,5,2025,1,0,0
2025-05-05,2030457.5,245.0,676.0,0,19,5,2025,0,0,0
2025-05-06,1998315.8,243.0,662.0,1,19,5,2025,0,0,0
2025-05-07,1945907.5,254.0,623.0,2,19,5,2025,0,0,0
2025-05-08,2059609.6,208.0,621.0,3,19,5,2025,0,0,0
2025-05-09,2105432.8,187.0,640.0,4,19,5,2025,0,0,0
2025-05-10,2076936.9,196.0,647.0,5,19,5,2025,1,0,0
2025-05-11,2005891.6,213.0,637.0,6,19,5,2025,1,0,0
2025-05-12,1977071.4,216.0,631.0,0,20,5,2025,0,0,0
2025-05-13,1926364.4,217.0,610.0,1,20,5,2025,0,0,0
2025-05-14,1810035.6,215.0,552.0,2,20,5,2025,0,0,0
2025-05-15,1454544.5,203.0,413.0,3,20,5,2025,0,0,0
2025-05-16,704342.75,144.0,190.0,4,20,5,2025,0,0,0
2025-05-17,941793.6,95.0,246.0,5,20,5,2025,1,0,0
2025-05-18,2622816.8,323.0,767.0,6,20,5,2025,1,0,0
2025-05-19,2577326.5,222.0,717.0,0,21,5,2025,0,0,0
2025-05-20,916532.94,85.0,247.0,1,21,5,2025,0,0,0
2025-05-21,126514.85,22.0,35.0,2,21,5,2025,0,0,0
2025-05-22,254319.36,44.0,76.0,3,21,5,2025,0,0,0
2025-05-23,516640.7,83.0,152.0,4,21,5,2025,0,0,0
2025-05-24,965426.3,95.0,297.0,5,21,5,2025,1,0,0
2025-05-25,1252782.9,146.0,419.0,6,21,5,2025,1,0,0
2025-04-24,1375694.8,164.0,428.0,3,17,4,2025,0,0,0
2025-04-25,1464546.4,168.0,457.0,4,17,4,2025,0,0,0
2025-04-26,1714230.2,202.0,546.0,5,17,4,2025,1,0,0
2025-04-27,960429.4,130.0,309.0,6,17,4,2025,1,0,0
2025-04-28,522058.16,67.0,171.0,0,18,4,2025,0,0,0
2025-04-29,569035.94,52.0,175.0,1,18,4,2025,0,0,0
2025-04-30,651763.6,94.0,196.0,2,18,4,2025,0,0,0
2025-05-01,877304.06,97.0,268.0,3,18,5,2025,0,0,0
2025-05-02,1055414.9,125.0,335.0,4,18,5,2025,0,0,0
2025-05-03,1204894.2,148.0,392.0,5,18,5,2025,1,0,0
2025-05-04,1291752.0,187.0,420.0,6,18,5,2025,1,0,0
2025-05-05,1376559.4,204.0,446.0,0,19,5,2025,0,0,0
2025-05-06,1434013.6,206.0,461.0,1,19,5,2025,0,0,0
2025-05-07,1336203.0,195.0,418.0,2,19,5,2025,0,0,0
2025-05-08,703709.6,99.0,225.0,3,19,5,2025,0,0,0
2025-05-09,489302.28,52.0,159.0,4,19,5,2025,0,0,0
2025-05-10,2544884.5,327.0,719.0,5,19,5,2025,1,0,0
2025-05-11,2527767.0,237.0,618.0,6,19,5,2025,1,0,0
2025-05-12,1335838.2,92.0,320.0,0,20,5,2025,0,0,0
2025-05-13,234120.08,30.0,69.0,1,20,5,2025,0,0,0
2025-05-14,359521.78,55.0,104.0,2,20,5,2025,0,0,0
2025-05-15,647124.44,92.0,190.0,3,20,5,2025,0,0,0
2025-05-16,1067072.0,109.0,335.0,4,20,5,2025,0,0,0
2025-05-17,1343641.9,152.0,459.0,5,20,5,2025,1,0,0
2025-12-15,1343676.5,161.0,418.0,0,51,12,2025,0,0,0
2025-12-16,1258315.9,151.0,387.0,1,51,12,2025,0,0,0
2025-12-17,2005252.5,236.0,629.0,2,51,12,2025,0,0,0
2025-12-18,1584223.2,222.0,499.0,3,51,12,2025,0,0,0
2025-12-19,1233040.4,188.0,375.0,4,51,12,2025,0,0,0
2025-12-20,1203306.8,159.0,360.0,5,51,12,2025,1,0,0
2025-12-21,1299527.8,148.0,384.0,6,51,12,2025,1,0,0
2025-12-22,1350235.9,192.0,399.0,0,52,12,2025,0,0,0
2025-12-23,1417347.1,202.0,426.0,1,52,12,2025,0,0,0
2025-12-24,1447472.6,183.0,439.0,2,52,12,2025,0,0,0
2025-12-25,1239305.1,163.0,370.0,3,52,12,2025,0,0,0
2025-12-26,655018.25,88.0,203.0,4,52,12,2025,0,0,0
2025-12-27,702502.8,69.0,216.0,5,52,12,2025,1,0,0
2025-12-28,2668526.5,327.0,746.0,6,52,12,2025,1,0,0
2025-12-29,2192747.2,181.0,555.0,0,1,12,2025,0,0,0
2025-12-30,1978601.4,247.0,539.0,1,1,12,2025,0,0,0
2025-12-31,1728533.5,202.0,422.0,2,1,12,2025,0,0,0
2026-01-01,1483997.5,192.0,385.0,3,1,1,2026,0,1,0
2026-01-02,1562335.8,198.0,424.0,4,1,1,2026,0,1,0
2026-01-03,1723277.0,187.0,485.0,5,1,1,2026,1,1,0
2026-01-04,1784218.6,217.0,515.0,6,1,1,2026,1,1,0
2026-01-05,1818850.0,236.0,531.0,0,2,1,2026,0,1,0
2026-01-06,1848930.4,239.0,539.0,1,2,1,2026,0,1,0
2026-01-07,1797457.4,245.0,516.0,2,2,1,2026,0,1,0
2026-03-12,1672061.9,199.0,517.0,3,11,3,2026,0,0,1
2026-03-13,1986969.4,237.0,627.0,4,11,3,2026,0,0,1
2026-03-14,1266295.8,170.0,402.0,5,11,3,2026,1,0,1
2026-03-15,2176652.0,281.0,712.0,6,11,3,2026,1,0,1
2026-03-16,2229647.8,243.0,707.0,0,12,3,2026,0,0,1
2026-03-17,2094479.1,240.0,654.0,1,12,3,2026,0,0,1
2026-03-18,2014839.5,205.0,598.0,2,12,3,2026,0,0,1
2026-03-19,1882660.9,174.0,556.0,3,12,3,2026,0,0,1
2026-03-20,1459469.2,148.0,433.0,4,12,3,2026,0,0,1
2026-03-21,643920.44,87.0,198.0,5,12,3,2026,1,0,1
2026-03-22,2135969.0,294.0,694.0,6,12,3,2026,1,0,1
2026-03-23,2756240.2,214.0,865.0,0,13,3,2026,0,0,1
2026-03-24,857104.9,99.0,352.0,1,13,3,2026,0,0,1
2026-03-25,2090235.2,221.0,758.0,2,13,3,2026,0,0,1
2026-03-26,2475486.2,172.0,787.0,3,13,3,2026,0,0,1
2026-03-27,2075964.6,287.0,682.0,4,13,3,2026,0,0,1
2026-03-28,2216312.0,192.0,723.0,5,13,3,2026,1,0,1
2026-03-29,2238851.2,162.0,740.0,6,13,3,2026,1,0,1
2026-03-30,2146140.8,173.0,732.0,0,14,3,2026,0,0,1
2026-03-31,2029093.0,199.0,709.0,1,14,3,2026,0,0,1
2026-04-01,2000311.0,207.0,699.0,2,14,4,2026,0,0,0
2026-04-02,1970906.8,207.0,678.0,3,14,4,2026,0,0,0
2026-04-03,1820995.9,200.0,601.0,4,14,4,2026,0,0,0
2026-04-04,1090413.6,185.0,331.0,5,14,4,2026,1,0,0
2025-10-27,1471360.1,174.0,457.0,0,44,10,2025,0,0,0
2025-10-28,1810803.6,211.0,575.0,1,44,10,2025,0,0,0
2025-10-29,794819.44,113.0,242.0,2,44,10,2025,0,0,0
2025-10-30,1987863.2,233.0,665.0,3,44,10,2025,0,0,0
2025-10-31,1943279.9,242.0,642.0,4,44,10,2025,0,0,0
2025-11-01,1908270.2,238.0,610.0,5,44,11,2025,1,0,0
2025-11-02,2002759.4,204.0,600.0,6,44,11,2025,1,0,0
2025-11-03,2064259.0,183.0,626.0,0,45,11,2025,0,0,0
2025-11-04,2050270.4,194.0,634.0,1,45,11,2025,0,0,0
2025-11-05,2007652.6,215.0,631.0,2,45,11,2025,0,0,0
2025-11-06,1986226.0,219.0,629.0,3,45,11,2025,0,0,0
2025-11-07,1981916.0,216.0,628.0,4,45,11,2025,0,0,0
2025-11-08,1959548.1,219.0,616.0,5,45,11,2025,1,0,0
2025-11-09,1863320.9,218.0,571.0,6,45,11,2025,1,0,0
2025-11-10,1590596.0,204.0,460.0,0,46,11,2025,0,0,0
2025-11-11,1143749.2,207.0,281.0,1,46,11,2025,0,0,0
2025-11-12,704252.94,123.0,171.0,2,46,11,2025,0,0,0
2025-11-13,1035788.75,127.0,240.0,3,46,11,2025,0,0,0
2025-11-14,2660416.0,330.0,724.0,4,46,11,2025,0,0,0
2025-11-15,1917341.2,121.0,497.0,5,46,11,2025,1,0,0
2025-11-16,1997425.5,316.0,574.0,6,46,11,2025,1,0,0
2025-11-17,2257938.8,240.0,660.0,0,47,11,2025,0,0,0
2025-11-18,2287498.5,204.0,675.0,1,47,11,2025,0,0,0
2025-11-19,2133394.8,227.0,604.0,2,47,11,2025,0,0,0
2025-05-28,1353900.4,162.0,421.0,2,22,5,2025,0,0,0
2025-05-29,509635.53,64.0,172.0,3,22,5,2025,0,0,0
2025-05-30,2348842.8,273.0,674.0,4,22,5,2025,0,0,0
2025-05-31,2646078.8,285.0,744.0,5,22,5,2025,1,0,0
2025-06-01,2558440.8,287.0,682.0,6,22,6,2025,1,0,0
2025-06-02,2387916.5,269.0,646.0,0,23,6,2025,0,0,0
2025-06-03,2302155.2,229.0,639.0,1,23,6,2025,0,0,0
2025-06-04,2075732.1,228.0,596.0,2,23,6,2025,0,0,0
2025-06-05,1732766.1,205.0,503.0,3,23,6,2025,0,0,0
2025-06-06,760540.7,149.0,218.0,4,23,6,2025,0,0,0
2025-06-07,1034237.0,101.0,283.0,5,23,6,2025,1,0,0
2025-06-08,2635913.8,321.0,776.0,6,23,6,2025,1,0,0
2025-06-09,2067942.2,152.0,545.0,0,24,6,2025,0,0,0
2025-06-10,2116940.8,298.0,595.0,1,24,6,2025,0,0,0
2025-06-11,2200748.0,255.0,582.0,2,24,6,2025,0,0,0
2025-06-12,2252950.8,188.0,596.0,3,24,6,2025,0,0,0
2025-06-13,2008426.9,228.0,520.0,4,24,6,2025,0,0,0
2025-06-14,2002856.0,204.0,536.0,5,24,6,2025,1,0,0
2025-06-15,1978992.2,213.0,538.0,6,24,6,2025,1,0,0
2025-06-16,1954516.0,216.0,529.0,0,25,6,2025,0,0,0
2025-06-17,1844027.0,216.0,492.0,1,25,6,2025,0,0,0
2025-06-18,1417686.4,182.0,377.0,2,25,6,2025,0,0,0
2025-06-19,599518.25,112.0,165.0,3,25,6,2025,0,0,0
2025-06-20,1288276.8,136.0,383.0,4,25,6,2025,0,0,0
2025-09-11,1423090.0,169.0,442.0,3,37,9,2025,0,0,0
2025-09-12,1803540.0,210.0,573.0,4,37,9,2025,0,0,0
2025-09-13,961870.25,135.0,302.0,5,37,9,2025,1,0,0
2025-09-14,1938347.2,208.0,644.0,6,37,9,2025,1,0,0
2025-09-15,1856009.1,243.0,599.0,0,38,9,2025,0,0,0
2025-09-16,1806798.6,211.0,562.0,1,38,9,2025,0,0,0
2025-09-17,1815681.1,208.0,536.0,2,38,9,2025,0,0,0
2025-09-18,1910951.1,180.0,575.0,3,38,9,2025,0,0,0
2025-09-19,1940600.2,189.0,591.0,4,38,9,2025,0,0,0
2025-09-20,1929481.5,212.0,589.0,5,38,9,2025,1,0,0
2025-09-21,1932790.1,221.0,587.0,6,38,9,2025,1,0,0
2025-09-22,1924519.2,229.0,578.0,0,39,9,2025,0,0,0
2025-09-23,1907919.1,224.0,562.0,1,39,9,2025,0,0,0
2025-09-24,1797054.2,214.0,514.0,2,39,9,2025,0,0,0
2025-09-25,1358822.2,186.0,377.0,3,39,9,2025,0,0,0
2025-09-26,860159.9,148.0,218.0,4,39,9,2025,0,0,0
2025-09-27,555258.44,87.0,140.0,5,39,9,2025,1,0,0
2025-09-28,2441611.5,352.0,656.0,6,39,9,2025,1,0,0
2025-09-29,2849201.0,276.0,788.0,0,40,9,2025,0,0,0
2025-09-30,193631.89,24.0,45.0,1,40,9,2025,0,0,0
2025-10-01,1196979.0,154.0,393.0,2,40,10,2025,0,0,0
2025-10-02,1373836.5,170.0,415.0,3,40,10,2025,0,0,0
2025-10-03,1262822.5,207.0,393.0,4,40,10,2025,0,0,0
2025-10-04,871825.0,121.0,286.0,5,40,10,2025,1,0,0
2025-12-03,1445999.2,171.0,449.0,2,49,12,2025,0,0,0
2025-12-04,1806085.0,211.0,574.0,3,49,12,2025,0,0,0
2025-12-05,1132942.4,158.0,362.0,4,49,12,2025,0,0,0
2025-12-06,1739633.0,201.0,566.0,5,49,12,2025,1,0,0
2025-12-07,1629272.9,198.0,504.0,6,49,12,2025,1,0,0
2025-12-08,1314069.4,223.0,399.0,0,50,12,2025,0,0,0
2025-12-09,1491299.9,172.0,455.0,1,50,12,2025,0,0,0
2025-12-10,1586088.5,180.0,487.0,2,50,12,2025,0,0,0
2025-12-11,1642460.1,215.0,513.0,3,50,12,2025,0,0,0
2025-12-12,1774337.8,207.0,556.0,4,50,12,2025,0,0,0
2025-12-13,1781907.2,229.0,555.0,5,50,12,2025,1,0,0
2025-12-14,1789883.6,232.0,549.0,6,50,12,2025,1,0,0
2025-12-15,1794833.9,223.0,542.0,0,51,12,2025,0,0,0
2025-12-16,1734372.5,224.0,513.0,1,51,12,2025,0,0,0
2025-12-17,1548339.9,198.0,445.0,2,51,12,2025,0,0,0
2025-12-18,705358.06,121.0,212.0,3,51,12,2025,0,0,0
2025-12-19,565676.5,57.0,172.0,4,51,12,2025,0,0,0
2025-12-20,2481212.0,301.0,745.0,5,51,12,2025,1,0,0
2025-12-21,2783216.0,251.0,773.0,6,51,12,2025,1,0,0
2025-12-22,569705.5,38.0,143.0,0,52,12,2025,0,0,0
2025-12-23,133418.67,19.0,41.0,1,52,12,2025,0,0,0
2025-12-24,222245.34,44.0,68.0,2,52,12,2025,0,0,0
2025-12-25,488795.7,79.0,145.0,3,52,12,2025,0,0,0
2025-12-26,932565.75,95.0,286.0,4,52,12,2025,0,0,0
2025-12-16,1353282.0,162.0,421.0,1,51,12,2025,0,0,0
2025-12-17,1749312.4,202.0,556.0,2,51,12,2025,0,0,0
2025-12-18,1481582.1,187.0,461.0,3,51,12,2025,0,0,0
2025-12-19,655290.4,103.0,217.0,4,51,12,2025,0,0,0
2025-12-20,435675.28,39.0,144.0,5,51,12,2025,1,0,0
2025-12-21,490765.1,50.0,159.0,6,51,12,2025,1,0,0
2025-12-22,728819.25,85.0,233.0,0,52,12,2025,0,0,0
2025-12-23,1007726.7,109.0,331.0,1,52,12,2025,0,0,0
2025-12-24,1234892.9,142.0,425.0,2,52,12,2025,0,0,0
2025-12-25,1365983.6,177.0,478.0,3,52,12,2025,0,0,0
2025-12-26,1450147.5,212.0,503.0,4,52,12,2025,0,0,0
2025-12-27,1489290.8,221.0,506.0,5,52,12,2025,1,0,0
2025-12-28,1414040.9,208.0,465.0,6,52,12,2025,1,0,0
2025-12-29,1091206.2,150.0,352.0,0,1,12,2025,0,0,0
2025-12-30,482588.0,60.0,161.0,1,1,12,2025,0,0,0
2025-12-31,2446661.2,282.0,722.0,2,1,12,2025,0,0,0
2026-01-01,2893729.0,307.0,843.0,3,1,1,2026,0,1,0
2026-01-02,391090.6,44.0,109.0,4,1,1,2026,0,1,0
2026-01-03,1403896.5,179.0,485.0,5,1,1,2026,1,1,0
2026-01-04,1747558.5,167.0,549.0,6,1,1,2026,1,1,0
2026-01-05,1703070.4,193.0,543.0,0,2,1,2026,0,1,0
2026-01-06,1616733.4,195.0,529.0,1,2,1,2026,0,1,0
2026-01-07,1560892.1,211.0,521.0,2,2,1,2026,0,1,0
2026-01-08,1527662.0,217.0,507.0,3,2,1,2026,0,1,0
2025-09-22,1360813.2,162.0,423.0,0,39,9,2025,0,0,0
2025-09-23,1138808.6,144.0,348.0,1,39,9,2025,0,0,0
2025-09-24,2040795.0,244.0,623.0,2,39,9,2025,0,0,0
2025-09-25,1751782.2,228.0,535.0,3,39,9,2025,0,0,0
2025-09-26,1461616.6,179.0,436.0,4,39,9,2025,0,0,0
2025-09-27,1315741.0,166.0,391.0,5,39,9,2025,1,0,0
2025-09-28,1346244.6,149.0,403.0,6,39,9,2025,1,0,0
2025-09-29,1384633.4,175.0,413.0,0,40,9,2025,0,0,0
2025-09-30,1426338.0,206.0,432.0,1,40,9,2025,0,0,0
2025-10-01,1540977.2,195.0,473.0,2,40,10,2025,0,0,0
2025-10-02,1555631.2,204.0,480.0,3,40,10,2025,0,0,0
2025-10-03,1514098.5,210.0,467.0,4,40,10,2025,0,0,0
2025-10-04,1325293.6,168.0,398.0,5,40,10,2025,1,0,0
2025-10-05,489975.22,70.0,151.0,6,40,10,2025,1,0,0
2025-10-06,2544101.0,263.0,743.0,0,41,10,2025,0,0,0
2025-10-07,2955436.8,287.0,837.0,1,41,10,2025,0,0,0
2025-10-08,140991.2,16.0,36.0,2,41,10,2025,0,0,0
2025-10-09,960599.3,123.0,333.0,3,41,10,2025,0,0,0
2025-10-10,1253170.0,120.0,377.0,4,41,10,2025,0,0,0
2025-10-11,1159599.5,168.0,370.0,5,41,10,2025,1,0,0
2025-10-12,1102262.2,157.0,354.0,6,41,10,2025,1,0,0
2025-10-13,912143.25,127.0,282.0,0,42,10,2025,0,0,0
2025-10-14,342949.12,41.0,105.0,1,42,10,2025,0,0,0
2025-10-15,411820.6,51.0,133.0,2,42,10,2025,0,0,0
2025-08-18,1459138.8,173.0,453.0,0,34,8,2025,0,0,0
2025-08-19,1780892.8,206.0,564.0,1,34,8,2025,0,0,0
2025-08-20,813639.5,117.0,251.0,2,34,8,2025,0,0,0
2025-08-21,2332558.5,289.0,735.0,3,34,8,2025,0,0,0
2025-08-22,2446037.5,224.0,775.0,4,34,8,2025,0,0,0
2025-08-23,2190990.5,289.0,690.0,5,34,8,2025,1,0,0
2025-08-24,2278650.2,216.0,716.0,6,34,8,2025,1,0,0
2025-08-25,2277717.2,194.0,714.0,0,35,8,2025,0,0,0
2025-08-26,2174191.8,195.0,706.0,1,35,8,2025,0,0,0
2025-08-27,2068746.5,211.0,682.0,2,35,8,2025,0,0,0
2025-08-28,2026890.6,217.0,666.0,3,35,8,2025,0,0,0
2025-08-29,1989008.8,219.0,646.0,4,35,8,2025,0,0,0
2025-08-30,1913712.2,219.0,605.0,5,35,8,2025,1,0,0
2025-08-31,1720579.1,215.0,513.0,6,35,8,2025,1,0,0
2025-09-01,1278785.2,209.0,338.0,0,36,9,2025,0,0,0
2025-09-02,783573.5,142.0,192.0,1,36,9,2025,0,0,0
2025-09-03,790710.8,108.0,190.0,2,36,9,2025,0,0,0
2025-09-04,2581353.5,342.0,716.0,3,36,9,2025,0,0,0
2025-09-05,2402276.8,201.0,634.0,4,36,9,2025,0,0,0
2025-09-06,1209142.2,109.0,335.0,5,36,9,2025,1,0,0
2025-09-07,250181.69,41.0,72.0,6,36,9,2025,1,0,0
2025-09-08,416497.4,58.0,117.0,0,37,9,2025,0,0,0
2025-09-09,683557.06,101.0,198.0,1,37,9,2025,0,0,0
2025-09-10,1057610.2,113.0,328.0,2,37,9,2025,0,0,0
2025-08-28,1467210.6,174.0,456.0,3,35,8,2025,0,0,0
2025-08-29,1829624.9,214.0,581.0,4,35,8,2025,0,0,0
2025-08-30,926730.7,130.0,288.0,5,35,8,2025,1,0,0
2025-08-31,2053171.5,245.0,683.0,6,35,8,2025,1,0,0
2025-09-01,2019182.6,247.0,659.0,0,36,9,2025,0,0,0
2025-09-02,1992525.2,232.0,630.0,1,36,9,2025,0,0,0
2025-09-03,2016235.9,208.0,600.0,2,36,9,2025,0,0,0
2025-09-04,2064054.4,183.0,622.0,3,36,9,2025,0,0,0
2025-09-05,2033063.6,192.0,624.0,4,36,9,2025,0,0,0
2025-09-06,1953442.4,209.0,603.0,5,36,9,2025,1,0,0
2025-09-07,1796403.0,203.0,549.0,6,36,9,2025,1,0,0
2025-09-08,1002861.06,168.0,297.0,0,37,9,2025,0,0,0
2025-09-09,604765.0,90.0,167.0,1,37,9,2025,0,0,0
2025-09-10,2370366.2,337.0,703.0,2,37,9,2025,0,0,0
2025-09-11,2861405.8,249.0,823.0,3,37,9,2025,0,0,0
2025-09-12,162845.02,17.0,40.0,4,37,9,2025,0,0,0
2025-09-13,1149760.1,162.0,386.0,5,37,9,2025,1,0,0
2025-09-14,1305628.1,151.0,392.0,6,37,9,2025,1,0,0
2025-09-15,1232720.2,213.0,390.0,0,38,9,2025,0,0,0
2025-09-16,1133609.1,190.0,359.0,1,38,9,2025,0,0,0
2025-09-17,581155.1,67.0,198.0,2,38,9,2025,0,0,0
2025-09-18,538271.75,51.0,181.0,3,38,9,2025,0,0,0
2025-09-19,2289062.0,327.0,652.0,4,38,9,2025,0,0,0
2025-09-20,2248426.0,274.0,591.0,5,38,9,2025,1,0,0
2025-03-11,1350847.8,161.0,420.0,1,11,3,2025,0,0,1
2025-03-12,1491724.1,169.0,466.0,2,11,3,2025,0,0,1
2025-03-13,2013895.5,225.0,647.0,3,11,3,2025,0,0,1
2025-03-14,1397879.4,197.0,452.0,4,11,3,2025,0,0,1
2025-03-15,1025519.2,158.0,315.0,5,11,3,2025,1,0,1
2025-03-16,1032278.5,147.0,306.0,6,11,3,2025,1,0,1
2025-03-17,1208175.8,136.0,348.0,0,12,3,2025,0,0,1
2025-03-18,1236536.4,195.0,357.0,1,12,3,2025,0,0,1
2025-03-19,1234904.6,171.0,362.0,2,12,3,2025,0,0,1
2025-03-20,664585.8,70.0,207.0,3,12,3,2025,0,0,1
2025-03-21,318595.34,37.0,104.0,4,12,3,2025,0,0,1
2025-03-22,2235457.2,327.0,632.0,5,12,3,2025,1,0,1
2025-03-23,2591735.5,329.0,753.0,6,12,3,2025,1,0,1
2025-03-24,824408.94,74.0,214.0,0,13,3,2025,0,0,1
2025-03-25,2362921.0,219.0,698.0,1,13,3,2025,0,0,1
2025-03-26,2393228.2,267.0,700.0,2,13,3,2025,0,0,1
2025-03-27,2236978.0,278.0,638.0,3,13,3,2025,0,0,1
2025-03-28,2170605.5,245.0,620.0,4,13,3,2025,0,0,1
2025-03-29,2189198.5,212.0,627.0,5,13,3,2025,1,0,1
2025-03-30,2116173.0,204.0,626.0,6,13,3,2025,1,0,1
2025-03-31,1934413.2,211.0,583.0,0,14,3,2025,0,0,1
2025-04-01,1151826.2,178.0,339.0,1,14,4,2025,0,0,0
2025-04-02,659407.8,106.0,179.0,2,14,4,2025,0,0,0
2025-04-03,2321939.5,359.0,676.0,3,14,4,2025,0,0,0
2025-12-15,1372070.9,164.0,427.0,0,51,12,2025,0,0,0
2025-12-16,1132648.5,144.0,346.0,1,51,12,2025,0,0,0
2025-12-17,2162363.2,257.0,652.0,2,51,12,2025,0,0,0
2025-12-18,2016394.5,242.0,609.0,3,51,12,2025,0,0,0
2025-12-19,1966089.5,166.0,569.0,4,51,12,2025,0,0,0
2025-12-20,1603628.1,200.0,461.0,5,51,12,2025,1,0,0
2025-12-21,1578669.1,164.0,471.0,6,51,12,2025,1,0,0
2025-12-22,1444020.8,161.0,424.0,0,52,12,2025,0,0,0
2025-12-23,552589.25,70.0,162.0,1,52,12,2025,0,0,0
2025-12-24,2325072.2,271.0,664.0,2,52,12,2025,0,0,0
2025-12-25,2923749.2,258.0,849.0,3,52,12,2025,0,0,0
2025-12-26,1351972.8,138.0,433.0,4,52,12,2025,0,0,0
2025-12-27,2281314.8,208.0,779.0,5,52,12,2025,1,0,0
2025-12-28,2461316.8,211.0,762.0,6,52,12,2025,1,0,0
2025-12-29,2160284.8,289.0,680.0,0,1,12,2025,0,0,0
2025-12-30,2293775.2,191.0,726.0,1,1,12,2025,0,0,0
2025-12-31,2253893.2,173.0,721.0,2,1,12,2025,0,0,0
2026-01-01,2103854.8,182.0,702.0,3,1,1,2026,0,1,0
2026-01-02,1948369.2,201.0,658.0,4,1,1,2026,0,1,0
2026-01-03,1718372.9,189.0,561.0,5,1,1,2026,1,1,0
2026-01-04,864263.56,160.0,262.0,6,1,1,2026,1,1,0
2026-01-05,789789.06,86.0,220.0,0,2,1,2026,0,1,0
2026-01-06,2505446.0,331.0,744.0,1,2,1,2026,0,1,0
2026-01-07,2884456.8,230.0,830.0,2,2,1,2026,0,1,0
2025-10-01,1344572.4,161.0,418.0,2,40,10,2025,0,0,0
2025-10-02,630554.06,77.0,212.0,3,40,10,2025,0,0,0
2025-10-03,2315896.5,283.0,676.0,4,40,10,2025,0,0,0
2025-10-04,2604406.5,236.0,753.0,5,40,10,2025,1,0,0
2025-10-05,2448768.8,256.0,674.0,6,40,10,2025,1,0,0
2025-10-06,2257765.0,242.0,640.0,0,41,10,2025,0,0,0
2025-10-07,2160104.8,216.0,627.0,1,41,10,2025,0,0,0
2025-10-08,2025106.9,214.0,606.0,2,41,10,2025,0,0,0
2025-10-09,1895063.6,226.0,569.0,3,41,10,2025,0,0,0
2025-10-10,1757091.5,231.0,511.0,4,41,10,2025,0,0,0
2025-10-11,1192260.1,182.0,339.0,5,41,10,2025,1,0,0
2025-10-12,532232.06,95.0,149.0,6,41,10,2025,1,0,0
2025-10-13,1534449.8,214.0,481.0,0,42,10,2025,0,0,0
2025-10-14,2511875.2,254.0,806.0,1,42,10,2025,0,0,0
2025-10-15,1758348.2,173.0,568.0,2,42,10,2025,0,0,0
2025-10-16,1855656.9,288.0,588.0,3,42,10,2025,0,0,0
2025-10-17,1869241.5,190.0,525.0,4,42,10,2025,0,0,0
2025-10-18,1526743.2,204.0,420.0,5,42,10,2025,1,0,0
2025-10-19,1551957.8,168.0,443.0,6,42,10,2025,1,0,0
2025-10-20,1641483.4,163.0,478.0,0,43,10,2025,0,0,0
2025-10-21,1530360.8,201.0,452.0,1,43,10,2025,0,0,0
2025-10-22,1149364.1,123.0,348.0,2,43,10,2025,0,0,0
2025-10-23,419101.12,50.0,136.0,3,43,10,2025,0,0,0
2025-10-24,2313745.8,271.0,685.0,4,43,10,2025,0,0,0
2025-04-21,1408383.8,167.0,438.0,0,17,4,2025,0,0,0
2025-04-22,1269885.6,156.0,390.0,1,17,4,2025,0,0,0
2025-04-23,1795619.5,213.0,572.0,2,17,4,2025,0,0,0
2025-04-24,1257140.2,178.0,392.0,3,17,4,2025,0,0,0
2025-04-25,861107.3,134.0,261.0,4,17,4,2025,0,0,0
2025-04-26,840436.94,118.0,244.0,5,17,4,2025,1,0,0
2025-04-27,982140.9,115.0,277.0,6,17,4,2025,1,0,0
2025-04-28,1051741.9,171.0,300.0,0,18,4,2025,0,0,0
2025-04-29,1250467.4,158.0,374.0,1,18,4,2025,0,0,0
2025-04-30,1375307.6,157.0,427.0,2,18,4,2025,0,0,0
2025-05-01,1384297.9,190.0,439.0,3,18,5,2025,0,0,0
2025-05-02,1366854.1,188.0,435.0,4,18,5,2025,0,0,0
2025-05-03,896389.9,110.0,287.0,5,18,5,2025,1,0,0
2025-05-04,382656.4,51.0,124.0,6,18,5,2025,1,0,0
2025-05-05,2149057.2,274.0,610.0,0,19,5,2025,0,0,0
2025-05-06,2421375.5,340.0,747.0,1,19,5,2025,0,0,0
2025-05-07,1244844.1,118.0,382.0,2,19,5,2025,0,0,0
2025-05-08,2163950.2,273.0,672.0,3,19,5,2025,0,0,0
2025-05-09,2356058.2,223.0,737.0,4,19,5,2025,0,0,0
2025-05-10,2160954.8,268.0,671.0,5,19,5,2025,1,0,0
2025-05-11,2224441.8,193.0,685.0,6,19,5,2025,1,0,0
2025-05-12,2124208.8,170.0,667.0,0,20,5,2025,0,0,0
2025-05-13,1960530.0,175.0,630.0,1,20,5,2025,0,0,0
2025-05-14,1694452.5,183.0,539.0,2,20,5,2025,0,0,0
2024-11-11,1381134.9,165.0,429.0,0,46,11,2024,0,0,0
2024-11-12,1781392.8,207.0,566.0,1,46,11,2024,0,0,0
2024-11-13,1195603.2,165.0,382.0,2,46,11,2024,0,0,0
2024-11-14,913838.4,117.0,284.0,3,46,11,2024,0,0,0
2024-11-15,703150.94,99.0,206.0,4,46,11,2024,0,0,0
2024-11-16,750277.5,97.0,210.0,5,46,11,2024,1,0,0
2024-11-17,922319.56,142.0,261.0,6,46,11,2024,1,0,0
2024-11-18,1197505.6,153.0,361.0,0,47,11,2024,0,0,0
2024-11-19,1420561.8,165.0,455.0,1,47,11,2024,0,0,0
2024-11-20,1510625.4,206.0,498.0,2,47,11,2024,0,0,0
2024-11-21,1607111.9,224.0,531.0,3,47,11,2024,0,0,0
2024-11-22,1647164.6,229.0,536.0,4,47,11,2024,0,0,0
2024-11-23,1619810.1,233.0,518.0,5,47,11,2024,1,0,0
2024-11-24,1536659.4,216.0,481.0,6,47,11,2024,1,0,0
2024-11-25,937003.4,136.0,300.0,0,48,11,2024,0,0,0
2024-11-26,454438.28,61.0,146.0,1,48,11,2024,0,0,0
2024-11-27,2375719.8,304.0,709.0,2,48,11,2024,0,0,0
2024-11-28,2823080.5,304.0,833.0,3,48,11,2024,0,0,0
2024-11-29,430794.28,46.0,119.0,4,48,11,2024,0,0,0
2024-11-30,1693190.8,194.0,543.0,5,48,11,2024,1,0,0
2024-12-01,1905919.2,227.0,556.0,6,48,12,2024,1,0,0
2024-12-02,1987592.2,231.0,554.0,0,49,12,2024,0,0,0
2024-12-03,1887002.8,233.0,539.0,1,49,12,2024,0,0,0
2024-12-04,1793888.1,229.0,524.0,2,49,12,2024,0,0,0
2026-04-09,1576073.0,186.0,488.0,3,15,4,2026,0,0,0
2026-04-10,1925955.6,228.0,611.0,4,15,4,2026,0,0,0
2026-04-11,1063451.8,143.0,333.0,5,15,4,2026,1,0,0
2026-04-12,2198239.2,292.0,719.0,6,15,4,2026,1,0,0
2026-04-13,2288652.8,238.0,734.0,0,16,4,2026,0,0,0
2026-04-14,2144373.5,270.0,675.0,1,16,4,2026,0,0,0
2026-04-15,2200357.8,210.0,677.0,2,16,4,2026,0,0,0
2026-04-16,2190935.0,190.0,675.0,3,16,4,2026,0,0,0
2026-04-17,2100486.0,193.0,666.0,4,16,4,2026,0,0,0
2026-04-18,1992245.0,212.0,637.0,5,16,4,2026,1,0,0
2026-04-19,1868850.2,209.0,589.0,6,16,4,2026,1,0,0
2026-04-20,1298462.0,186.0,387.0,0,17,4,2026,0,0,0
2026-04-21,653666.8,119.0,177.0,1,17,4,2026,0,0,0
2026-04-22,1530288.0,220.0,459.0,2,17,4,2026,0,0,0
2026-04-23,2538199.2,254.0,796.0,3,17,4,2026,0,0,0
2026-04-24,1290526.9,88.0,400.0,4,17,4,2026,0,0,0
2026-04-25,1953271.4,289.0,650.0,5,17,4,2026,1,0,0
2026-04-26,2212316.5,214.0,743.0,6,17,4,2026,1,0,0
2026-04-27,2068622.8,263.0,690.0,0,18,4,2026,0,0,0
2026-04-28,2128312.0,209.0,667.0,1,18,4,2026,0,0,0
2026-04-29,2062260.8,175.0,651.0,2,18,4,2026,0,0,0
2026-04-30,1869343.8,167.0,594.0,3,18,4,2026,0,0,0
2026-05-01,1394322.6,166.0,429.0,4,18,5,2026,0,0,0
2026-05-02,644744.56,95.0,195.0,5,18,5,2026,1,0,0
2025-04-21,1717658.1,205.0,531.0,0,17,4,2025,0,0,0
2025-04-22,1940979.5,231.0,608.0,1,17,4,2025,0,0,0
2025-04-23,393248.97,54.0,107.0,2,17,4,2025,0,0,0
2025-04-24,2279113.8,209.0,715.0,3,17,4,2025,0,0,0
2025-04-25,2189443.2,336.0,705.0,4,17,4,2025,0,0,0
2025-04-26,2041947.8,329.0,622.0,5,17,4,2025,1,0,0
2025-04-27,2130090.2,271.0,621.0,6,17,4,2025,1,0,0
2025-04-28,2241366.8,234.0,626.0,0,18,4,2025,0,0,0
2025-04-29,2138345.0,227.0,619.0,1,18,4,2025,0,0,0
2025-04-30,2004524.4,227.0,589.0,2,18,4,2025,0,0,0
2025-05-01,1815977.9,224.0,522.0,3,18,5,2025,0,0,0
2025-05-02,1357823.4,208.0,366.0,4,18,5,2025,0,0,0
2025-05-03,667969.7,134.0,175.0,5,18,5,2025,1,0,0
2025-05-04,2183727.8,351.0,677.0,6,18,5,2025,1,0,0
2025-05-05,2733175.5,187.0,864.0,0,19,5,2025,0,0,0
2025-05-06,204099.12,37.0,90.0,1,19,5,2025,0,0,0
2025-05-07,1630922.1,272.0,590.0,2,19,5,2025,0,0,0
2025-05-08,2102630.5,99.0,701.0,3,19,5,2025,0,0,0
2025-05-09,1702722.1,241.0,609.0,4,19,5,2025,0,0,0
2025-05-10,1873225.8,174.0,651.0,5,19,5,2025,1,0,0
2025-05-11,1880273.8,177.0,654.0,6,19,5,2025,1,0,0
2025-05-12,1850671.1,203.0,644.0,0,20,5,2025,0,0,0
2025-05-13,1881527.2,199.0,649.0,1,20,5,2025,0,0,0
2025-05-14,1819397.1,217.0,621.0,2,20,5,2025,0,0,0
2025-03-18,1386673.1,165.0,431.0,1,12,3,2025,0,0,1
2025-03-19,1769378.2,205.0,562.0,2,12,3,2025,0,0,1
2025-03-20,1145898.1,158.0,367.0,3,12,3,2025,0,0,1
2025-03-21,1264431.2,162.0,413.0,4,12,3,2025,0,0,1
2025-03-22,1061620.6,132.0,335.0,5,12,3,2025,1,0,1
2025-03-23,979614.44,119.0,309.0,6,12,3,2025,1,0,1
2025-03-24,1161979.4,127.0,357.0,0,13,3,2025,0,0,1
2025-03-25,1284543.5,191.0,396.0,1,13,3,2025,0,0,1
2025-03-26,1480639.5,202.0,473.0,2,13,3,2025,0,0,1
2025-03-27,1653564.2,188.0,536.0,3,13,3,2025,0,0,1
2025-03-28,1662352.5,217.0,541.0,4,13,3,2025,0,0,1
2025-03-29,1671641.1,217.0,541.0,5,13,3,2025,1,0,1
2025-03-30,1599185.9,208.0,510.0,6,13,3,2025,1,0,1
2025-03-31,1265679.0,161.0,399.0,0,14,3,2025,0,0,1
2025-04-01,584278.1,81.0,192.0,1,14,4,2025,0,0,0
2025-04-02,705506.3,51.0,228.0,2,14,4,2025,0,0,0
2025-04-03,2672513.2,309.0,763.0,3,14,4,2025,0,0,0
2025-04-04,2222715.2,155.0,558.0,4,14,4,2025,0,0,0
2025-04-05,2148811.8,283.0,565.0,5,14,4,2025,1,0,0
2025-04-06,2171071.5,276.0,525.0,6,14,4,2025,1,0,0
2025-04-07,2300191.0,184.0,564.0,0,15,4,2025,0,0,0
2025-04-08,1992560.9,238.0,495.0,1,15,4,2025,0,0,0
2025-04-09,1981381.1,217.0,519.0,2,15,4,2025,0,0,0
2025-04-10,1940289.9,235.0,521.0,3,15,4,2025,0,0,0
2025-04-21,1656660.6,197.0,513.0,0,17,4,2025,0,0,0
2025-04-22,1923428.5,228.0,606.0,1,17,4,2025,0,0,0
2025-04-23,939345.75,127.0,287.0,2,17,4,2025,0,0,0
2025-04-24,2163232.5,293.0,713.0,3,17,4,2025,0,0,0
2025-04-25,2311971.2,227.0,760.0,4,17,4,2025,0,0,0
2025-04-26,2131418.8,288.0,692.0,5,17,4,2025,1,0,0
2025-04-27,2248178.0,212.0,716.0,6,17,4,2025,1,0,0
2025-04-28,2250358.2,188.0,712.0,0,18,4,2025,0,0,0
2025-04-29,2143235.2,195.0,699.0,1,18,4,2025,0,0,0
2025-04-30,2047753.1,210.0,677.0,2,18,4,2025,0,0,0
2025-05-01,2013673.2,214.0,663.0,3,18,5,2025,0,0,0
2025-05-02,1936317.2,211.0,628.0,4,18,5,2025,0,0,0
2025-05-03,1625778.2,193.0,500.0,5,18,5,2025,1,0,0
2025-05-04,838676.6,167.0,237.0,6,18,5,2025,1,0,0
2025-05-05,706689.25,86.0,189.0,0,19,5,2025,0,0,0
2025-05-06,2423245.2,323.0,715.0,1,19,5,2025,0,0,0
2025-05-07,2895969.0,245.0,845.0,2,19,5,2025,0,0,0
2025-05-08,285304.0,28.0,78.0,3,19,5,2025,0,0,0
2025-05-09,1167710.0,165.0,410.0,4,19,5,2025,0,0,0
2025-05-10,1486618.0,164.0,461.0,5,19,5,2025,1,0,0
2025-05-11,1401708.1,192.0,456.0,6,19,5,2025,1,0,0
2025-05-12,1339188.4,187.0,451.0,0,20,5,2025,0,0,0
2025-05-13,1373248.0,199.0,464.0,1,20,5,2025,0,0,0
2025-05-14,1373553.1,210.0,453.0,2,20,5,2025,0,0,0
2025-02-18,1459635.6,173.0,453.0,1,8,2,2025,0,0,0
2025-02-19,1837869.6,215.0,584.0,2,8,2,2025,0,0,0
2025-02-20,913278.2,127.0,283.0,3,8,2,2025,0,0,0
2025-02-21,1697923.4,187.0,569.0,4,8,2,2025,0,0,0
2025-02-22,1678378.9,208.0,532.0,5,8,2,2025,1,0,0
2025-02-23,1484856.8,219.0,464.0,6,8,2,2025,1,0,0
2025-02-24,1673290.6,175.0,518.0,0,9,2,2025,0,0,0
2025-02-25,1742402.1,181.0,547.0,1,9,2,2025,0,0,0
2025-02-26,1777299.8,204.0,564.0,2,9,2,2025,0,0,0
2025-02-27,1830152.6,206.0,580.0,3,9,2,2025,0,0,0
2025-02-28,1812049.0,227.0,569.0,4,9,2,2025,0,0,0
2025-03-01,1784070.2,223.0,548.0,5,9,3,2025,1,0,1
2025-03-02,1604632.9,198.0,479.0,6,9,3,2025,1,0,1
2025-03-03,1064722.4,164.0,312.0,0,10,3,2025,0,0,1
2025-03-04,580883.44,87.0,168.0,1,10,3,2025,0,0,1
2025-03-05,1449823.8,144.0,413.0,2,10,3,2025,0,0,1
2025-03-06,2600826.2,281.0,789.0,3,10,3,2025,0,0,1
2025-03-07,1336267.9,79.0,422.0,4,10,3,2025,0,0,1
2025-03-08,1952636.8,311.0,629.0,5,10,3,2025,1,0,1
2025-03-09,2251742.8,207.0,755.0,6,10,3,2025,1,0,1
2025-03-10,2095853.8,270.0,691.0,0,11,3,2025,0,0,1
2025-03-11,2189474.2,213.0,689.0,1,11,3,2025,0,0,1
2025-03-12,2158059.8,179.0,690.0,2,11,3,2025,0,0,1
2025-03-13,2055096.4,184.0,668.0,3,11,3,2025,0,0,1
2025-10-10,1341826.0,160.0,417.0,4,41,10,2025,0,0,0
2025-10-11,896654.44,115.0,287.0,5,41,10,2025,1,0,0
2025-10-12,2117878.2,262.0,647.0,6,41,10,2025,1,0,0
2025-10-13,2194980.8,218.0,653.0,0,42,10,2025,0,0,0
2025-10-14,2085692.8,153.0,611.0,1,42,10,2025,0,0,0
2025-10-15,1669717.2,207.0,490.0,2,42,10,2025,0,0,0
2025-10-16,1675616.9,163.0,515.0,3,42,10,2025,0,0,0
2025-10-17,1678380.0,168.0,516.0,4,42,10,2025,0,0,0
2025-10-18,1632647.4,206.0,508.0,5,42,10,2025,1,0,0
2025-10-19,1694309.2,198.0,531.0,6,42,10,2025,1,0,0
2025-10-20,1627762.4,210.0,509.0,0,43,10,2025,0,0,0
2025-10-21,1453066.6,189.0,448.0,1,43,10,2025,0,0,0
2025-10-22,656143.94,88.0,210.0,2,43,10,2025,0,0,0
2025-10-23,1126283.4,98.0,363.0,3,43,10,2025,0,0,0
2025-10-24,2706601.0,290.0,819.0,4,43,10,2025,0,0,0
2025-10-25,1851739.8,105.0,513.0,5,43,10,2025,1,0,0
2025-10-26,2095180.8,292.0,651.0,6,43,10,2025,1,0,0
2025-10-27,2378274.2,225.0,740.0,0,44,10,2025,0,0,0
2025-10-28,2240716.2,260.0,696.0,1,44,10,2025,0,0,0
2025-10-29,2298601.0,215.0,697.0,2,44,10,2025,0,0,0
2025-10-30,2212324.2,191.0,694.0,3,44,10,2025,0,0,0
2025-10-31,2092918.4,196.0,673.0,4,44,10,2025,0,0,0
2025-11-01,2002815.0,216.0,651.0,5,44,11,2025,1,0,0
2025-11-02,1940934.8,220.0,627.0,6,44,11,2025,1,0,0
2025-04-21,1341238.5,160.0,417.0,0,17,4,2025,0,0,0
2025-04-22,502474.44,62.0,170.0,1,17,4,2025,0,0,0
2025-04-23,2317047.0,273.0,665.0,2,17,4,2025,0,0,0
2025-04-24,2606700.2,287.0,729.0,3,17,4,2025,0,0,0
2025-04-25,2554262.0,279.0,675.0,4,17,4,2025,0,0,0
2025-04-26,2356158.0,271.0,630.0,5,17,4,2025,1,0,0
2025-04-27,2283226.8,232.0,628.0,6,17,4,2025,1,0,0
2025-04-28,2080981.4,230.0,595.0,0,18,4,2025,0,0,0
2025-04-29,1879057.6,233.0,540.0,1,18,4,2025,0,0,0
2025-04-30,1461950.1,200.0,411.0,2,18,4,2025,0,0,0
2025-05-01,600856.1,124.0,169.0,3,18,5,2025,0,0,0
2025-05-02,2011448.6,329.0,658.0,4,18,5,2025,0,0,0
2025-05-03,2622019.2,201.0,869.0,5,18,5,2025,1,0,0
2025-05-04,850818.3,117.0,385.0,6,18,5,2025,1,0,0
2025-05-05,2017754.9,239.0,745.0,0,19,5,2025,0,0,0
2025-05-06,2567018.5,150.0,805.0,1,19,5,2025,0,0,0
2025-05-07,2078501.9,284.0,682.0,2,19,5,2025,0,0,0
2025-05-08,2165471.8,204.0,706.0,3,19,5,2025,0,0,0
2025-05-09,2207508.8,156.0,731.0,4,19,5,2025,0,0,0
2025-05-10,2108545.0,164.0,718.0,5,19,5,2025,1,0,0
2025-05-11,1952176.8,196.0,679.0,6,19,5,2025,1,0,0
2025-05-12,1827507.1,201.0,629.0,0,20,5,2025,0,0,0
2025-05-13,1434806.8,181.0,462.0,1,20,5,2025,0,0,0
2025-05-14,678167.5,123.0,202.0,2,20,5,2025,0,0,0
2024-08-27,1421083.6,169.0,441.0,1,35,8,2024,0,0,0
2024-08-28,1809830.9,211.0,575.0,2,35,8,2024,0,0,0
2024-08-29,1175538.5,164.0,376.0,3,35,8,2024,0,0,0
2024-08-30,762961.4,99.0,239.0,4,35,8,2024,0,0,0
2024-08-31,609952.0,75.0,179.0,5,35,8,2024,1,0,0
2024-09-01,685485.8,89.0,196.0,6,35,9,2024,1,0,0
2024-09-02,900651.3,129.0,265.0,0,36,9,2024,0,0,0
2024-09-03,1218044.5,145.0,385.0,1,36,9,2024,0,0,0
2024-09-04,1417207.1,171.0,470.0,2,36,9,2024,0,0,0
2024-09-05,1484019.1,216.0,500.0,3,36,9,2024,0,0,0
2024-09-06,1535569.5,222.0,512.0,4,36,9,2024,0,0,0
2024-09-07,1412091.4,199.0,456.0,5,36,9,2024,1,0,0
2024-09-08,658593.56,100.0,219.0,6,36,9,2024,1,0,0
2024-09-09,1020082.4,88.0,331.0,0,37,9,2024,0,0,0
2024-09-10,2632147.5,305.0,802.0,1,37,9,2024,0,0,0
2024-09-11,1869504.4,103.0,513.0,2,37,9,2024,0,0,0
2024-09-12,2108416.5,297.0,645.0,3,37,9,2024,0,0,0
2024-09-13,2421003.0,228.0,743.0,4,37,9,2024,0,0,0
2024-09-14,2266557.8,263.0,695.0,5,37,9,2024,1,0,0
2024-09-15,2308266.2,215.0,693.0,6,37,9,2024,1,0,0
2024-09-16,2187238.2,192.0,679.0,0,38,9,2024,0,0,0
2024-09-17,2055006.4,199.0,650.0,1,38,9,2024,0,0,0
2024-09-18,1927249.8,212.0,611.0,2,38,9,2024,0,0,0
2024-09-19,1764549.5,210.0,541.0,3,38,9,2024,0,0,0
2025-05-19,1527985.8,181.0,474.0,0,21,5,2025,0,0,0
2025-05-20,1862232.0,219.0,590.0,1,21,5,2025,0,0,0
2025-05-21,1075332.8,150.0,340.0,2,21,5,2025,0,0,0
2025-05-22,1997383.4,224.0,663.0,3,21,5,2025,0,0,0
2025-05-23,1911593.1,251.0,613.0,4,21,5,2025,0,0,0
2025-05-24,1883309.5,205.0,580.0,5,21,5,2025,1,0,0
2025-05-25,1794900.8,214.0,521.0,6,21,5,2025,1,0,0
2025-05-26,1882374.8,179.0,557.0,0,22,5,2025,0,0,0
2025-05-27,1914552.6,185.0,573.0,1,22,5,2025,0,0,0
2025-05-28,1882505.5,208.0,564.0,2,22,5,2025,0,0,0
2025-05-29,1869283.0,209.0,559.0,3,22,5,2025,0,0,0
2025-05-30,1756205.9,214.0,517.0,4,22,5,2025,0,0,0
2025-05-31,1263952.2,163.0,375.0,5,22,5,2025,1,0,0
2025-06-01,527974.1,81.0,161.0,6,22,6,2025,1,0,0
2025-06-02,2196328.0,290.0,706.0,0,23,6,2025,0,0,0
2025-06-03,2776299.8,279.0,846.0,1,23,6,2025,0,0,0
2025-06-04,266035.28,31.0,84.0,2,23,6,2025,0,0,0
2025-06-05,1378441.1,208.0,490.0,3,23,6,2025,0,0,0
2025-06-06,1775964.8,157.0,575.0,4,23,6,2025,0,0,0
2025-06-07,1660768.4,196.0,542.0,5,23,6,2025,1,0,0
2025-06-08,1548039.4,190.0,509.0,6,23,6,2025,1,0,0
2025-06-09,1339191.0,186.0,442.0,0,24,6,2025,0,0,0
2025-06-10,857991.6,105.0,290.0,1,24,6,2025,0,0,0
2025-06-11,499114.8,56.0,167.0,2,24,6,2025,0,0,0
2025-11-26,1348158.0,161.0,419.0,2,48,11,2025,0,0,0
2025-11-27,1257335.9,152.0,387.0,3,48,11,2025,0,0,0
2025-11-28,2048943.8,240.0,640.0,4,48,11,2025,0,0,0
2025-11-29,1666188.2,229.0,525.0,5,48,11,2025,1,0,0
2025-11-30,1356261.9,192.0,411.0,6,48,11,2025,1,0,0
2025-12-01,1298486.5,169.0,388.0,0,49,12,2025,0,0,0
2025-12-02,1374028.9,157.0,411.0,1,49,12,2025,0,0,0
2025-12-03,1427783.5,190.0,427.0,2,49,12,2025,0,0,0
2025-12-04,1502149.0,211.0,456.0,3,49,12,2025,0,0,0
2025-12-05,1595942.9,202.0,489.0,4,49,12,2025,0,0,0
2025-12-06,1579185.8,212.0,486.0,5,49,12,2025,1,0,0
2025-12-07,1467276.1,202.0,447.0,6,49,12,2025,1,0,0
2025-12-08,1080979.6,139.0,328.0,0,50,12,2025,0,0,0
2025-12-09,457198.8,61.0,144.0,1,50,12,2025,0,0,0
2025-12-10,2390141.2,288.0,695.0,2,50,12,2025,0,0,0
2025-12-11,2826219.5,310.0,834.0,3,50,12,2025,0,0,0
2025-12-12,1226661.0,130.0,361.0,4,50,12,2025,0,0,0
2025-12-13,2175410.8,233.0,702.0,5,50,12,2025,1,0,0
2025-12-14,2403080.8,217.0,725.0,6,50,12,2025,1,0,0
2025-12-15,2220626.2,249.0,676.0,0,51,12,2025,0,0,0
2025-12-16,2240386.8,190.0,686.0,1,51,12,2025,0,0,0
2025-12-17,2178799.5,166.0,692.0,2,51,12,2025,0,0,0
2025-12-18,2049815.0,174.0,677.0,3,51,12,2025,0,0,0
2025-12-19,1920109.5,199.0,644.0,4,51,12,2025,0,0,0
2024-11-13,1402087.9,167.0,436.0,2,46,11,2024,0,0,0
2024-11-14,1802318.8,210.0,573.0,3,46,11,2024,0,0,0
2024-11-15,1089906.0,152.0,347.0,4,46,11,2024,0,0,0
2024-11-16,1022543.7,125.0,327.0,5,46,11,2024,1,0,0
2024-11-17,881858.8,111.0,270.0,6,46,11,2024,1,0,0
2024-11-18,895363.2,117.0,269.0,0,47,11,2024,0,0,0
2024-11-19,1118640.1,135.0,336.0,1,47,11,2024,0,0,0
2024-11-20,1314065.6,180.0,407.0,2,47,11,2024,0,0,0
2024-11-21,1522809.2,192.0,493.0,3,47,11,2024,0,0,0
2024-11-22,1661965.8,196.0,548.0,4,47,11,2024,0,0,0
2024-11-23,1686914.4,222.0,556.0,5,47,11,2024,1,0,0
2024-11-24,1722092.1,224.0,561.0,6,47,11,2024,1,0,0
2024-11-25,1718220.6,225.0,550.0,0,48,11,2024,0,0,0
2024-11-26,1624790.9,217.0,507.0,1,48,11,2024,0,0,0
2024-11-27,1086569.4,147.0,345.0,2,48,11,2024,0,0,0
2024-11-28,481314.12,68.0,154.0,3,48,11,2024,0,0,0
2024-11-29,2172713.0,278.0,667.0,4,48,11,2024,0,0,0
2024-11-30,2712565.0,302.0,832.0,5,48,11,2024,1,0,0
2024-12-01,1466541.8,151.0,464.0,6,48,12,2024,1,0,0
2024-12-02,2236498.0,253.0,730.0,0,49,12,2024,0,0,0
2024-12-03,2505057.5,216.0,754.0,1,49,12,2024,0,0,0
2024-12-04,2226957.2,278.0,672.0,2,49,12,2024,0,0,0
2024-12-05,2278481.0,200.0,694.0,3,49,12,2024,0,0,0
2024-12-06,2162202.2,178.0,669.0,4,49,12,2024,0,0,0
2025-12-02,1451603.6,172.0,451.0,1,49,12,2025,0,0,0
2025-12-03,1799738.8,209.0,571.0,2,49,12,2025,0,0,0
2025-12-04,786738.25,112.0,240.0,3,49,12,2025,0,0,0
2025-12-05,1844224.2,204.0,623.0,4,49,12,2025,0,0,0
2025-12-06,1796441.9,232.0,590.0,5,49,12,2025,1,0,0
2025-12-07,1722728.2,223.0,550.0,6,49,12,2025,1,0,0
2025-12-08,1832313.4,195.0,553.0,0,50,12,2025,0,0,0
2025-12-09,1917499.1,179.0,589.0,1,50,12,2025,0,0,0
2025-12-10,1939836.0,191.0,603.0,2,50,12,2025,0,0,0
2025-12-11,1923032.1,215.0,599.0,3,50,12,2025,0,0,0
2025-12-12,1883775.6,222.0,581.0,4,50,12,2025,0,0,0
2025-12-13,1778614.6,214.0,536.0,5,50,12,2025,1,0,0
2025-12-14,1400464.8,184.0,410.0,6,50,12,2025,1,0,0
2025-12-15,704965.9,126.0,200.0,0,51,12,2025,0,0,0
2025-12-16,607532.56,65.0,172.0,1,51,12,2025,0,0,0
2025-12-17,2532705.5,307.0,737.0,2,51,12,2025,0,0,0
2025-12-18,2918507.8,271.0,843.0,3,51,12,2025,0,0,0
2025-12-19,183481.11,19.0,46.0,4,51,12,2025,0,0,0
2025-12-20,1197751.4,168.0,396.0,5,51,12,2025,1,0,0
2025-12-21,1358891.1,174.0,402.0,6,51,12,2025,1,0,0
2025-12-22,1340868.8,227.0,416.0,0,52,12,2025,0,0,0
2025-12-23,1353316.8,217.0,436.0,1,52,12,2025,0,0,0
2025-12-24,1242634.2,188.0,396.0,2,52,12,2025,0,0,0
2025-12-25,689060.6,98.0,229.0,3,52,12,2025,0,0,0
2025-12-03,1510859.6,179.0,469.0,2,49,12,2025,0,0,0
2025-12-04,1847600.4,217.0,585.0,3,49,12,2025,0,0,0
2025-12-05,1658676.2,204.0,510.0,4,49,12,2025,0,0,0
2025-12-06,2231079.2,264.0,703.0,5,49,12,2025,1,0,0
2025-12-07,1833192.1,248.0,591.0,6,49,12,2025,1,0,0
2025-12-08,1614775.8,198.0,486.0,0,50,12,2025,0,0,0
2025-12-09,1430062.5,202.0,415.0,1,50,12,2025,0,0,0
2025-12-10,1506421.6,170.0,441.0,2,50,12,2025,0,0,0
2025-12-11,1569213.1,180.0,457.0,3,50,12,2025,0,0,0
2025-12-12,1569476.2,217.0,465.0,4,50,12,2025,0,0,0
2025-12-13,1628703.1,205.0,488.0,5,50,12,2025,1,0,0
2025-12-14,1602142.8,208.0,483.0,6,50,12,2025,1,0,0
2025-12-15,1484851.6,205.0,446.0,0,51,12,2025,0,0,0
2025-12-16,1183504.2,152.0,349.0,1,51,12,2025,0,0,0
2025-12-17,520611.56,69.0,162.0,2,51,12,2025,0,0,0
2025-12-18,1850966.1,229.0,560.0,3,51,12,2025,0,0,0
2025-12-19,2690081.2,265.0,824.0,4,51,12,2025,0,0,0
2025-12-20,1583881.6,142.0,535.0,5,51,12,2025,1,0,0
2025-12-21,2057820.9,269.0,711.0,6,51,12,2025,1,0,0
2025-12-22,2314399.2,213.0,736.0,0,52,12,2025,0,0,0
2025-12-23,2148722.0,269.0,673.0,1,52,12,2025,0,0,0
2025-12-24,2224949.5,207.0,689.0,2,52,12,2025,0,0,0
2025-12-25,2188079.8,184.0,690.0,3,52,12,2025,0,0,0
2025-12-26,2079662.8,192.0,679.0,4,52,12,2025,0,0,0
2025-05-09,1387949.4,165.0,431.0,4,19,5,2025,0,0,0
2025-05-10,1262045.5,154.0,387.0,5,19,5,2025,1,0,0
2025-05-11,2031384.6,239.0,635.0,6,19,5,2025,1,0,0
2025-05-12,1635945.1,226.0,514.0,0,20,5,2025,0,0,0
2025-05-13,1297533.0,191.0,393.0,1,20,5,2025,0,0,0
2025-05-14,1243513.5,162.0,371.0,2,20,5,2025,0,0,0
2025-05-15,1303513.1,149.0,386.0,3,20,5,2025,0,0,0
2025-05-16,1355596.1,185.0,401.0,4,20,5,2025,0,0,0
2025-05-17,1405469.1,202.0,422.0,5,20,5,2025,1,0,0
2025-05-18,1442756.1,185.0,437.0,6,20,5,2025,1,0,0
2025-05-19,894302.3,112.0,275.0,0,21,5,2025,0,0,0
2025-05-20,508547.88,70.0,158.0,1,21,5,2025,0,0,0
2025-05-21,2555025.8,324.0,721.0,2,21,5,2025,0,0,0
2025-05-22,2249939.5,178.0,560.0,3,21,5,2025,0,0,0
2025-05-23,1727004.9,208.0,475.0,4,21,5,2025,0,0,0
2025-05-24,1222741.8,145.0,315.0,5,21,5,2025,1,0,0
2025-05-25,1043374.56,157.0,297.0,6,21,5,2025,1,0,0
2025-05-26,1277439.8,163.0,373.0,0,22,5,2025,0,0,0
2025-05-27,1504818.1,183.0,447.0,1,22,5,2025,0,0,0
2025-05-28,1624801.2,223.0,496.0,2,22,5,2025,0,0,0
2025-05-29,1744076.8,222.0,538.0,3,22,5,2025,0,0,0
2025-05-30,1772629.8,229.0,547.0,4,22,5,2025,0,0,0
2025-05-31,1713498.2,235.0,522.0,5,22,5,2025,1,0,0
2025-06-01,1566537.6,205.0,467.0,6,22,6,2025,1,0,0
2025-05-19,1402375.5,167.0,436.0,0,21,5,2025,0,0,0
2025-05-20,1794828.6,209.0,571.0,1,21,5,2025,0,0,0
2025-05-21,1207513.0,167.0,386.0,2,21,5,2025,0,0,0
2025-05-22,642318.94,90.0,205.0,3,21,5,2025,0,0,0
2025-05-23,551418.44,58.0,166.0,4,21,5,2025,0,0,0
2025-05-24,664010.7,83.0,196.0,5,21,5,2025,1,0,0
2025-05-25,928961.1,120.0,285.0,6,21,5,2025,1,0,0
2025-05-26,1193774.0,142.0,390.0,0,22,5,2025,0,0,0
2025-05-27,1258573.1,156.0,422.0,1,22,5,2025,0,0,0
2025-05-28,898251.0,106.0,301.0,2,22,5,2025,0,0,0
2025-05-29,363929.9,45.0,122.0,3,22,5,2025,0,0,0
2025-05-30,2370348.2,319.0,670.0,4,22,5,2025,0,0,0
2025-05-31,2768332.2,320.0,801.0,5,22,5,2025,1,0,0
2025-06-01,591693.3,61.0,157.0,6,22,6,2025,1,0,0
2025-06-02,1873811.0,190.0,593.0,0,23,6,2025,0,0,0
2025-06-03,2014483.1,222.0,598.0,1,23,6,2025,0,0,0
2025-06-04,2016219.2,226.0,574.0,2,23,6,2025,0,0,0
2025-06-05,1922293.5,215.0,552.0,3,23,6,2025,0,0,0
2025-06-06,1813031.5,209.0,528.0,4,23,6,2025,0,0,0
2025-06-07,1661650.9,204.0,488.0,5,23,6,2025,1,0,0
2025-06-08,1257623.2,162.0,373.0,6,23,6,2025,1,0,0
2025-06-09,706824.25,105.0,211.0,0,24,6,2025,0,0,0
2025-06-10,1234901.5,115.0,361.0,1,24,6,2025,0,0,0
2025-06-11,2635822.2,275.0,787.0,2,24,6,2025,0,0,0
2024-11-12,1390486.6,166.0,432.0,1,46,11,2024,0,0,0
2024-11-13,1779268.2,207.0,566.0,2,46,11,2024,0,0,0
2024-11-14,1488450.1,189.0,464.0,3,46,11,2024,0,0,0
2024-11-15,626275.25,100.0,207.0,4,46,11,2024,0,0,0
2024-11-16,434166.66,38.0,143.0,5,46,11,2024,1,0,0
2024-11-17,529138.9,53.0,172.0,6,46,11,2024,1,0,0
2024-11-18,798680.3,90.0,259.0,0,47,11,2024,0,0,0
2024-11-19,1077273.2,122.0,362.0,1,47,11,2024,0,0,0
2024-11-20,1268827.1,146.0,443.0,2,47,11,2024,0,0,0
2024-11-21,1362493.5,184.0,480.0,3,47,11,2024,0,0,0
2024-11-22,1328541.9,197.0,456.0,4,47,11,2024,0,0,0
2024-11-23,685776.4,88.0,237.0,5,47,11,2024,1,0,0
2024-11-24,1631667.9,191.0,533.0,6,47,11,2024,1,0,0
2024-11-25,2589436.2,256.0,832.0,0,48,11,2024,0,0,0
2024-11-26,1480479.1,119.0,488.0,1,48,11,2024,0,0,0
2024-11-27,2016034.1,278.0,685.0,2,48,11,2024,0,0,0
2024-11-28,2351025.8,195.0,763.0,3,48,11,2024,0,0,0
2024-11-29,2141684.5,267.0,692.0,4,48,11,2024,0,0,0
2024-11-30,2215231.8,211.0,697.0,5,48,11,2024,1,0,0
2024-12-01,2181954.5,177.0,700.0,6,48,12,2024,1,0,0
2024-12-02,2077972.4,185.0,682.0,0,49,12,2024,0,0,0
2024-12-03,1964423.1,206.0,653.0,1,49,12,2024,0,0,0
2024-12-04,1875810.9,211.0,615.0,2,49,12,2024,0,0,0
2024-12-05,1712742.2,208.0,535.0,3,49,12,2024,0,0,0
2025-09-22,1344284.6,161.0,418.0,0,39,9,2025,0,0,0
2025-09-23,912771.4,117.0,291.0,1,39,9,2025,0,0,0
2025-09-24,2295714.0,285.0,691.0,2,39,9,2025,0,0,0
2025-09-25,2489963.5,212.0,744.0,3,39,9,2025,0,0,0
2025-09-26,2366950.8,193.0,698.0,4,39,9,2025,0,0,0
2025-09-27,2071374.9,221.0,619.0,5,39,9,2025,1,0,0
2025-09-28,1993136.6,187.0,614.0,6,39,9,2025,1,0,0
2025-09-29,1918088.6,179.0,599.0,0,40,9,2025,0,0,0
2025-09-30,1797087.8,191.0,554.0,1,40,9,2025,0,0,0
2025-10-01,1571559.9,188.0,469.0,2,40,10,2025,0,0,0
2025-10-02,764606.3,124.0,233.0,3,40,10,2025,0,0,0
2025-10-03,618388.0,65.0,184.0,4,40,10,2025,0,0,0
2025-10-04,2454865.5,306.0,743.0,5,40,10,2025,1,0,0
2025-10-05,2581615.8,223.0,704.0,6,40,10,2025,1,0,0
2025-10-06,556183.25,32.0,145.0,0,41,10,2025,0,0,0
2025-10-07,120815.555,17.0,37.0,1,41,10,2025,0,0,0
2025-10-08,198642.52,39.0,61.0,2,41,10,2025,0,0,0
2025-10-09,428682.28,73.0,127.0,3,41,10,2025,0,0,0
2025-10-10,869573.0,91.0,264.0,4,41,10,2025,0,0,0
2025-10-11,1160030.8,136.0,378.0,5,41,10,2025,1,0,0
2025-10-12,1278432.5,157.0,436.0,6,41,10,2025,1,0,0
2025-10-13,1082610.4,139.0,361.0,0,42,10,2025,0,0,0
2025-10-14,429987.94,50.0,147.0,1,42,10,2025,0,0,0
2025-10-15,629786.4,56.0,211.0,2,42,10,2025,0,0,0
2025-11-24,1421101.0,169.0,441.0,0,48,11,2025,0,0,0
2025-11-25,1766770.9,205.0,561.0,1,48,11,2025,0,0,0
2025-11-26,1459793.2,184.0,456.0,2,48,11,2025,0,0,0
2025-11-27,674060.0,104.0,225.0,3,48,11,2025,0,0,0
2025-11-28,445068.94,40.0,147.0,4,48,11,2025,0,0,0
2025-11-29,468000.94,48.0,151.0,5,48,11,2025,1,0,0
2025-11-30,677535.9,81.0,215.0,6,48,11,2025,1,0,0
2025-12-01,946679.6,100.0,305.0,0,49,12,2025,0,0,0
2025-12-02,1173136.2,138.0,395.0,1,49,12,2025,0,0,0
2025-12-03,1334340.6,165.0,460.0,2,49,12,2025,0,0,0
2025-12-04,1410510.5,206.0,484.0,3,49,12,2025,0,0,0
2025-12-05,1448226.6,216.0,489.0,4,49,12,2025,0,0,0
2025-12-06,1364404.9,197.0,445.0,5,49,12,2025,1,0,0
2025-12-07,684448.8,98.0,228.0,6,49,12,2025,1,0,0
2025-12-08,506328.28,51.0,169.0,0,50,12,2025,0,0,0
2025-12-09,2533405.0,324.0,725.0,1,50,12,2025,0,0,0
2025-12-10,2443439.2,218.0,604.0,2,50,12,2025,0,0,0
2025-12-11,1421736.6,105.0,366.0,3,50,12,2025,0,0,0
2025-12-12,360537.34,44.0,108.0,4,50,12,2025,0,0,0
2025-12-13,472161.1,66.0,135.0,5,50,12,2025,1,0,0
2025-12-14,774771.7,98.0,229.0,6,50,12,2025,1,0,0
2025-12-15,1131307.2,126.0,362.0,0,51,12,2025,0,0,0
2025-12-16,1337057.8,154.0,458.0,1,51,12,2025,0,0,0
2025-12-17,1341731.5,186.0,467.0,2,51,12,2025,0,0,0
2025-08-28,1378042.6,164.0,428.0,3,35,8,2025,0,0,0
2025-08-29,1768952.4,205.0,562.0,4,35,8,2025,0,0,0
2025-08-30,1409983.1,182.0,444.0,5,35,8,2025,1,0,0
2025-08-31,666413.2,100.0,223.0,6,35,8,2025,1,0,0
2025-09-01,476086.72,42.0,157.0,0,36,9,2025,0,0,0
2025-09-02,521259.72,53.0,168.0,1,36,9,2025,0,0,0
2025-09-03,754685.7,89.0,240.0,2,36,9,2025,0,0,0
2025-09-04,1029576.44,115.0,338.0,3,36,9,2025,0,0,0
2025-09-05,1255598.8,143.0,431.0,4,36,9,2025,0,0,0
2025-09-06,1370007.6,182.0,478.0,5,36,9,2025,1,0,0
2025-09-07,1457248.5,212.0,504.0,6,36,9,2025,1,0,0
2025-09-08,1499382.0,221.0,508.0,0,37,9,2025,0,0,0
2025-09-09,1390704.1,202.0,454.0,1,37,9,2025,0,0,0
2025-09-10,742354.3,108.0,249.0,2,37,9,2025,0,0,0
2025-09-11,460856.9,47.0,155.0,3,37,9,2025,0,0,0
2025-09-12,2490243.2,321.0,719.0,4,37,9,2025,0,0,0
2025-09-13,2869997.2,297.0,788.0,5,37,9,2025,1,0,0
2025-09-14,305492.3,32.0,67.0,6,37,9,2025,1,0,0
2025-09-15,264704.56,35.0,85.0,0,38,9,2025,0,0,0
2025-09-16,294840.12,53.0,91.0,1,38,9,2025,0,0,0
2025-09-17,650780.75,84.0,195.0,2,38,9,2025,0,0,0
2025-09-18,1018916.44,106.0,322.0,3,38,9,2025,0,0,0
2025-09-19,1241775.1,144.0,420.0,4,38,9,2025,0,0,0
2025-09-20,1275939.5,170.0,438.0,5,38,9,2025,1,0,0
2025-10-27,1874365.5,226.0,577.0,0,44,10,2025,0,0,0
2025-10-28,2041018.1,247.0,635.0,1,44,10,2025,0,0,0
2025-10-29,959092.6,116.0,283.0,2,44,10,2025,0,0,0
2025-10-30,2056992.2,292.0,694.0,3,44,10,2025,0,0,0
2025-10-31,2203996.5,235.0,747.0,4,44,10,2025,0,0,0
2025-11-01,2079887.9,293.0,696.0,5,44,11,2025,1,0,0
2025-11-02,2233454.8,214.0,723.0,6,44,11,2025,1,0,0
2025-11-03,2261513.2,186.0,725.0,0,45,11,2025,0,0,0
2025-11-04,2149871.2,192.0,707.0,1,45,11,2025,0,0,0
2025-11-05,2050538.5,210.0,683.0,2,45,11,2025,0,0,0
2025-11-06,2006154.0,212.0,665.0,3,45,11,2025,0,0,0
2025-11-07,1976475.9,215.0,645.0,4,45,11,2025,0,0,0
2025-11-08,1876198.1,216.0,595.0,5,45,11,2025,1,0,0
2025-11-09,1388663.4,190.0,415.0,6,45,11,2025,1,0,0
2025-11-10,658751.0,129.0,180.0,0,46,11,2025,0,0,0
2025-11-11,1267583.4,150.0,366.0,1,46,11,2025,0,0,0
2025-11-12,2660496.8,266.0,803.0,2,46,11,2025,0,0,0
2025-11-13,1481896.4,86.0,410.0,3,46,11,2025,0,0,0
2025-11-14,2068268.2,284.0,666.0,4,46,11,2025,0,0,0
2025-11-15,2251236.2,226.0,743.0,5,46,11,2025,1,0,0
2025-11-16,2151806.0,273.0,700.0,6,46,11,2025,1,0,0
2025-11-17,2266132.5,212.0,712.0,0,47,11,2025,0,0,0
2025-11-18,2241336.8,181.0,717.0,1,47,11,2025,0,0,0
2025-11-19,2119461.2,191.0,694.0,2,47,11,2025,0,0,0
2026-02-24,1559105.9,184.0,483.0,1,9,2,2026,0,0,0
2026-02-25,1914536.4,227.0,607.0,2,9,2,2026,0,0,0
2026-02-26,999963.9,135.0,311.0,3,9,2,2026,0,0,0
2026-02-27,2243132.0,300.0,726.0,4,9,2,2026,0,0,0
2026-02-28,2358563.0,235.0,757.0,5,9,2,2026,1,0,0
2026-03-01,2172347.0,286.0,686.0,6,9,3,2026,1,0,1
2026-03-02,2271292.8,214.0,710.0,0,10,3,2026,0,0,1
2026-03-03,2266685.2,192.0,706.0,1,10,3,2026,0,0,1
2026-03-04,2154131.8,196.0,694.0,2,10,3,2026,0,0,1
2026-03-05,2058117.2,213.0,673.0,3,10,3,2026,0,0,1
2026-03-06,2010564.0,214.0,655.0,4,10,3,2026,0,0,1
2026-03-07,1916854.2,211.0,611.0,5,10,3,2026,1,0,1
2026-03-08,1495500.1,193.0,451.0,6,10,3,2026,1,0,1
2026-03-09,709584.75,143.0,197.0,0,11,3,2026,0,0,1
2026-03-10,938341.56,94.0,252.0,1,11,3,2026,0,0,1
2026-03-11,2623483.8,315.0,773.0,2,11,3,2026,0,0,1
2026-03-12,2406688.5,207.0,661.0,3,11,3,2026,0,0,1
2026-03-13,1315752.2,133.0,378.0,4,11,3,2026,0,0,1
2026-03-14,333907.03,51.0,99.0,5,11,3,2026,1,0,1
2026-03-15,467397.28,60.0,133.0,6,11,3,2026,1,0,1
2026-03-16,769487.75,100.0,226.0,0,12,3,2026,0,0,1
2026-03-17,1117686.9,124.0,356.0,1,12,3,2026,0,0,1
2026-03-18,1370615.4,156.0,472.0,2,12,3,2026,0,0,1
2026-03-19,1457498.4,196.0,515.0,3,12,3,2026,0,0,1
2025-11-03,1338204.6,160.0,416.0,0,45,11,2025,0,0,0
2025-11-04,205061.27,30.0,64.0,1,45,11,2025,0,0,0
2025-11-05,2392838.0,288.0,678.0,2,45,11,2025,0,0,0
2025-11-06,2626136.2,338.0,735.0,3,45,11,2025,0,0,0
2025-11-07,2712823.5,305.0,700.0,4,45,11,2025,0,0,0
2025-11-08,2470776.2,308.0,631.0,5,45,11,2025,1,0,0
2025-11-09,2501424.5,243.0,664.0,6,45,11,2025,1,0,0
2025-11-10,2333160.8,238.0,656.0,0,46,11,2025,0,0,0
2025-11-11,2157408.8,242.0,636.0,1,46,11,2025,0,0,0
2025-11-12,2026634.8,244.0,610.0,2,46,11,2025,0,0,0
2025-11-13,1915752.6,241.0,572.0,3,46,11,2025,0,0,0
2025-11-14,1645711.4,217.0,476.0,4,46,11,2025,0,0,0
2025-11-15,952633.6,186.0,259.0,5,46,11,2025,1,0,0
2025-11-16,683789.8,101.0,177.0,6,46,11,2025,1,0,0
2025-11-17,2213609.5,340.0,637.0,0,47,11,2025,0,0,0
2025-11-18,2762632.0,244.0,804.0,1,47,11,2025,0,0,0
2025-11-19,702929.94,73.0,209.0,2,47,11,2025,0,0,0
2025-11-20,1739492.6,213.0,599.0,3,47,11,2025,0,0,0
2025-11-21,2095854.0,139.0,681.0,4,47,11,2025,0,0,0
2025-11-22,1788969.6,228.0,602.0,5,47,11,2025,1,0,0
2025-11-23,1868363.8,162.0,613.0,6,47,11,2025,1,0,0
2025-11-24,1821867.8,156.0,609.0,0,48,11,2025,0,0,0
2025-11-25,1689212.9,163.0,576.0,1,48,11,2025,0,0,0
2025-11-26,1252770.2,126.0,443.0,2,48,11,2025,0,0,0
2025-10-07,1947197.2,235.0,599.0,1,41,10,2025,0,0,0
2025-10-08,2141856.2,259.0,670.0,2,41,10,2025,0,0,0
2025-10-09,1338453.8,155.0,415.0,3,41,10,2025,0,0,0
2025-10-10,1764316.9,236.0,577.0,4,41,10,2025,0,0,0
2025-10-11,1655666.6,223.0,504.0,5,41,10,2025,1,0,0
2025-10-12,1377875.8,192.0,395.0,6,41,10,2025,1,0,0
2025-10-13,1262820.5,167.0,355.0,0,42,10,2025,0,0,0
2025-10-14,1343178.6,147.0,378.0,1,42,10,2025,0,0,0
2025-10-15,1391806.4,173.0,395.0,2,42,10,2025,0,0,0
2025-10-16,1442886.1,196.0,422.0,3,42,10,2025,0,0,0
2025-10-17,1561704.8,187.0,470.0,4,42,10,2025,0,0,0
2025-10-18,1564575.0,201.0,477.0,5,42,10,2025,1,0,0
2025-10-19,1547181.2,210.0,476.0,6,42,10,2025,1,0,0
2025-10-20,1472749.5,196.0,449.0,0,43,10,2025,0,0,0
2025-10-21,870125.1,119.0,268.0,1,43,10,2025,0,0,0
2025-10-22,424103.44,55.0,133.0,2,43,10,2025,0,0,0
2025-10-23,2368594.2,313.0,676.0,3,43,10,2025,0,0,0
2025-10-24,2709869.0,323.0,790.0,4,43,10,2025,0,0,0
2025-10-25,822470.5,89.0,231.0,5,43,10,2025,1,0,0
2025-10-26,2201801.2,225.0,680.0,6,43,10,2025,1,0,0
2025-10-27,2322677.8,243.0,695.0,0,44,10,2025,0,0,0
2025-10-28,2217343.0,257.0,650.0,1,44,10,2025,0,0,0
2025-10-29,2195358.0,218.0,649.0,2,44,10,2025,0,0,0
2025-10-30,2185337.0,195.0,662.0,3,44,10,2025,0,0,0
2025-05-06,1357631.4,162.0,422.0,1,19,5,2025,0,0,0
2025-05-07,1682335.2,192.0,533.0,2,19,5,2025,0,0,0
2025-05-08,1406061.5,176.0,439.0,3,19,5,2025,0,0,0
2025-05-09,850295.3,132.0,267.0,4,19,5,2025,0,0,0
2025-05-10,595649.75,70.0,182.0,5,19,5,2025,1,0,0
2025-05-11,577840.0,64.0,167.0,6,19,5,2025,1,0,0
2025-05-12,700090.2,114.0,200.0,0,20,5,2025,0,0,0
2025-05-13,962832.56,121.0,286.0,1,20,5,2025,0,0,0
2025-05-14,1202493.9,136.0,381.0,2,20,5,2025,0,0,0
2025-05-15,1319195.1,173.0,433.0,3,20,5,2025,0,0,0
2025-05-16,1418037.6,207.0,469.0,4,20,5,2025,0,0,0
2025-05-17,1488995.8,217.0,488.0,5,20,5,2025,1,0,0
2025-05-18,1512451.5,221.0,490.0,6,20,5,2025,1,0,0
2025-05-19,1481870.2,217.0,473.0,0,21,5,2025,0,0,0
2025-05-20,1302489.4,184.0,400.0,1,21,5,2025,0,0,0
2025-05-21,708522.94,107.0,227.0,2,21,5,2025,0,0,0
2025-05-22,438672.78,44.0,142.0,3,21,5,2025,0,0,0
2025-05-23,2455234.5,330.0,690.0,4,21,5,2025,0,0,0
2025-05-24,2822025.2,321.0,810.0,5,21,5,2025,1,0,0
2025-05-25,610737.94,73.0,163.0,6,21,5,2025,1,0,0
2025-05-26,2078656.6,197.0,642.0,0,22,5,2025,0,0,0
2025-05-27,2184188.2,256.0,634.0,1,22,5,2025,0,0,0
2025-05-28,2204293.2,248.0,614.0,2,22,5,2025,0,0,0
2025-05-29,2129121.2,236.0,602.0,3,22,5,2025,0,0,0
2026-03-06,1352421.1,162.0,421.0,4,10,3,2026,0,0,1
2026-03-07,850845.2,107.0,277.0,5,10,3,2026,1,0,1
2026-03-08,2283733.0,286.0,689.0,6,10,3,2026,1,0,1
2026-03-09,2508158.5,206.0,751.0,0,11,3,2026,0,0,1
2026-03-10,2323651.8,206.0,686.0,1,11,3,2026,0,0,1
2026-03-11,2071819.6,210.0,620.0,2,11,3,2026,0,0,1
2026-03-12,1960881.6,181.0,603.0,3,11,3,2026,0,0,1
2026-03-13,1861056.4,173.0,580.0,4,11,3,2026,0,0,1
2026-03-14,1634205.6,172.0,503.0,5,11,3,2026,1,0,1
2026-03-15,726771.56,106.0,230.0,6,11,3,2026,1,0,1
2026-03-16,887101.44,74.0,272.0,0,12,3,2026,0,0,1
2026-03-17,2565890.8,304.0,781.0,1,12,3,2026,0,0,1
2026-03-18,2204239.5,159.0,600.0,2,12,3,2026,0,0,1
2026-03-19,1884948.0,260.0,539.0,3,12,3,2026,0,0,1
2026-03-20,1578098.0,194.0,400.0,4,12,3,2026,0,0,1
2026-03-21,1341912.8,165.0,359.0,5,12,3,2026,1,0,1
2026-03-22,1452755.9,173.0,402.0,6,12,3,2026,1,0,1
2026-03-23,1659977.9,173.0,472.0,0,13,3,2026,0,0,1
2026-03-24,1700554.6,220.0,495.0,1,13,3,2026,0,0,1
2026-03-25,1781980.5,227.0,530.0,2,13,3,2026,0,0,1
2026-03-26,1812390.8,223.0,540.0,3,13,3,2026,0,0,1
2026-03-27,1691599.9,235.0,501.0,4,13,3,2026,0,0,1
2026-03-28,1459277.4,181.0,425.0,5,13,3,2026,1,0,1
2026-03-29,600500.94,98.0,186.0,6,13,3,2026,1,0,1
2026-04-27,1360612.9,162.0,423.0,0,18,4,2026,0,0,0
2026-04-28,715858.06,89.0,239.0,1,18,4,2026,0,0,0
2026-04-29,2265900.0,286.0,675.0,2,18,4,2026,0,0,0
2026-04-30,2532997.8,213.0,748.0,3,18,4,2026,0,0,0
2026-05-01,2337268.5,229.0,668.0,4,18,5,2026,0,0,0
2026-05-02,2137903.2,216.0,625.0,5,18,5,2026,1,0,0
2026-05-03,2038503.4,193.0,613.0,6,18,5,2026,1,0,0
2026-05-04,1932619.1,187.0,595.0,0,19,5,2026,0,0,0
2026-05-05,1810804.2,203.0,554.0,1,19,5,2026,0,0,0
2026-05-06,1689974.6,211.0,503.0,2,19,5,2026,0,0,0
2026-05-07,1438607.2,186.0,412.0,3,19,5,2026,0,0,0
2026-05-08,623808.8,107.0,187.0,4,19,5,2026,0,0,0
2026-05-09,1459956.6,166.0,470.0,5,19,5,2026,1,0,0
2026-05-10,2586722.8,250.0,821.0,6,19,5,2026,1,0,0
2026-05-11,1387821.8,95.0,425.0,0,20,5,2026,0,0,0
2026-05-12,2019256.6,282.0,667.0,1,20,5,2026,0,0,0
2026-05-13,2296896.2,209.0,758.0,2,20,5,2026,0,0,0
2026-05-14,2144878.2,271.0,701.0,3,20,5,2026,0,0,0
2026-05-15,2244089.5,215.0,708.0,4,20,5,2026,0,0,0
2026-05-16,2232927.5,179.0,718.0,5,20,5,2026,1,0,0
2026-05-17,2120429.8,187.0,698.0,6,20,5,2026,1,0,0
2026-05-18,2003062.0,207.0,669.0,0,21,5,2026,0,0,0
2026-05-19,1930435.5,212.0,640.0,1,21,5,2026,0,0,0
2026-05-20,1814461.2,210.0,580.0,2,21,5,2026,0,0,0
2025-03-13,1364797.1,163.0,424.0,3,11,3,2025,0,0,1
2025-03-14,1535568.0,174.0,482.0,4,11,3,2025,0,0,1
2025-03-15,1806366.8,210.0,577.0,5,11,3,2025,1,0,1
2025-03-16,1006628.44,138.0,321.0,6,11,3,2025,1,0,1
2025-03-17,552861.56,70.0,180.0,0,12,3,2025,0,0,1
2025-03-18,618943.75,55.0,189.0,1,12,3,2025,0,0,1
2025-03-19,707762.4,101.0,214.0,2,12,3,2025,0,0,1
2025-03-20,936574.94,106.0,291.0,3,12,3,2025,0,0,1
2025-03-21,1128797.4,129.0,367.0,4,12,3,2025,0,0,1
2025-03-22,1255393.8,159.0,416.0,5,12,3,2025,1,0,1
2025-03-23,1325105.5,194.0,438.0,6,12,3,2025,1,0,1
2025-03-24,1384077.4,204.0,454.0,0,13,3,2025,0,0,1
2025-03-25,1324813.5,193.0,423.0,1,13,3,2025,0,0,1
2025-03-26,681296.1,94.0,221.0,2,13,3,2025,0,0,1
2025-03-27,549539.1,59.0,178.0,3,13,3,2025,0,0,1
2025-03-28,2581835.2,327.0,729.0,4,13,3,2025,0,0,1
2025-03-29,2155667.0,160.0,532.0,5,13,3,2025,1,0,1
2025-03-30,2084307.6,266.0,546.0,6,13,3,2025,1,0,1
2025-03-31,2062130.0,250.0,493.0,0,14,3,2025,0,0,1
2025-04-01,2029166.6,197.0,486.0,1,14,4,2025,0,0,0
2025-04-02,1857343.8,228.0,462.0,2,14,4,2025,0,0,0
2025-04-03,1881568.0,208.0,490.0,3,14,4,2025,0,0,0
2025-04-04,1833944.5,221.0,489.0,4,14,4,2025,0,0,0
2025-04-05,1599922.8,200.0,425.0,5,14,4,2025,1,0,0
2025-10-27,1374575.9,164.0,427.0,0,44,10,2025,0,0,0
2025-10-28,1770520.5,205.0,563.0,1,44,10,2025,0,0,0
2025-10-29,1183647.8,163.0,379.0,2,44,10,2025,0,0,0
2025-10-30,1087588.2,138.0,344.0,3,44,10,2025,0,0,0
2025-10-31,855490.75,121.0,257.0,4,44,10,2025,0,0,0
2025-11-01,858232.9,110.0,249.0,5,44,11,2025,1,0,0
2025-11-02,1039854.9,135.0,296.0,6,44,11,2025,1,0,0
2025-11-03,1224952.0,182.0,360.0,0,45,11,2025,0,0,0
2025-11-04,1463627.2,182.0,454.0,1,45,11,2025,0,0,0
2025-11-05,1592250.2,187.0,510.0,2,45,11,2025,0,0,0
2025-11-06,1614702.6,214.0,525.0,3,45,11,2025,0,0,0
2025-11-07,1598639.1,215.0,517.0,4,45,11,2025,0,0,0
2025-11-08,1310296.9,163.0,418.0,5,45,11,2025,1,0,0
2025-11-09,614580.44,87.0,207.0,6,45,11,2025,1,0,0
2025-11-10,459495.12,39.0,154.0,0,46,11,2025,0,0,0
2025-11-11,2410720.5,322.0,689.0,1,46,11,2025,0,0,0
2025-11-12,2768355.5,324.0,794.0,2,46,11,2025,0,0,0
2025-11-13,262640.16,31.0,63.0,3,46,11,2025,0,0,0
2025-11-14,1602890.6,191.0,496.0,4,46,11,2025,0,0,0
2025-11-15,1748265.9,232.0,514.0,5,46,11,2025,1,0,0
2025-11-16,1844446.1,254.0,526.0,6,46,11,2025,1,0,0
2025-11-17,1816546.2,250.0,525.0,0,47,11,2025,0,0,0
2025-11-18,1774756.5,256.0,522.0,1,47,11,2025,0,0,0
2025-11-19,1741187.0,266.0,512.0,2,47,11,2025,0,0,0
2026-02-11,1340230.9,160.0,417.0,2,7,2,2026,0,0,0
2026-02-12,209717.52,30.0,66.0,3,7,2,2026,0,0,0
2026-02-13,2383100.8,287.0,676.0,4,7,2,2026,0,0,0
2026-02-14,2627644.8,336.0,734.0,5,7,2,2026,1,0,0
2026-02-15,2709673.5,306.0,699.0,6,7,2,2026,1,0,0
2026-02-16,2471595.0,308.0,631.0,0,8,2,2026,0,0,0
2026-02-17,2500900.5,244.0,664.0,1,8,2,2026,0,0,0
2026-02-18,2328012.2,237.0,654.0,2,8,2,2026,0,0,0
2026-02-19,2138484.2,241.0,629.0,3,8,2,2026,0,0,0
2026-02-20,2003271.8,246.0,599.0,4,8,2,2026,0,0,0
2026-02-21,1876708.1,238.0,555.0,5,8,2,2026,1,0,0
2026-02-22,1376887.6,198.0,394.0,6,8,2,2026,1,0,0
2026-02-23,695655.2,139.0,187.0,0,9,2,2026,0,0,0
2026-02-24,1272194.9,155.0,357.0,1,9,2,2026,0,0,0
2026-02-25,2673529.8,279.0,798.0,2,9,2,2026,0,0,0
2026-02-26,1477648.9,88.0,399.0,3,9,2,2026,0,0,0
2026-02-27,2048280.5,286.0,653.0,4,9,2,2026,0,0,0
2026-02-28,2232143.5,229.0,731.0,5,9,2,2026,1,0,0
2026-03-01,2136379.5,266.0,689.0,6,9,3,2026,1,0,1
2026-03-02,2221667.8,212.0,686.0,0,10,3,2026,0,0,1
2026-03-03,2160826.5,178.0,681.0,1,10,3,2026,0,0,1
2026-03-04,2027809.0,189.0,649.0,2,10,3,2026,0,0,1
2026-03-05,1913863.0,209.0,611.0,3,10,3,2026,0,0,1
2026-03-06,1790973.8,210.0,555.0,4,10,3,2026,0,0,1
2025-06-12,1377258.6,164.0,428.0,3,24,6,2025,0,0,0
2025-06-13,1068906.8,138.0,329.0,4,24,6,2025,0,0,0
2025-06-14,2118013.5,254.0,641.0,5,24,6,2025,1,0,0
2025-06-15,1987739.4,232.0,597.0,6,24,6,2025,1,0,0
2025-06-16,1854509.1,163.0,542.0,0,25,6,2025,0,0,0
2025-06-17,1547549.1,193.0,453.0,1,25,6,2025,0,0,0
2025-06-18,1566706.9,161.0,474.0,2,25,6,2025,0,0,0
2025-06-19,1603622.2,174.0,485.0,3,25,6,2025,0,0,0
2025-06-20,1571450.1,216.0,480.0,4,25,6,2025,0,0,0
2025-06-21,1648299.0,202.0,508.0,5,25,6,2025,1,0,0
2025-06-22,1608444.8,207.0,496.0,6,25,6,2025,1,0,0
2025-06-23,1437492.2,195.0,438.0,0,26,6,2025,0,0,0
2025-06-24,777722.56,103.0,245.0,1,26,6,2025,0,0,0
2025-06-25,465180.88,49.0,150.0,2,26,6,2025,0,0,0
2025-06-26,2502854.8,318.0,718.0,3,26,6,2025,0,0,0
2025-06-27,2895307.8,310.0,825.0,4,26,6,2025,0,0,0
2025-06-28,207571.12,25.0,48.0,5,26,6,2025,1,0,0
2025-06-29,1254385.0,168.0,409.0,6,26,6,2025,1,0,0
2025-06-30,1449868.1,186.0,435.0,0,27,6,2025,0,0,0
2025-07-01,1442175.1,231.0,446.0,1,27,7,2025,0,1,0
2025-07-02,1458176.4,224.0,469.0,2,27,7,2025,0,1,0
2025-07-03,1373802.1,214.0,444.0,3,27,7,2025,0,1,0
2025-07-04,1133806.9,169.0,356.0,4,27,7,2025,0,1,0
2025-07-05,531395.1,70.0,178.0,5,27,7,2025,1,1,0
2025-03-12,1394391.8,166.0,433.0,2,11,3,2025,0,0,1
2025-03-13,1757715.6,203.0,558.0,3,11,3,2025,0,0,1
2025-03-14,1241518.0,167.0,397.0,4,11,3,2025,0,0,1
2025-03-15,1468860.8,196.0,482.0,5,11,3,2025,1,0,1
2025-03-16,1243592.0,155.0,392.0,6,11,3,2025,1,0,1
2025-03-17,1077068.1,141.0,340.0,0,12,3,2025,0,0,1
2025-03-18,1205385.1,137.0,373.0,1,12,3,2025,0,0,1
2025-03-19,1328962.0,180.0,409.0,2,12,3,2025,0,0,1
2025-03-20,1451536.6,212.0,457.0,3,12,3,2025,0,0,1
2025-03-21,1623361.0,195.0,518.0,4,12,3,2025,0,0,1
2025-03-22,1659029.0,211.0,531.0,5,12,3,2025,1,0,1
2025-03-23,1679160.0,223.0,536.0,6,12,3,2025,1,0,1
2025-03-24,1680606.8,216.0,529.0,0,13,3,2025,0,0,1
2025-03-25,1588761.0,214.0,493.0,1,13,3,2025,0,0,1
2025-03-26,1213680.2,154.0,374.0,2,13,3,2025,0,0,1
2025-03-27,580226.7,84.0,185.0,3,13,3,2025,0,0,1
2025-03-28,787821.75,57.0,241.0,4,13,3,2025,0,0,1
2025-03-29,2708931.2,314.0,762.0,5,13,3,2025,1,0,1
2025-03-30,2305038.2,186.0,588.0,6,13,3,2025,1,0,1
2025-03-31,1708650.9,218.0,480.0,0,14,3,2025,0,0,1
2025-04-01,1185659.8,143.0,308.0,1,14,4,2025,0,0,0
2025-04-02,998069.25,155.0,284.0,2,14,4,2025,0,0,0
2025-04-03,1237518.8,158.0,360.0,3,14,4,2025,0,0,0
2025-04-04,1467050.1,179.0,433.0,4,14,4,2025,0,0,0
2025-10-30,1358337.8,162.0,422.0,3,44,10,2025,0,0,0
2025-10-31,1560441.6,176.0,490.0,4,44,10,2025,0,0,0
2025-11-01,1753782.8,207.0,558.0,5,44,11,2025,1,0,0
2025-11-02,928228.2,125.0,298.0,6,44,11,2025,1,0,0
2025-11-03,469723.56,59.0,156.0,0,45,11,2025,0,0,0
2025-11-04,532077.8,46.0,168.0,1,45,11,2025,0,0,0
2025-11-05,612372.0,86.0,188.0,2,45,11,2025,0,0,0
2025-11-06,857246.0,89.0,265.0,3,45,11,2025,0,0,0
2025-11-07,1049677.0,123.0,337.0,4,45,11,2025,0,0,0
2025-11-08,1196439.0,145.0,394.0,5,45,11,2025,1,0,0
2025-11-09,1267296.2,181.0,416.0,6,45,11,2025,1,0,0
2025-11-10,1303830.6,194.0,424.0,0,46,11,2025,0,0,0
2025-11-11,1155972.6,156.0,360.0,1,46,11,2025,0,0,0
2025-11-12,446238.16,58.0,143.0,2,46,11,2025,0,0,0
2025-11-13,1067957.6,83.0,334.0,3,46,11,2025,0,0,0
2025-11-14,2811236.5,275.0,810.0,4,46,11,2025,0,0,0
2025-11-15,1854892.1,112.0,518.0,5,46,11,2025,1,0,0
2025-11-16,2106004.2,299.0,633.0,6,46,11,2025,1,0,0
2025-11-17,2393940.5,241.0,720.0,0,47,11,2025,0,0,0
2025-11-18,2257564.0,264.0,677.0,1,47,11,2025,0,0,0
2025-11-19,2312068.5,212.0,685.0,2,47,11,2025,0,0,0
2025-11-20,2203238.5,193.0,680.0,3,47,11,2025,0,0,0
2025-11-21,2088509.9,199.0,664.0,4,47,11,2025,0,0,0
2025-11-22,1994366.6,217.0,643.0,5,47,11,2025,1,0,0
2025-05-07,1344662.4,161.0,418.0,2,19,5,2025,0,0,0
2025-05-08,1154450.1,145.0,353.0,3,19,5,2025,0,0,0
2025-05-09,2161224.5,255.0,653.0,4,19,5,2025,0,0,0
2025-05-10,1977807.1,244.0,601.0,5,19,5,2025,1,0,0
2025-05-11,1929388.9,172.0,560.0,6,19,5,2025,1,0,0
2025-05-12,1642424.1,202.0,475.0,0,20,5,2025,0,0,0
2025-05-13,1651334.0,173.0,492.0,1,20,5,2025,0,0,0
2025-05-14,1656634.1,181.0,494.0,2,20,5,2025,0,0,0
2025-05-15,1534886.8,204.0,459.0,3,20,5,2025,0,0,0
2025-05-16,1189482.6,131.0,358.0,4,20,5,2025,0,0,0
2025-05-17,442560.6,52.0,142.0,5,20,5,2025,1,0,0
2025-05-18,2539985.8,278.0,745.0,6,20,5,2025,1,0,0
2025-05-19,3009303.0,303.0,856.0,0,21,5,2025,0,0,0
2025-05-20,236645.44,25.0,58.0,1,21,5,2025,0,0,0
2025-05-21,1578287.5,209.0,502.0,2,21,5,2025,0,0,0
2025-05-22,1756602.8,219.0,521.0,3,21,5,2025,0,0,0
2025-05-23,1792798.9,240.0,523.0,4,21,5,2025,0,0,0
2025-05-24,1755133.8,238.0,522.0,5,21,5,2025,1,0,0
2025-05-25,1743693.1,246.0,530.0,6,21,5,2025,1,0,0
2025-05-26,1745469.9,259.0,529.0,0,22,5,2025,0,0,0
2025-05-27,1772402.1,264.0,529.0,1,22,5,2025,0,0,0
2025-05-28,1692305.2,254.0,488.0,2,22,5,2025,0,0,0
2025-05-29,1262204.6,189.0,362.0,3,22,5,2025,0,0,0
2025-05-30,654562.2,115.0,190.0,4,22,5,2025,0,0,0
2025-10-10,1339272.0,160.0,417.0,4,41,10,2025,0,0,0
2025-10-11,794648.8,98.0,261.0,5,41,10,2025,1,0,0
2025-10-12,2275351.0,288.0,682.0,6,41,10,2025,1,0,0
2025-10-13,2524627.5,207.0,752.0,0,42,10,2025,0,0,0
2025-10-14,2340530.2,216.0,684.0,1,42,10,2025,0,0,0
2025-10-15,2125539.2,213.0,635.0,2,42,10,2025,0,0,0
2025-10-16,2028606.4,185.0,625.0,3,42,10,2025,0,0,0
2025-10-17,1923217.9,180.0,605.0,4,42,10,2025,0,0,0
2025-10-18,1777007.1,194.0,554.0,5,42,10,2025,1,0,0
2025-10-19,1576088.2,195.0,473.0,6,42,10,2025,1,0,0
2025-10-20,913105.44,136.0,278.0,0,43,10,2025,0,0,0
2025-10-21,482886.62,66.0,145.0,1,43,10,2025,0,0,0
2025-10-22,2113481.5,283.0,630.0,2,43,10,2025,0,0,0
2025-10-23,2578375.2,313.0,782.0,3,43,10,2025,0,0,0
2025-10-24,1552552.0,171.0,484.0,4,43,10,2025,0,0,0
2025-10-25,2082202.9,275.0,677.0,5,43,10,2025,1,0,0
2025-10-26,2322040.8,224.0,710.0,6,43,10,2025,1,0,0
2025-10-27,2221688.0,245.0,675.0,0,44,10,2025,0,0,0
2025-10-28,2186123.5,218.0,657.0,1,44,10,2025,0,0,0
2025-10-29,2145532.0,188.0,664.0,2,44,10,2025,0,0,0
2025-10-30,2053242.2,192.0,656.0,3,44,10,2025,0,0,0
2025-10-31,1973672.8,214.0,637.0,4,44,10,2025,0,0,0
2025-11-01,1940106.4,226.0,624.0,5,44,11,2025,1,0,0
2025-11-02,1941092.0,227.0,615.0,6,44,11,2025,1,0,0
2026-03-12,1616734.5,191.0,501.0,3,11,3,2026,0,0,1
2026-03-13,1934936.4,230.0,612.0,4,11,3,2026,0,0,1
2026-03-14,906557.3,120.0,275.0,5,11,3,2026,1,0,1
2026-03-15,2164685.0,291.0,712.0,6,11,3,2026,1,0,1
2026-03-16,2246376.0,242.0,734.0,0,12,3,2026,0,0,1
2026-03-17,2117715.8,283.0,677.0,1,12,3,2026,0,0,1
2026-03-18,2214540.2,215.0,692.0,2,12,3,2026,0,0,1
2026-03-19,2235969.0,190.0,697.0,3,12,3,2026,0,0,1
2026-03-20,2144249.5,194.0,691.0,4,12,3,2026,0,0,1
2026-03-21,2052996.4,212.0,672.0,5,12,3,2026,1,0,1
2026-03-22,2003657.5,214.0,655.0,6,12,3,2026,1,0,1
2026-03-23,1926644.1,213.0,616.0,0,13,3,2026,0,0,1
2026-03-24,1712706.0,211.0,517.0,1,13,3,2026,0,0,1
2026-03-25,1046271.9,188.0,291.0,2,13,3,2026,0,0,1
2026-03-26,670522.4,106.0,174.0,3,13,3,2026,0,0,1
2026-03-27,2261477.2,345.0,652.0,4,13,3,2026,0,0,1
2026-03-28,2855978.8,246.0,829.0,5,13,3,2026,1,0,1
2026-03-29,919915.94,96.0,284.0,6,13,3,2026,1,0,1
2026-03-30,1981049.8,216.0,674.0,0,14,3,2026,0,0,1
2026-03-31,2249673.5,174.0,719.0,1,14,3,2026,0,0,1
2026-04-01,1975737.6,249.0,644.0,2,14,4,2026,0,0,0
2026-04-02,2039523.2,192.0,641.0,3,14,4,2026,0,0,0
2026-04-03,2045202.1,158.0,654.0,4,14,4,2026,0,0,0
2026-04-04,1954567.9,167.0,641.0,5,14,4,2026,1,0,0
2025-06-17,1467382.1,174.0,456.0,1,25,6,2025,0,0,0
2025-06-18,1830018.2,214.0,581.0,2,25,6,2025,0,0,0
2025-06-19,965359.7,135.0,302.0,3,25,6,2025,0,0,0
2025-06-20,1638416.8,183.0,542.0,4,25,6,2025,0,0,0
2025-06-21,1611876.4,187.0,501.0,5,25,6,2025,1,0,0
2025-06-22,1333621.1,220.0,417.0,6,25,6,2025,1,0,0
2025-06-23,1573784.8,162.0,496.0,0,26,6,2025,0,0,0
2025-06-24,1648348.1,181.0,525.0,1,26,6,2025,0,0,0
2025-06-25,1687824.8,219.0,544.0,2,26,6,2025,0,0,0
2025-06-26,1822253.5,206.0,584.0,3,26,6,2025,0,0,0
2025-06-27,1783527.4,234.0,565.0,4,26,6,2025,0,0,0
2025-06-28,1792541.5,229.0,556.0,5,26,6,2025,1,0,0
2025-06-29,1708369.9,211.0,517.0,6,26,6,2025,1,0,0
2025-06-30,1078267.4,156.0,332.0,0,27,6,2025,0,0,0
2025-07-01,533924.75,79.0,162.0,1,27,7,2025,0,1,0
2025-07-02,2197566.8,306.0,665.0,2,27,7,2025,0,1,0
2025-07-03,2777249.2,286.0,834.0,3,27,7,2025,0,1,0
2025-07-04,1313031.5,133.0,420.0,4,27,7,2025,0,1,0
2025-07-05,2112832.2,232.0,712.0,5,27,7,2025,1,1,0
2025-07-06,2383393.0,201.0,739.0,6,27,7,2025,1,1,0
2025-07-07,2128786.8,254.0,660.0,0,28,7,2025,0,1,0
2025-07-08,2096188.9,185.0,640.0,1,28,7,2025,0,1,0
2025-07-09,1820643.0,156.0,558.0,2,28,7,2025,0,1,0
2025-07-10,945794.7,110.0,302.0,3,28,7,2025,0,1,0
2026-03-03,1654407.6,196.0,512.0,1,10,3,2026,0,0,1
2026-03-04,1949231.2,232.0,615.0,2,10,3,2026,0,0,1
2026-03-05,782180.0,101.0,230.0,3,10,3,2026,0,0,1
2026-03-06,2174073.0,284.0,710.0,4,10,3,2026,0,0,1
2026-03-07,2233879.0,249.0,737.0,5,10,3,2026,1,0,1
2026-03-08,2094324.1,296.0,675.0,6,10,3,2026,1,0,1
2026-03-09,2213655.5,224.0,696.0,0,11,3,2026,0,0,1
2026-03-10,2262005.8,193.0,706.0,1,11,3,2026,0,0,1
2026-03-11,2166843.2,194.0,699.0,2,11,3,2026,0,0,1
2026-03-12,2057089.5,212.0,674.0,3,11,3,2026,0,0,1
2026-03-13,1952439.9,208.0,635.0,4,11,3,2026,0,0,1
2026-03-14,1595225.1,192.0,491.0,5,11,3,2026,1,0,1
2026-03-15,858675.2,166.0,239.0,6,11,3,2026,1,0,1
2026-03-16,759063.9,91.0,202.0,0,12,3,2026,0,0,1
2026-03-17,2471283.5,330.0,725.0,1,12,3,2026,0,0,1
2026-03-18,2932398.0,237.0,850.0,2,12,3,2026,0,0,1
2026-03-19,322232.34,33.0,89.0,3,12,3,2026,0,0,1
2026-03-20,1558059.9,215.0,521.0,4,12,3,2026,0,0,1
2026-03-21,1859791.9,180.0,569.0,5,12,3,2026,1,0,1
2026-03-22,1778337.8,208.0,560.0,6,12,3,2026,1,0,1
2026-03-23,1754868.2,203.0,564.0,0,13,3,2026,0,0,1
2026-03-24,1717863.2,215.0,563.0,1,13,3,2026,0,0,1
2026-03-25,1689101.0,227.0,552.0,2,13,3,2026,0,0,1
2026-03-26,1640030.0,228.0,526.0,3,13,3,2026,0,0,1
2025-06-16,1474367.5,175.0,458.0,0,25,6,2025,0,0,0
2025-06-17,1843076.0,216.0,586.0,1,25,6,2025,0,0,0
2025-06-18,971923.3,136.0,304.0,2,25,6,2025,0,0,0
2025-06-19,1950649.8,220.0,654.0,3,25,6,2025,0,0,0
2025-06-20,1875014.4,248.0,608.0,4,25,6,2025,0,0,0
2025-06-21,1857362.9,216.0,578.0,5,25,6,2025,1,0,0
2025-06-22,1867199.6,209.0,547.0,6,25,6,2025,1,0,0
2025-06-23,1952016.9,180.0,582.0,0,26,6,2025,0,0,0
2025-06-24,1966864.4,189.0,595.0,1,26,6,2025,0,0,0
2025-06-25,1952890.0,212.0,592.0,2,26,6,2025,0,0,0
2025-06-26,1949469.4,221.0,590.0,3,26,6,2025,0,0,0
2025-06-27,1913950.5,225.0,572.0,4,26,6,2025,0,0,0
2025-06-28,1874622.5,220.0,547.0,5,26,6,2025,1,0,0
2025-06-29,1633874.9,197.0,464.0,6,26,6,2025,1,0,0
2025-06-30,901010.7,162.0,251.0,0,27,6,2025,0,0,0
2025-07-01,621942.1,85.0,168.0,1,27,7,2025,0,1,0
2025-07-02,1890557.6,261.0,553.0,2,27,7,2025,0,1,0
2025-07-03,2506104.8,264.0,786.0,3,27,7,2025,0,1,0
2025-07-04,1367260.6,113.0,441.0,4,27,7,2025,0,1,0
2025-07-05,2008261.9,300.0,664.0,5,27,7,2025,1,1,0
2025-07-06,2363870.8,216.0,763.0,6,27,7,2025,1,1,0
2025-07-07,2192006.5,272.0,713.0,0,28,7,2025,0,1,0
2025-07-08,2263706.5,225.0,709.0,1,28,7,2025,0,1,0
2025-07-09,2261221.2,181.0,725.0,2,28,7,2025,0,1,0
2025-06-17,1518226.4,180.0,471.0,1,25,6,2025,0,0,0
2025-06-18,1872240.0,221.0,594.0,2,25,6,2025,0,0,0
2025-06-19,894981.5,123.0,274.0,3,25,6,2025,0,0,0
2025-06-20,1772350.5,201.0,603.0,4,25,6,2025,0,0,0
2025-06-21,1727956.5,233.0,561.0,5,25,6,2025,1,0,0
2025-06-22,1645261.8,222.0,512.0,6,25,6,2025,1,0,0
2025-06-23,1784388.1,193.0,535.0,0,26,6,2025,0,0,0
2025-06-24,1868862.1,179.0,570.0,1,26,6,2025,0,0,0
2025-06-25,1898946.1,192.0,587.0,2,26,6,2025,0,0,0
2025-06-26,1913415.0,212.0,593.0,3,26,6,2025,0,0,0
2025-06-27,1897864.8,226.0,583.0,4,26,6,2025,0,0,0
2025-06-28,1855139.9,224.0,558.0,5,26,6,2025,1,0,0
2025-06-29,1741629.1,213.0,506.0,6,26,6,2025,1,0,0
2025-06-30,1213022.4,176.0,347.0,0,27,6,2025,0,0,0
2025-07-01,635958.25,107.0,176.0,1,27,7,2025,0,1,0
2025-07-02,1712635.5,245.0,513.0,2,27,7,2025,0,1,0
2025-07-03,2474326.0,267.0,786.0,3,27,7,2025,0,1,0
2025-07-04,1331957.1,108.0,433.0,4,27,7,2025,0,1,0
2025-07-05,1989767.4,299.0,665.0,5,27,7,2025,1,1,0
2025-07-06,2340488.2,208.0,765.0,6,27,7,2025,1,1,0
2025-07-07,2165630.2,269.0,713.0,0,28,7,2025,0,1,0
2025-07-08,2239433.5,225.0,707.0,1,28,7,2025,0,1,0
2025-07-09,2247869.0,177.0,725.0,2,28,7,2025,0,1,0
2025-07-10,2134244.8,183.0,703.0,3,28,7,2025,0,1,0
2025-10-28,1349202.6,161.0,420.0,1,44,10,2025,0,0,0
2025-10-29,533509.4,66.0,180.0,2,44,10,2025,0,0,0
2025-10-30,2359994.8,275.0,678.0,3,44,10,2025,0,0,0
2025-10-31,2654130.8,277.0,751.0,4,44,10,2025,0,0,0
2025-11-01,2547249.8,286.0,685.0,5,44,11,2025,1,0,0
2025-11-02,2383488.2,266.0,652.0,6,44,11,2025,1,0,0
2025-11-03,2297832.0,230.0,644.0,0,45,11,2025,0,0,0
2025-11-04,2095528.6,229.0,608.0,1,45,11,2025,0,0,0
2025-11-05,1803424.1,209.0,531.0,2,45,11,2025,0,0,0
2025-11-06,822381.4,157.0,237.0,3,45,11,2025,0,0,0
2025-11-07,1038779.5,107.0,282.0,4,45,11,2025,0,0,0
2025-11-08,2592546.0,327.0,762.0,5,45,11,2025,1,0,0
2025-11-09,2088368.2,163.0,549.0,6,45,11,2025,1,0,0
2025-11-10,2113951.8,289.0,587.0,0,46,11,2025,0,0,0
2025-11-11,2103692.8,244.0,534.0,1,46,11,2025,0,0,0
2025-11-12,2062901.1,193.0,510.0,2,46,11,2025,0,0,0
2025-11-13,1916323.2,211.0,481.0,3,46,11,2025,0,0,0
2025-11-14,1969214.9,188.0,516.0,4,46,11,2025,0,0,0
2025-11-15,1984246.9,203.0,534.0,5,46,11,2025,1,0,0
2025-11-16,1986117.1,216.0,539.0,6,46,11,2025,1,0,0
2025-11-17,1942003.4,224.0,527.0,0,47,11,2025,0,0,0
2025-11-18,1883118.9,228.0,505.0,1,47,11,2025,0,0,0
2025-11-19,1701205.4,213.0,442.0,2,47,11,2025,0,0,0
2025-11-20,899540.75,156.0,242.0,3,47,11,2025,0,0,0
2025-05-15,1346676.6,161.0,419.0,3,20,5,2025,0,0,0
2025-05-16,958549.75,124.0,301.0,4,20,5,2025,0,0,0
2025-05-17,2200377.0,269.0,665.0,5,20,5,2025,1,0,0
2025-05-18,2277716.2,225.0,679.0,6,20,5,2025,1,0,0
2025-05-19,2226867.0,158.0,649.0,0,21,5,2025,0,0,0
2025-05-20,1802099.6,220.0,521.0,1,21,5,2025,0,0,0
2025-05-21,1778012.6,176.0,533.0,2,21,5,2025,0,0,0
2025-05-22,1772243.8,173.0,536.0,3,21,5,2025,0,0,0
2025-05-23,1738228.6,192.0,528.0,4,21,5,2025,0,0,0
2025-05-24,1660911.6,192.0,505.0,5,21,5,2025,1,0,0
2025-05-25,1163030.2,139.0,360.0,6,21,5,2025,1,0,0
2025-05-26,495417.1,65.0,160.0,0,22,5,2025,0,0,0
2025-05-27,1419728.1,107.0,441.0,1,22,5,2025,0,0,0
2025-05-28,2648113.0,266.0,816.0,2,22,5,2025,0,0,0
2025-05-29,1674028.9,106.0,537.0,3,22,5,2025,0,0,0
2025-05-30,1913825.6,323.0,607.0,4,22,5,2025,0,0,0
2025-05-31,2296185.0,221.0,728.0,5,22,5,2025,1,0,0
2025-06-01,2191411.8,251.0,682.0,6,22,6,2025,1,0,0
2025-06-02,2229644.5,215.0,671.0,0,23,6,2025,0,0,0
2025-06-03,2144438.8,192.0,668.0,1,23,6,2025,0,0,0
2025-06-04,2049252.9,196.0,654.0,2,23,6,2025,0,0,0
2025-06-05,1961116.8,215.0,630.0,3,23,6,2025,0,0,0
2025-06-06,1913479.5,225.0,608.0,4,23,6,2025,0,0,0
2025-06-07,1887086.0,228.0,585.0,5,23,6,2025,1,0,0
2024-10-23,1383455.4,165.0,430.0,2,43,10,2024,0,0,0
2024-10-24,1220248.0,151.0,374.0,3,43,10,2024,0,0,0
2024-10-25,1971655.5,235.0,615.0,4,43,10,2024,0,0,0
2024-10-26,1541537.0,214.0,480.0,5,43,10,2024,1,0,0
2024-10-27,1157415.2,180.0,351.0,6,43,10,2024,1,0,0
2024-10-28,1109971.8,149.0,330.0,0,44,10,2024,0,0,0
2024-10-29,1203881.4,135.0,351.0,1,44,10,2024,0,0,0
2024-10-30,1245752.4,184.0,361.0,2,44,10,2024,0,0,0
2024-10-31,1354971.4,193.0,402.0,3,44,10,2024,0,0,0
2024-11-01,1491604.1,180.0,451.0,4,44,11,2024,0,0,0
2024-11-02,1481529.4,200.0,453.0,5,44,11,2024,1,0,0
2024-11-03,1437328.0,198.0,442.0,6,44,11,2024,1,0,0
2024-11-04,1198603.2,150.0,361.0,0,45,11,2024,0,0,0
2024-11-05,482957.38,64.0,151.0,1,45,11,2024,0,0,0
2024-11-06,1321843.2,118.0,405.0,2,45,11,2024,0,0,0
2024-11-07,2800567.8,252.0,833.0,3,45,11,2024,0,0,0
2024-11-08,1665020.5,91.0,510.0,4,45,11,2024,0,0,0
2024-11-09,2052179.0,293.0,654.0,5,45,11,2024,1,0,0
2024-11-10,2346714.8,223.0,751.0,6,45,11,2024,1,0,0
2024-11-11,2166944.0,280.0,681.0,0,46,11,2024,0,0,0
2024-11-12,2300761.0,208.0,708.0,1,46,11,2024,0,0,0
2024-11-13,2236103.5,183.0,708.0,2,46,11,2024,0,0,0
2024-11-14,2115685.5,193.0,690.0,3,46,11,2024,0,0,0
2024-11-15,2005107.4,212.0,666.0,4,46,11,2024,0,0,0
2025-05-16,1352911.9,162.0,421.0,4,20,5,2025,0,0,0
2025-05-17,482814.9,61.0,163.0,5,20,5,2025,1,0,0
2025-05-18,2330258.0,272.0,667.0,6,20,5,2025,1,0,0
2025-05-19,2631491.0,292.0,734.0,0,21,5,2025,0,0,0
2025-05-20,2567330.0,286.0,678.0,1,21,5,2025,0,0,0
2025-05-21,2386277.2,274.0,637.0,2,21,5,2025,0,0,0
2025-05-22,2318734.5,234.0,636.0,3,21,5,2025,0,0,0
2025-05-23,2124254.2,235.0,606.0,4,21,5,2025,0,0,0
2025-05-24,1941204.6,236.0,563.0,5,21,5,2025,1,0,0
2025-05-25,1740913.5,233.0,491.0,6,21,5,2025,1,0,0
2025-05-26,1326612.9,205.0,352.0,0,22,5,2025,0,0,0
2025-05-27,808118.3,150.0,201.0,1,22,5,2025,0,0,0
2025-05-28,589143.9,90.0,149.0,2,22,5,2025,0,0,0
2025-05-29,2381060.0,344.0,653.0,3,22,5,2025,0,0,0
2025-05-30,2852561.2,274.0,800.0,4,22,5,2025,0,0,0
2025-05-31,619468.1,75.0,173.0,5,22,5,2025,1,0,0
2025-06-01,2055562.4,207.0,656.0,6,22,6,2025,1,0,0
2025-06-02,2200515.0,209.0,678.0,0,23,6,2025,0,0,0
2025-06-03,2051125.2,237.0,626.0,1,23,6,2025,0,0,0
2025-06-04,2055150.9,200.0,622.0,2,23,6,2025,0,0,0
2025-06-05,2023320.8,185.0,623.0,3,23,6,2025,0,0,0
2025-06-06,1953832.6,188.0,615.0,4,23,6,2025,0,0,0
2025-06-07,1711062.6,181.0,545.0,5,23,6,2025,1,0,0
2025-06-08,850829.06,141.0,269.0,6,23,6,2025,1,0,0
2026-04-08,1399433.5,167.0,435.0,2,15,4,2026,0,0,0
2026-04-09,1794487.1,209.0,570.0,3,15,4,2026,0,0,0
2026-04-10,1055865.8,148.0,336.0,4,15,4,2026,0,0,0
2026-04-11,2104144.2,232.0,686.0,5,15,4,2026,1,0,0
2026-04-12,2032241.2,248.0,651.0,6,15,4,2026,1,0,0
2026-04-13,2004766.1,212.0,626.0,0,16,4,2026,0,0,0
2026-04-14,1933338.1,216.0,569.0,1,16,4,2026,0,0,0
2026-04-15,1985849.5,184.0,593.0,2,16,4,2026,0,0,0
2026-04-16,1978883.5,190.0,598.0,3,16,4,2026,0,0,0
2026-04-17,1959840.4,209.0,593.0,4,16,4,2026,0,0,0
2026-04-18,1943161.6,219.0,585.0,5,16,4,2026,1,0,0
2026-04-19,1900252.1,224.0,564.0,6,16,4,2026,1,0,0
2026-04-20,1788766.4,212.0,516.0,0,17,4,2026,0,0,0
2026-04-21,1414292.4,192.0,389.0,1,17,4,2026,0,0,0
2026-04-22,944889.1,163.0,236.0,2,17,4,2026,0,0,0
2026-04-23,630670.94,103.0,157.0,3,17,4,2026,0,0,0
2026-04-24,991504.0,118.0,233.0,4,17,4,2026,0,0,0
2026-04-25,2668209.5,342.0,706.0,5,17,4,2026,1,0,0
2026-04-26,2401301.2,222.0,677.0,6,17,4,2026,1,0,0
2026-04-27,636202.94,54.0,172.0,0,18,4,2026,0,0,0
2026-04-28,131858.58,18.0,39.0,1,18,4,2026,0,0,0
2026-04-29,197511.48,35.0,60.0,2,18,4,2026,0,0,0
2026-04-30,403819.6,67.0,121.0,3,18,4,2026,0,0,0
2026-05-01,820539.9,89.0,249.0,4,18,5,2026,0,0,0
2025-07-27,1398520.2,166.0,434.0,6,30,7,2025,1,1,0
2025-07-28,1221241.5,152.0,374.0,0,31,7,2025,0,1,0
2025-07-29,2000248.4,238.0,622.0,1,31,7,2025,0,1,0
2025-07-30,1603687.4,220.0,499.0,2,31,7,2025,0,1,0
2025-07-31,1230671.5,184.0,372.0,3,31,7,2025,0,1,0
2025-08-01,1170242.0,154.0,349.0,4,31,8,2025,0,0,0
2025-08-02,1246004.1,140.0,366.0,5,31,8,2025,1,0,0
2025-08-03,1278294.4,182.0,373.0,6,31,8,2025,1,0,0
2025-08-04,1366893.2,194.0,408.0,0,32,8,2025,0,0,0
2025-08-05,1484488.6,182.0,450.0,1,32,8,2025,0,0,0
2025-08-06,1463565.1,198.0,447.0,2,32,8,2025,0,0,0
2025-08-07,1347006.9,185.0,408.0,3,32,8,2025,0,0,0
2025-08-08,788481.06,102.0,244.0,4,32,8,2025,0,0,0
2025-08-09,450211.72,54.0,142.0,5,32,8,2025,1,0,0
2025-08-10,2530896.0,328.0,706.0,6,32,8,2025,1,0,0
2025-08-11,2873245.0,295.0,779.0,0,33,8,2025,0,0,0
2025-08-12,346316.9,38.0,76.0,1,33,8,2025,0,0,0
2025-08-13,257967.67,32.0,82.0,2,33,8,2025,0,0,0
2025-08-14,300403.7,55.0,92.0,3,33,8,2025,0,0,0
2025-08-15,652856.4,84.0,196.0,4,33,8,2025,0,0,0
2025-08-16,1020803.56,107.0,323.0,5,33,8,2025,1,0,0
2025-08-17,1194059.5,140.0,400.0,6,33,8,2025,1,0,0
2025-08-18,1129768.0,146.0,373.0,0,34,8,2025,0,0,0
2025-08-19,477067.56,59.0,160.0,1,34,8,2025,0,0,0
2025-03-14,1378452.2,164.0,428.0,4,11,3,2025,0,0,1
2025-03-15,1554801.6,177.0,488.0,5,11,3,2025,1,0,1
2025-03-16,1883482.1,215.0,602.0,6,11,3,2025,1,0,1
2025-03-17,1110983.1,154.0,353.0,0,12,3,2025,0,0,1
2025-03-18,665339.5,85.0,211.0,1,12,3,2025,0,0,1
2025-03-19,701309.56,72.0,208.0,2,12,3,2025,0,0,1
2025-03-20,790115.4,109.0,235.0,3,12,3,2025,0,0,1
2025-03-21,982770.94,127.0,306.0,4,12,3,2025,0,0,1
2025-03-22,1181053.8,129.0,384.0,5,12,3,2025,1,0,1
2025-03-23,1186926.2,159.0,388.0,6,12,3,2025,1,0,1
2025-03-24,711303.75,85.0,232.0,0,13,3,2025,0,0,1
2025-03-25,513224.84,65.0,164.0,1,13,3,2025,0,0,1
2025-03-26,2512372.8,338.0,687.0,2,13,3,2025,0,0,1
2025-03-27,2323103.0,246.0,561.0,3,13,3,2025,0,0,1
2025-03-28,1195989.5,91.0,285.0,4,13,3,2025,0,0,1
2025-03-29,194753.39,24.0,57.0,5,13,3,2025,1,0,1
2025-03-30,310042.1,47.0,92.0,6,13,3,2025,1,0,1
2025-03-31,561004.25,81.0,168.0,0,14,3,2025,0,0,1
2025-04-01,966917.94,94.0,301.0,1,14,4,2025,0,0,0
2025-04-02,1186421.4,141.0,395.0,2,14,4,2025,0,0,0
2025-04-03,1089378.6,123.0,366.0,3,14,4,2025,0,0,0
2025-04-04,532406.7,60.0,187.0,4,14,4,2025,0,0,0
2025-04-05,385485.3,39.0,134.0,5,14,4,2025,1,0,0
2025-04-06,2296267.5,329.0,661.0,6,14,4,2025,1,0,0
2026-04-01,1449570.4,172.0,450.0,2,14,4,2026,0,0,0
2026-04-02,1824165.9,213.0,580.0,3,14,4,2026,0,0,0
2026-04-03,924833.44,130.0,288.0,4,14,4,2026,0,0,0
2026-04-04,1248255.0,153.0,415.0,5,14,4,2026,1,0,0
2026-04-05,1254921.0,117.0,406.0,6,14,4,2026,1,0,0
2026-04-06,1120261.1,153.0,377.0,0,15,4,2026,0,0,0
2026-04-07,1361175.2,129.0,459.0,1,15,4,2026,0,0,0
2026-04-08,1486419.8,183.0,503.0,2,15,4,2026,0,0,0
2026-04-09,1576541.9,223.0,539.0,3,15,4,2026,0,0,0
2026-04-10,1717439.1,203.0,579.0,4,15,4,2026,0,0,0
2026-04-11,1682099.5,223.0,561.0,5,15,4,2026,1,0,0
2026-04-12,1647886.8,214.0,540.0,6,15,4,2026,1,0,0
2026-04-13,1296610.2,153.0,425.0,0,16,4,2026,0,0,0
2026-04-14,554290.9,75.0,187.0,1,16,4,2026,0,0,0
2026-04-15,2037444.9,253.0,670.0,2,16,4,2026,0,0,0
2026-04-16,2633315.0,249.0,843.0,3,16,4,2026,0,0,0
2026-04-17,1186977.2,119.0,442.0,4,16,4,2026,0,0,0
2026-04-18,2041663.6,221.0,748.0,5,16,4,2026,1,0,0
2026-04-19,2318761.0,194.0,755.0,6,16,4,2026,1,0,0
2026-04-20,2085616.8,276.0,679.0,0,17,4,2026,0,0,0
2026-04-21,2210662.0,186.0,711.0,1,17,4,2026,0,0,0
2026-04-22,2182616.5,166.0,709.0,2,17,4,2026,0,0,0
2026-04-23,2047263.0,176.0,688.0,3,17,4,2026,0,0,0
2026-04-24,1857526.2,193.0,628.0,4,17,4,2026,0,0,0
2026-03-03,1495995.6,177.0,464.0,1,10,3,2026,0,0,1
2026-03-04,1858876.2,218.0,590.0,2,10,3,2026,0,0,1
2026-03-05,929492.25,129.0,288.0,3,10,3,2026,0,0,1
2026-03-06,2182773.0,280.0,713.0,4,10,3,2026,0,0,1
2026-03-07,2235364.2,239.0,723.0,5,10,3,2026,1,0,1
2026-03-08,2120977.5,267.0,672.0,6,10,3,2026,1,0,1
2026-03-09,2184665.2,212.0,674.0,0,11,3,2026,0,0,1
2026-03-10,2197076.8,188.0,682.0,1,11,3,2026,0,0,1
2026-03-11,2122038.5,193.0,680.0,2,11,3,2026,0,0,1
2026-03-12,2043287.5,213.0,665.0,3,11,3,2026,0,0,1
2026-03-13,2011756.4,216.0,657.0,4,11,3,2026,0,0,1
2026-03-14,1965357.8,214.0,634.0,5,11,3,2026,1,0,1
2026-03-15,1839813.8,216.0,571.0,6,11,3,2026,1,0,1
2026-03-16,1423782.4,200.0,412.0,0,12,3,2026,0,0,1
2026-03-17,671704.9,137.0,181.0,1,12,3,2026,0,0,1
2026-03-18,1349739.6,182.0,394.0,2,12,3,2026,0,0,1
2026-03-19,2589448.0,256.0,800.0,3,12,3,2026,0,0,1
2026-03-20,1381466.9,92.0,396.0,4,12,3,2026,0,0,1
2026-03-21,2048767.9,284.0,667.0,5,12,3,2026,1,0,1
2026-03-22,2254932.5,224.0,745.0,6,12,3,2026,1,0,1
2026-03-23,2147097.0,272.0,702.0,0,13,3,2026,0,0,1
2026-03-24,2244668.0,213.0,706.0,1,13,3,2026,0,0,1
2026-03-25,2211559.0,179.0,706.0,2,13,3,2026,0,0,1
2026-03-26,2091801.9,191.0,682.0,3,13,3,2026,0,0,1
2025-06-12,1591057.4,188.0,493.0,3,24,6,2025,0,0,0
2025-06-13,1882499.4,222.0,594.0,4,24,6,2025,0,0,0
2025-06-14,680412.0,93.0,199.0,5,24,6,2025,1,0,0
2025-06-15,2244739.2,275.0,718.0,6,24,6,2025,1,0,0
2025-06-16,2320590.0,246.0,752.0,0,25,6,2025,0,0,0
2025-06-17,2118551.5,303.0,673.0,1,25,6,2025,0,0,0
2025-06-18,2221640.8,234.0,693.0,2,25,6,2025,0,0,0
2025-06-19,2270812.2,201.0,702.0,3,25,6,2025,0,0,0
2025-06-20,2178686.8,199.0,696.0,4,25,6,2025,0,0,0
2025-06-21,2060132.1,214.0,669.0,5,25,6,2025,1,0,0
2025-06-22,1972318.6,217.0,636.0,6,25,6,2025,1,0,0
2025-06-23,1785533.2,209.0,554.0,0,26,6,2025,0,0,0
2025-06-24,1262615.2,202.0,355.0,1,26,6,2025,0,0,0
2025-06-25,756190.3,134.0,193.0,2,26,6,2025,0,0,0
2025-06-26,1072109.6,130.0,265.0,3,26,6,2025,0,0,0
2025-06-27,2660829.0,316.0,750.0,4,26,6,2025,0,0,0
2025-06-28,1886664.2,112.0,492.0,5,26,6,2025,1,0,0
2025-06-29,2054293.1,309.0,610.0,6,26,6,2025,1,0,0
2025-06-30,2303077.0,234.0,705.0,0,27,6,2025,0,0,0
2025-07-01,2265178.0,230.0,700.0,1,27,7,2025,0,1,0
2025-07-02,2228143.8,219.0,662.0,2,27,7,2025,0,1,0
2025-07-03,2142384.2,198.0,661.0,3,27,7,2025,0,1,0
2025-07-04,2073686.4,197.0,654.0,4,27,7,2025,0,1,0
2025-07-05,2009789.5,211.0,638.0,5,27,7,2025,1,1,0
2025-04-17,1340021.9,160.0,417.0,3,16,4,2025,0,0,0
2025-04-18,780409.7,96.0,257.0,4,16,4,2025,0,0,0
2025-04-19,2274060.2,289.0,681.0,5,16,4,2025,1,0,0
2025-04-20,2527391.5,208.0,751.0,6,16,4,2025,1,0,0
2025-04-21,2331166.8,218.0,678.0,0,17,4,2025,0,0,0
2025-04-22,2112323.5,210.0,627.0,1,17,4,2025,0,0,0
2025-04-23,2000723.4,184.0,612.0,2,17,4,2025,0,0,0
2025-04-24,1879434.0,176.0,586.0,3,17,4,2025,0,0,0
2025-04-25,1687677.4,184.0,519.0,4,17,4,2025,0,0,0
2025-04-26,1121069.8,143.0,349.0,5,17,4,2025,1,0,0
2025-04-27,509979.44,70.0,158.0,6,17,4,2025,1,0,0
2025-04-28,2270066.2,288.0,701.0,0,18,4,2025,0,0,0
2025-04-29,2805503.0,297.0,844.0,1,18,4,2025,0,0,0
2025-04-30,1199672.6,123.0,369.0,2,18,4,2025,0,0,0
2025-05-01,2284219.2,235.0,737.0,3,18,5,2025,0,0,0
2025-05-02,2476951.8,227.0,750.0,4,18,5,2025,0,0,0
2025-05-03,2236165.8,283.0,686.0,5,18,5,2025,1,0,0
2025-05-04,2345993.2,198.0,728.0,6,18,5,2025,1,0,0
2025-05-05,2307139.5,174.0,734.0,0,19,5,2025,0,0,0
2025-05-06,2160180.5,186.0,718.0,1,19,5,2025,0,0,0
2025-05-07,2036739.6,204.0,691.0,2,19,5,2025,0,0,0
2025-05-08,1988525.2,211.0,672.0,3,19,5,2025,0,0,0
2025-05-09,1891959.6,207.0,626.0,4,19,5,2025,0,0,0
2025-05-10,1401130.0,188.0,434.0,5,19,5,2025,1,0,0
2024-11-21,1381296.8,165.0,429.0,3,47,11,2024,0,0,0
2024-11-22,1725895.2,198.0,547.0,4,47,11,2024,0,0,0
2024-11-23,1529969.4,195.0,471.0,5,47,11,2024,1,0,0
2024-11-24,674638.7,104.0,220.0,6,47,11,2024,1,0,0
2024-11-25,397606.66,37.0,132.0,0,48,11,2024,0,0,0
2024-11-26,432175.0,44.0,142.0,1,48,11,2024,0,0,0
2024-11-27,621060.5,75.0,198.0,2,48,11,2024,0,0,0
2024-11-28,893543.3,93.0,285.0,3,48,11,2024,0,0,0
2024-11-29,1129075.4,134.0,377.0,4,48,11,2024,0,0,0
2024-11-30,1294045.9,155.0,443.0,5,48,11,2024,1,0,0
2024-12-01,1349435.6,196.0,461.0,6,48,12,2024,1,0,0
2024-12-02,1399376.5,207.0,472.0,0,49,12,2024,0,0,0
2024-12-03,1337503.8,195.0,437.0,1,49,12,2024,0,0,0
2024-12-04,917330.2,124.0,299.0,2,49,12,2024,0,0,0
2024-12-05,446142.56,59.0,145.0,3,49,12,2024,0,0,0
2024-12-06,2530105.2,319.0,719.0,4,49,12,2024,0,0,0
2024-12-07,2923410.8,298.0,819.0,5,49,12,2024,1,0,0
2024-12-08,203720.31,23.0,47.0,6,49,12,2024,1,0,0
2024-12-09,534557.2,66.0,174.0,0,50,12,2024,0,0,0
2024-12-10,647119.3,93.0,182.0,1,50,12,2024,0,0,0
2024-12-11,855017.2,125.0,245.0,2,50,12,2024,0,0,0
2024-12-12,1107459.0,138.0,345.0,3,50,12,2024,0,0,0
2024-12-13,1202028.9,146.0,386.0,4,50,12,2024,0,0,0
2024-12-14,1059159.6,156.0,326.0,5,50,12,2024,1,0,0
2024-08-27,1399677.6,167.0,435.0,1,35,8,2024,0,0,0
2024-08-28,1591721.4,181.0,500.0,2,35,8,2024,0,0,0
2024-08-29,1970849.1,222.0,631.0,3,35,8,2024,0,0,0
2024-08-30,1253636.5,173.0,400.0,4,35,8,2024,0,0,0
2024-08-31,818410.56,108.0,252.0,5,35,8,2024,1,0,0
2024-09-01,794060.3,107.0,231.0,6,35,9,2024,1,0,0
2024-09-02,934014.2,114.0,267.0,0,36,9,2024,0,0,0
2024-09-03,977488.4,151.0,286.0,1,36,9,2024,0,0,0
2024-09-04,690442.75,62.0,215.0,2,36,9,2024,0,0,0
2024-09-05,213514.7,26.0,71.0,3,36,9,2024,0,0,0
2024-09-06,2100612.5,329.0,590.0,4,36,9,2024,0,0,0
2024-09-07,2419697.8,329.0,710.0,5,36,9,2024,1,0,0
2024-09-08,505669.4,26.0,120.0,6,36,9,2024,1,0,0
2024-09-09,2047966.6,199.0,594.0,0,37,9,2024,0,0,0
2024-09-10,2009358.8,291.0,559.0,1,37,9,2024,0,0,0
2024-09-11,2164917.2,259.0,569.0,2,37,9,2024,0,0,0
2024-09-12,2050650.6,258.0,547.0,3,37,9,2024,0,0,0
2024-09-13,2031887.4,251.0,544.0,4,37,9,2024,0,0,0
2024-09-14,2021192.1,252.0,551.0,5,37,9,2024,1,0,0
2024-09-15,1993947.1,257.0,552.0,6,37,9,2024,1,0,0
2024-09-16,1972640.9,256.0,551.0,0,38,9,2024,0,0,0
2024-09-17,1879145.4,243.0,523.0,1,38,9,2024,0,0,0
2024-09-18,1345112.2,194.0,374.0,2,38,9,2024,0,0,0
2024-09-19,696016.06,138.0,182.0,3,38,9,2024,0,0,0
2026-03-05,1575062.8,186.0,488.0,3,10,3,2026,0,0,1
2026-03-06,1914144.9,227.0,606.0,4,10,3,2026,0,0,1
2026-03-07,1179960.9,163.0,375.0,5,10,3,2026,1,0,1
2026-03-08,2284766.0,296.0,731.0,6,10,3,2026,1,0,1
2026-03-09,2400933.8,229.0,758.0,0,11,3,2026,0,0,1
2026-03-10,2196462.0,269.0,686.0,1,11,3,2026,0,0,1
2026-03-11,2234532.5,211.0,689.0,2,11,3,2026,0,0,1
2026-03-12,2194429.8,192.0,678.0,3,11,3,2026,0,0,1
2026-03-13,2092841.5,195.0,664.0,4,11,3,2026,0,0,1
2026-03-14,1998629.8,215.0,638.0,5,11,3,2026,1,0,1
2026-03-15,1936992.4,219.0,612.0,6,11,3,2026,1,0,1
2026-03-16,1844274.0,217.0,563.0,0,12,3,2026,0,0,1
2026-03-17,1476947.4,195.0,428.0,1,12,3,2026,0,0,1
2026-03-18,736307.3,147.0,200.0,2,12,3,2026,0,0,1
2026-03-19,986195.8,101.0,260.0,3,12,3,2026,0,0,1
2026-03-20,2616398.8,319.0,765.0,4,12,3,2026,0,0,1
2026-03-21,2405162.5,210.0,665.0,5,12,3,2026,1,0,1
2026-03-22,1168363.6,119.0,335.0,6,12,3,2026,1,0,1
2026-03-23,212530.05,38.0,60.0,0,13,3,2026,0,0,1
2026-03-24,345561.25,50.0,99.0,1,13,3,2026,0,0,1
2026-03-25,575288.44,90.0,167.0,2,13,3,2026,0,0,1
2026-03-26,954862.2,97.0,290.0,3,13,3,2026,0,0,1
2026-03-27,1198353.5,142.0,394.0,4,13,3,2026,0,0,1
2026-03-28,1288306.9,161.0,440.0,5,13,3,2026,1,0,1
2025-06-04,1342322.9,161.0,417.0,2,23,6,2025,0,0,0
2025-06-05,1423852.1,163.0,443.0,3,23,6,2025,0,0,0
2025-06-06,1949898.0,223.0,626.0,4,23,6,2025,0,0,0
2025-06-07,1331764.9,191.0,426.0,5,23,6,2025,1,0,0
2025-06-08,920414.5,139.0,281.0,6,23,6,2025,1,0,0
2025-06-09,905335.25,130.0,265.0,0,24,6,2025,0,0,0
2025-06-10,1106054.1,123.0,314.0,1,24,6,2025,0,0,0
2025-06-11,1182730.6,190.0,339.0,2,24,6,2025,0,0,0
2025-06-12,1379235.9,179.0,416.0,3,24,6,2025,0,0,0
2025-06-13,1528382.8,167.0,477.0,4,24,6,2025,0,0,0
2025-06-14,1521486.2,205.0,485.0,5,24,6,2025,1,0,0
2025-06-15,1560430.8,207.0,501.0,6,24,6,2025,1,0,0
2025-06-16,1496688.9,202.0,475.0,0,25,6,2025,0,0,0
2025-06-17,1047619.1,138.0,331.0,1,25,6,2025,0,0,0
2025-06-18,436993.62,59.0,141.0,2,25,6,2025,0,0,0
2025-06-19,2299974.5,284.0,676.0,3,25,6,2025,0,0,0
2025-06-20,2698229.8,318.0,811.0,4,25,6,2025,0,0,0
2025-06-21,1269431.2,132.0,379.0,5,25,6,2025,1,0,0
2025-06-22,2222854.0,244.0,712.0,6,25,6,2025,1,0,0
2025-06-23,2426940.8,224.0,739.0,0,26,6,2025,0,0,0
2025-06-24,2227654.0,272.0,683.0,1,26,6,2025,0,0,0
2025-06-25,2306171.8,196.0,713.0,2,26,6,2025,0,0,0
2025-06-26,2257293.8,173.0,717.0,3,26,6,2025,0,0,0
2025-06-27,2129944.5,185.0,706.0,4,26,6,2025,0,0,0
2024-10-21,1358849.4,162.0,422.0,0,43,10,2024,0,0,0
2024-10-22,1674178.1,191.0,530.0,1,43,10,2024,0,0,0
2024-10-23,1403471.0,176.0,438.0,2,43,10,2024,0,0,0
2024-10-24,938269.2,146.0,286.0,3,43,10,2024,0,0,0
2024-10-25,665781.4,90.0,195.0,4,43,10,2024,0,0,0
2024-10-26,656147.9,79.0,179.0,5,43,10,2024,1,0,0
2024-10-27,752436.1,135.0,204.0,6,43,10,2024,1,0,0
2024-10-28,984816.6,140.0,281.0,0,44,10,2024,0,0,0
2024-10-29,1248097.5,137.0,382.0,1,44,10,2024,0,0,0
2024-10-30,1319855.9,181.0,419.0,2,44,10,2024,0,0,0
2024-10-31,1407161.8,206.0,454.0,3,44,10,2024,0,0,0
2024-11-01,1416943.1,205.0,453.0,4,44,11,2024,0,0,0
2024-11-02,1024129.06,136.0,325.0,5,44,11,2024,1,0,0
2024-11-03,420763.84,56.0,138.0,6,44,11,2024,1,0,0
2024-11-04,2446624.0,293.0,712.0,0,45,11,2024,0,0,0
2024-11-05,2888624.5,310.0,832.0,1,45,11,2024,0,0,0
2024-11-06,421222.9,46.0,112.0,2,45,11,2024,0,0,0
2024-11-07,1700578.2,193.0,546.0,3,45,11,2024,0,0,0
2024-11-08,1913973.9,228.0,565.0,4,45,11,2024,0,0,0
2024-11-09,1965402.1,226.0,554.0,5,45,11,2024,1,0,0
2024-11-10,1813011.2,217.0,520.0,6,45,11,2024,1,0,0
2024-11-11,1573224.1,208.0,458.0,0,46,11,2024,0,0,0
2024-11-12,1192806.9,174.0,348.0,1,46,11,2024,0,0,0
2024-11-13,585548.25,80.0,183.0,2,46,11,2024,0,0,0
2025-08-28,1503948.4,178.0,466.0,3,35,8,2025,0,0,0
2025-08-29,1804300.1,210.0,571.0,4,35,8,2025,0,0,0
2025-08-30,579985.44,83.0,170.0,5,35,8,2025,1,0,0
2025-08-31,2199515.2,244.0,702.0,6,35,8,2025,1,0,0
2025-09-01,2233675.8,249.0,717.0,0,36,9,2025,0,0,0
2025-09-02,2062271.6,291.0,640.0,1,36,9,2025,0,0,0
2025-09-03,2124507.2,241.0,638.0,2,36,9,2025,0,0,0
2025-09-04,2180408.8,216.0,649.0,3,36,9,2025,0,0,0
2025-09-05,2153028.2,208.0,662.0,4,36,9,2025,0,0,0
2025-09-06,2058907.8,219.0,650.0,5,36,9,2025,1,0,0
2025-09-07,1975454.0,222.0,625.0,6,36,9,2025,1,0,0
2025-09-08,1811421.1,219.0,557.0,0,37,9,2025,0,0,0
2025-09-09,1343938.0,204.0,382.0,1,37,9,2025,0,0,0
2025-09-10,691078.25,136.0,181.0,2,37,9,2025,0,0,0
2025-09-11,1584053.5,254.0,478.0,3,37,9,2025,0,0,0
2025-09-12,2486553.5,240.0,794.0,4,37,9,2025,0,0,0
2025-09-13,1356356.9,116.0,431.0,5,37,9,2025,1,0,0
2025-09-14,1996792.4,302.0,658.0,6,37,9,2025,1,0,0
2025-09-15,2367710.2,210.0,762.0,0,38,9,2025,0,0,0
2025-09-16,2202841.0,261.0,717.0,1,38,9,2025,0,0,0
2025-09-17,2242214.2,228.0,699.0,2,38,9,2025,0,0,0
2025-09-18,2242593.5,180.0,718.0,3,38,9,2025,0,0,0
2025-09-19,2144659.5,184.0,703.0,4,38,9,2025,0,0,0
2025-09-20,2037391.9,206.0,679.0,5,38,9,2025,1,0,0
2024-09-05,1555715.4,184.0,482.0,3,36,9,2024,0,0,0
2024-09-06,1900602.0,225.0,602.0,4,36,9,2024,0,0,0
2024-09-07,1147743.1,159.0,364.0,5,36,9,2024,1,0,0
2024-09-08,2290547.5,297.0,732.0,6,36,9,2024,1,0,0
2024-09-09,2408679.8,228.0,761.0,0,37,9,2024,0,0,0
2024-09-10,2198752.2,272.0,687.0,1,37,9,2024,0,0,0
2024-09-11,2244610.8,210.0,695.0,2,37,9,2024,0,0,0
2024-09-12,2201072.8,191.0,681.0,3,37,9,2024,0,0,0
2024-09-13,2094159.1,195.0,666.0,4,37,9,2024,0,0,0
2024-09-14,1994779.2,214.0,638.0,5,37,9,2024,1,0,0
2024-09-15,1914258.0,215.0,604.0,6,37,9,2024,1,0,0
2024-09-16,1656913.6,194.0,503.0,0,38,9,2024,0,0,0
2024-09-17,850121.1,167.0,242.0,1,38,9,2024,0,0,0
2024-09-18,667898.9,84.0,179.0,2,38,9,2024,0,0,0
2024-09-19,2423084.0,325.0,717.0,3,38,9,2024,0,0,0
2024-09-20,2856184.0,236.0,821.0,4,38,9,2024,0,0,0
2024-09-21,188919.47,18.0,47.0,5,38,9,2024,1,0,0
2024-09-22,487070.22,69.0,167.0,6,38,9,2024,1,0,0
2024-09-23,612459.2,91.0,174.0,0,39,9,2024,0,0,0
2024-09-24,850011.44,122.0,246.0,1,39,9,2024,0,0,0
2024-09-25,1122457.5,140.0,354.0,2,39,9,2024,0,0,0
2024-09-26,1315927.0,155.0,432.0,3,39,9,2024,0,0,0
2024-09-27,1341602.5,202.0,442.0,4,39,9,2024,0,0,0
2024-09-28,1342000.6,201.0,436.0,5,39,9,2024,1,0,0
2025-12-15,1501486.5,178.0,466.0,0,51,12,2025,0,0,0
2025-12-16,1817300.1,212.0,576.0,1,51,12,2025,0,0,0
2025-12-17,696324.06,99.0,208.0,2,51,12,2025,0,0,0
2025-12-18,2252668.8,273.0,719.0,3,51,12,2025,0,0,0
2025-12-19,2316388.8,238.0,743.0,4,51,12,2025,0,0,0
2025-12-20,2123341.8,288.0,669.0,5,51,12,2025,1,0,0
2025-12-21,2200204.0,227.0,681.0,6,51,12,2025,1,0,0
2025-12-22,2236199.0,199.0,690.0,0,52,12,2025,0,0,0
2025-12-23,2165951.8,198.0,691.0,1,52,12,2025,0,0,0
2025-12-24,2077960.8,216.0,677.0,2,52,12,2025,0,0,0
2025-12-25,2035262.0,218.0,666.0,3,52,12,2025,0,0,0
2025-12-26,1982911.6,218.0,641.0,4,52,12,2025,0,0,0
2025-12-27,1819662.2,213.0,567.0,5,52,12,2025,1,0,0
2025-12-28,1298732.8,200.0,372.0,6,52,12,2025,1,0,0
2025-12-29,736676.4,135.0,189.0,0,1,12,2025,0,0,0
2025-12-30,716566.94,94.0,180.0,1,1,12,2025,0,0,0
2025-12-31,2560899.2,334.0,717.0,2,1,12,2025,0,0,0
2026-01-01,2954365.0,245.0,838.0,3,1,1,2026,0,1,0
2026-01-02,213867.33,23.0,54.0,4,1,1,2026,0,1,0
2026-01-03,1338128.1,179.0,443.0,5,1,1,2026,1,1,0
2026-01-04,1522657.5,182.0,458.0,6,1,1,2026,1,1,0
2026-01-05,1516965.6,233.0,474.0,0,2,1,2026,0,1,0
2026-01-06,1547878.1,231.0,500.0,1,2,1,2026,0,1,0
2026-01-07,1532902.5,233.0,499.0,2,2,1,2026,0,1,0
2025-03-14,1377202.2,164.0,428.0,4,11,3,2025,0,0,1
2025-03-15,1627877.5,185.0,513.0,5,11,3,2025,1,0,1
2025-03-16,1939903.8,220.0,619.0,6,11,3,2025,1,0,1
2025-03-17,1171552.6,160.0,372.0,0,12,3,2025,0,0,1
2025-03-18,759577.4,94.0,236.0,1,12,3,2025,0,0,1
2025-03-19,793569.6,95.0,231.0,2,12,3,2025,0,0,1
2025-03-20,974624.9,131.0,288.0,3,12,3,2025,0,0,1
2025-03-21,1140528.0,153.0,358.0,4,12,3,2025,0,0,1
2025-03-22,1266820.5,140.0,417.0,5,12,3,2025,1,0,1
2025-03-23,1192295.8,151.0,393.0,6,12,3,2025,1,0,1
2025-03-24,774518.94,89.0,254.0,0,13,3,2025,0,0,1
2025-03-25,318323.2,39.0,105.0,1,13,3,2025,0,0,1
2025-03-26,2275754.2,329.0,633.0,2,13,3,2025,0,0,1
2025-03-27,2602107.8,331.0,748.0,3,13,3,2025,0,0,1
2025-03-28,611035.7,52.0,153.0,4,13,3,2025,0,0,1
2025-03-29,2070591.8,198.0,614.0,5,13,3,2025,1,0,1
2025-03-30,2089325.8,276.0,597.0,6,13,3,2025,1,0,1
2025-03-31,2166056.0,257.0,587.0,0,14,3,2025,0,0,1
2025-04-01,2073694.8,250.0,565.0,1,14,4,2025,0,0,0
2025-04-02,2085818.4,236.0,570.0,2,14,4,2025,0,0,0
2025-04-03,2072677.6,233.0,581.0,3,14,4,2025,0,0,0
2025-04-04,2030847.2,240.0,584.0,4,14,4,2025,0,0,0
2025-04-05,1976851.5,241.0,576.0,5,14,4,2025,1,0,0
2025-04-06,1806999.9,218.0,527.0,6,14,4,2025,1,0,0
2025-06-16,1785416.4,214.0,551.0,0,25,6,2025,0,0,0
2025-06-17,2013402.2,242.0,631.0,1,25,6,2025,0,0,0
2025-06-18,974436.8,121.0,293.0,2,25,6,2025,0,0,0
2025-06-19,2034289.0,285.0,691.0,3,25,6,2025,0,0,0
2025-06-20,2145014.5,238.0,724.0,4,25,6,2025,0,0,0
2025-06-21,2038552.5,276.0,674.0,5,25,6,2025,1,0,0
2025-06-22,2143442.0,207.0,678.0,6,25,6,2025,1,0,0
2025-06-23,2119088.5,179.0,665.0,0,26,6,2025,0,0,0
2025-06-24,1975755.9,187.0,626.0,1,26,6,2025,0,0,0
2025-06-25,1661263.8,185.0,516.0,2,26,6,2025,0,0,0
2025-06-26,799667.25,145.0,237.0,3,26,6,2025,0,0,0
2025-06-27,1217290.1,131.0,357.0,4,26,6,2025,0,0,0
2025-06-28,2623560.8,289.0,793.0,5,26,6,2025,1,0,0
2025-06-29,1877622.2,139.0,515.0,6,26,6,2025,1,0,0
2025-06-30,2093051.8,295.0,637.0,0,27,6,2025,0,0,0
2025-07-01,2231703.2,237.0,663.0,1,27,7,2025,0,1,0
2025-07-02,2209409.0,213.0,658.0,2,27,7,2025,0,1,0
2025-07-03,2094277.0,218.0,599.0,3,27,7,2025,0,1,0
2025-07-04,2051494.6,195.0,602.0,4,27,7,2025,0,1,0
2025-07-05,1990338.8,199.0,591.0,5,27,7,2025,1,1,0
2025-07-06,1964124.5,211.0,580.0,6,27,7,2025,1,1,0
2025-07-07,1884308.2,219.0,547.0,0,28,7,2025,0,1,0
2025-07-08,1411789.4,178.0,409.0,1,28,7,2025,0,1,0
2025-07-09,622102.6,116.0,175.0,2,28,7,2025,0,1,0
2025-11-10,1350599.8,161.0,420.0,0,46,11,2025,0,0,0
2025-11-11,704474.06,87.0,236.0,1,46,11,2025,0,0,0
2025-11-12,2267934.2,287.0,673.0,2,46,11,2025,0,0,0
2025-11-13,2542078.2,215.0,748.0,3,46,11,2025,0,0,0
2025-11-14,2360230.0,231.0,670.0,4,46,11,2025,0,0,0
2025-11-15,2159865.5,220.0,630.0,5,46,11,2025,1,0,0
2025-11-16,2059331.1,196.0,618.0,6,46,11,2025,1,0,0
2025-11-17,1959138.2,193.0,603.0,0,47,11,2025,0,0,0
2025-11-18,1849066.6,209.0,567.0,1,47,11,2025,0,0,0
2025-11-19,1687721.6,213.0,502.0,2,47,11,2025,0,0,0
2025-11-20,979001.7,156.0,291.0,3,47,11,2025,0,0,0
2025-11-21,506080.28,77.0,147.0,4,47,11,2025,0,0,0
2025-11-22,1864963.8,256.0,562.0,5,47,11,2025,1,0,0
2025-11-23,2521365.0,283.0,793.0,6,47,11,2025,1,0,0
2025-11-24,1485299.2,137.0,501.0,0,48,11,2025,0,0,0
2025-11-25,2000177.6,291.0,679.0,1,48,11,2025,0,0,0
2025-11-26,2349388.0,209.0,750.0,2,48,11,2025,0,0,0
2025-11-27,2168821.2,268.0,689.0,3,48,11,2025,0,0,0
2025-11-28,2226632.0,217.0,690.0,4,48,11,2025,0,0,0
2025-11-29,2187923.2,185.0,692.0,5,48,11,2025,1,0,0
2025-11-30,2074031.0,188.0,674.0,6,48,11,2025,1,0,0
2025-12-01,1912524.6,203.0,625.0,0,49,12,2025,0,0,0
2025-12-02,1484430.8,182.0,467.0,1,49,12,2025,0,0,0
2025-12-03,663749.75,125.0,195.0,2,49,12,2025,0,0,0
2025-05-20,1344101.4,161.0,418.0,1,21,5,2025,0,0,0
2025-05-21,1005817.6,131.0,311.0,2,21,5,2025,0,0,0
2025-05-22,2285063.2,280.0,682.0,3,21,5,2025,0,0,0
2025-05-23,2383497.8,227.0,710.0,4,21,5,2025,0,0,0
2025-05-24,2359998.2,169.0,685.0,5,21,5,2025,1,0,0
2025-05-25,1937238.6,226.0,561.0,6,21,5,2025,1,0,0
2025-05-26,1850873.6,185.0,548.0,0,22,5,2025,0,0,0
2025-05-27,1735707.8,173.0,514.0,1,22,5,2025,0,0,0
2025-05-28,1397286.6,144.0,414.0,2,22,5,2025,0,0,0
2025-05-29,649376.1,84.0,205.0,3,22,5,2025,0,0,0
2025-05-30,523771.22,42.0,168.0,4,22,5,2025,0,0,0
2025-05-31,2523848.0,319.0,715.0,5,22,5,2025,1,0,0
2025-06-01,2861274.0,311.0,802.0,6,22,6,2025,1,0,0
2025-06-02,176905.88,22.0,38.0,0,23,6,2025,0,0,0
2025-06-03,1255100.8,169.0,402.0,1,23,6,2025,0,0,0
2025-06-04,1374173.0,172.0,412.0,2,23,6,2025,0,0,0
2025-06-05,1391088.9,237.0,436.0,3,23,6,2025,0,0,0
2025-06-06,1470960.0,233.0,476.0,4,23,6,2025,0,0,0
2025-06-07,1517968.2,231.0,495.0,5,23,6,2025,1,0,0
2025-06-08,1456850.5,241.0,468.0,6,23,6,2025,1,0,0
2025-06-09,1227360.2,183.0,380.0,0,24,6,2025,0,0,0
2025-06-10,599758.0,90.0,200.0,1,24,6,2025,0,0,0
2025-06-11,1834477.8,225.0,601.0,2,24,6,2025,0,0,0
2025-06-12,2542042.2,227.0,836.0,3,24,6,2025,0,0,0
2025-08-18,1338079.5,160.0,416.0,0,34,8,2025,0,0,0
2025-08-19,331751.56,43.0,110.0,1,34,8,2025,0,0,0
2025-08-20,2315657.0,277.0,658.0,2,34,8,2025,0,0,0
2025-08-21,2682194.0,318.0,733.0,3,34,8,2025,0,0,0
2025-08-22,2653354.0,307.0,686.0,4,34,8,2025,0,0,0
2025-08-23,2473575.8,297.0,636.0,5,34,8,2025,1,0,0
2025-08-24,2452791.2,244.0,653.0,6,34,8,2025,1,0,0
2025-08-25,2255064.0,241.0,631.0,0,35,8,2025,0,0,0
2025-08-26,2047371.5,241.0,594.0,1,35,8,2025,0,0,0
2025-08-27,1722144.6,210.0,502.0,2,35,8,2025,0,0,0
2025-08-28,869525.25,169.0,247.0,3,35,8,2025,0,0,0
2025-08-29,687203.1,83.0,185.0,4,35,8,2025,0,0,0
2025-08-30,2035550.8,298.0,597.0,5,35,8,2025,1,0,0
2025-08-31,2610113.0,259.0,794.0,6,35,8,2025,1,0,0
2025-09-01,1390440.2,131.0,428.0,0,36,9,2025,0,0,0
2025-09-02,2039632.8,297.0,663.0,1,36,9,2025,0,0,0
2025-09-03,2410080.2,218.0,757.0,2,36,9,2025,0,0,0
2025-09-04,2232391.0,266.0,714.0,3,36,9,2025,0,0,0
2025-09-05,2261435.8,229.0,698.0,4,36,9,2025,0,0,0
2025-09-06,2251198.0,182.0,716.0,5,36,9,2025,1,0,0
2025-09-07,2150006.2,186.0,702.0,6,36,9,2025,1,0,0
2025-09-08,2029245.2,205.0,675.0,0,37,9,2025,0,0,0
2025-09-09,1946075.4,212.0,644.0,1,37,9,2025,0,0,0
2025-09-10,1761304.0,199.0,561.0,2,37,9,2025,0,0,0
2024-11-13,1529198.9,181.0,474.0,2,46,11,2024,0,0,0
2024-11-14,1840288.4,215.0,583.0,3,46,11,2024,0,0,0
2024-11-15,745948.06,105.0,224.0,4,46,11,2024,0,0,0
2024-11-16,2267309.5,284.0,724.0,5,46,11,2024,1,0,0
2024-11-17,2357643.5,235.0,758.0,6,46,11,2024,1,0,0
2024-11-18,2144092.0,293.0,679.0,0,47,11,2024,0,0,0
2024-11-19,2237945.8,223.0,700.0,1,47,11,2024,0,0,0
2024-11-20,2261065.2,195.0,704.0,2,47,11,2024,0,0,0
2024-11-21,2157178.0,195.0,694.0,3,47,11,2024,0,0,0
2024-11-22,2026684.9,211.0,660.0,4,47,11,2024,0,0,0
2024-11-23,1869739.2,205.0,598.0,5,47,11,2024,1,0,0
2024-11-24,1273902.5,190.0,380.0,6,47,11,2024,1,0,0
2024-11-25,713103.75,122.0,191.0,0,48,11,2024,0,0,0
2024-11-26,1740476.8,278.0,511.0,1,48,11,2024,0,0,0
2024-11-27,2506243.2,269.0,782.0,2,48,11,2024,0,0,0
2024-11-28,1460474.0,135.0,465.0,3,48,11,2024,0,0,0
2024-11-29,1987928.5,310.0,653.0,4,48,11,2024,0,0,0
2024-11-30,2389804.8,204.0,760.0,5,48,11,2024,1,0,0
2024-12-01,2207966.0,252.0,712.0,6,48,12,2024,1,0,0
2024-12-02,2210669.8,228.0,682.0,0,49,12,2024,0,0,0
2024-12-03,2193173.5,184.0,696.0,1,49,12,2024,0,0,0
2024-12-04,2105443.5,181.0,683.0,2,49,12,2024,0,0,0
2024-12-05,1958130.4,200.0,640.0,3,49,12,2024,0,0,0
2024-12-06,1778266.8,206.0,564.0,4,49,12,2024,0,0,0
2025-04-30,1354140.4,162.0,421.0,2,18,4,2025,0,0,0
2025-05-01,1601963.9,181.0,505.0,3,18,5,2025,0,0,0
2025-05-02,1712102.2,207.0,541.0,4,18,5,2025,0,0,0
2025-05-03,869758.6,116.0,281.0,5,18,5,2025,1,0,0
2025-05-04,425110.7,51.0,143.0,6,18,5,2025,1,0,0
2025-05-05,489083.28,43.0,158.0,0,19,5,2025,0,0,0
2025-05-06,603816.06,82.0,188.0,1,19,5,2025,0,0,0
2025-05-07,876103.3,88.0,275.0,2,19,5,2025,0,0,0
2025-05-08,1073367.0,124.0,351.0,3,19,5,2025,0,0,0
2025-05-09,1228994.1,148.0,412.0,4,19,5,2025,0,0,0
2025-05-10,1320861.4,188.0,442.0,5,19,5,2025,1,0,0
2025-05-11,1390118.1,207.0,462.0,6,19,5,2025,1,0,0
2025-05-12,1356195.9,199.0,440.0,0,20,5,2025,0,0,0
2025-05-13,791415.44,107.0,260.0,1,20,5,2025,0,0,0
2025-05-14,418383.94,49.0,138.0,2,20,5,2025,0,0,0
2025-05-15,2480111.8,323.0,708.0,3,20,5,2025,0,0,0
2025-05-16,2651952.8,251.0,661.0,4,20,5,2025,0,0,0
2025-05-17,970163.0,61.0,217.0,5,20,5,2025,1,0,0
2025-05-18,136579.84,18.0,40.0,6,20,5,2025,1,0,0
2025-05-19,234471.58,42.0,71.0,0,21,5,2025,0,0,0
2025-05-20,493698.38,78.0,147.0,1,21,5,2025,0,0,0
2025-05-21,957738.5,94.0,297.0,2,21,5,2025,0,0,0
2025-05-22,1269331.2,147.0,427.0,3,21,5,2025,0,0,0
2025-05-23,1407090.2,178.0,495.0,4,21,5,2025,0,0,0
2025-08-29,1912161.8,231.0,589.0,4,35,8,2025,0,0,0
2025-08-30,2078893.4,253.0,648.0,5,35,8,2025,1,0,0
2025-08-31,955820.06,108.0,280.0,6,35,8,2025,1,0,0
2025-09-01,2030614.1,288.0,688.0,0,36,9,2025,0,0,0
2025-09-02,2141218.2,243.0,732.0,1,36,9,2025,0,0,0
2025-09-03,2045198.8,291.0,687.0,2,36,9,2025,0,0,0
2025-09-04,2189215.8,212.0,707.0,3,36,9,2025,0,0,0
2025-09-05,2208995.2,184.0,705.0,4,36,9,2025,0,0,0
2025-09-06,2097005.0,190.0,684.0,5,36,9,2025,1,0,0
2025-09-07,1967163.2,208.0,645.0,6,36,9,2025,1,0,0
2025-09-08,1802796.0,202.0,575.0,0,37,9,2025,0,0,0
2025-09-09,1140893.9,183.0,339.0,1,37,9,2025,0,0,0
2025-09-10,686524.5,109.0,185.0,2,37,9,2025,0,0,0
2025-09-11,1944751.8,312.0,566.0,3,37,9,2025,0,0,0
2025-09-12,2593924.8,266.0,789.0,4,37,9,2025,0,0,0
2025-09-13,1263363.8,125.0,393.0,5,37,9,2025,1,0,0
2025-09-14,2064033.8,286.0,676.0,6,37,9,2025,1,0,0
2025-09-15,2443930.5,209.0,764.0,0,38,9,2025,0,0,0
2025-09-16,2211557.5,266.0,707.0,1,38,9,2025,0,0,0
2025-09-17,2220014.0,228.0,683.0,2,38,9,2025,0,0,0
2025-09-18,2206434.8,179.0,698.0,3,38,9,2025,0,0,0
2025-09-19,2117420.5,179.0,688.0,4,38,9,2025,0,0,0
2025-09-20,1994776.1,200.0,659.0,5,38,9,2025,1,0,0
2025-09-21,1872198.1,208.0,612.0,6,38,9,2025,1,0,0
